"APPLICATION_ID","DEALER_ID","APP_DATE","REQUESTED_AMOUNT","REQUESTED_TERM","CREDIT_TIER","DECISION"
"APP-66C7A9F43AFD","D1001","2026-03-28",53800,60,"Prime","Approved"
"APP-666463DF1F99","D1001","2026-03-28",47900,72,"Prime","Declined"
"APP-43D7E7496E2D","D1001","2026-03-28",49500,48,"Prime","Booked"
"APP-7264C556B0E0","D1001","2026-03-28",48200,72,"Prime","Approved"
"APP-DCC1ECB46639","D1001","2026-03-28",44900,60,"Prime","Booked"
"APP-FBA7DFAB79D6","D1001","2026-03-29",48800,84,"Prime","Booked"
"APP-935FA3419103","D1001","2026-03-29",37400,84,"Subprime","Declined"
"APP-EDEBD55D163B","D1001","2026-03-29",39100,72,"Prime","Declined"
"APP-5AE0BA5EC972","D1001","2026-03-29",50400,48,"Prime","Approved"
"APP-4951E32068C5","D1001","2026-03-30",55900,72,"Prime","Booked"
"APP-41B361EDD01F","D1001","2026-03-30",45500,48,"Prime","Booked"
"APP-82F432887D3B","D1001","2026-03-30",47700,60,"Near_Prime","Booked"
"APP-C2CC5A49955D","D1001","2026-03-30",36800,48,"Prime","Declined"
"APP-9150960B9015","D1001","2026-03-30",43200,72,"Near_Prime","Approved"
"APP-637F98AF944F","D1001","2026-03-30",47200,72,"Prime","Booked"
"APP-64BC5AAE19D2","D1001","2026-03-30",46800,84,"Prime","Approved"
"APP-F85F83CF252A","D1001","2026-03-30",30900,72,"Prime","Booked"
"APP-B5E24CD0B130","D1001","2026-03-30",52200,84,"Prime","Declined"
"APP-C64F726168CE","D1001","2026-03-31",30800,72,"Subprime","Booked"
"APP-0F57170DABEE","D1001","2026-03-31",51300,60,"Prime","Booked"
"APP-B8874FB1A01F","D1001","2026-03-31",45300,72,"Subprime","Declined"
"APP-333B34422A68","D1001","2026-03-31",42600,84,"Prime","Booked"
"APP-A3460BAC7677","D1001","2026-03-31",41100,72,"Prime","Approved"
"APP-9B8A74E8D955","D1001","2026-03-31",45100,48,"Prime","Declined"
"APP-06D4152CE3A4","D1001","2026-03-31",43500,84,"Subprime","Declined"
"APP-B2F46526BC9C","D1001","2026-03-31",34300,48,"Prime","Declined"
"APP-52CA6D3E1B3D","D1001","2026-03-31",44800,72,"Prime","Booked"
"APP-4A315EC9E5A9","D1001","2026-03-31",44800,72,"Prime","Approved"
"APP-D9D1B22A1B3D","D1001","2026-04-01",35200,72,"Near_Prime","Booked"
"APP-90DE2EC47EB7","D1001","2026-04-01",49600,60,"Prime","Declined"
"APP-42FBBC104115","D1001","2026-04-01",34300,84,"Subprime","Booked"
"APP-E8DB6EFF6E45","D1001","2026-04-01",36000,84,"Subprime","Approved"
"APP-0A7F60A617BE","D1001","2026-04-01",38900,84,"Near_Prime","Declined"
"APP-018CE5FD8808","D1001","2026-04-01",40100,72,"Prime","Declined"
"APP-FF0A00AC1ED7","D1001","2026-04-01",48400,72,"Prime","Booked"
"APP-4E88914CF50E","D1001","2026-04-02",41800,84,"Prime","Declined"
"APP-EFFE9F702077","D1001","2026-04-02",55400,60,"Prime","Declined"
"APP-F4EE26E93759","D1001","2026-04-02",48800,60,"Prime","Booked"
"APP-1B519F985AB4","D1001","2026-04-02",48300,60,"Near_Prime","Approved"
"APP-33847358BF8F","D1001","2026-04-02",32600,84,"Subprime","Booked"
"APP-93066BA1AA56","D1001","2026-04-02",37500,84,"Prime","Booked"
"APP-EB52F3AC86FF","D1001","2026-04-02",32600,72,"Prime","Booked"
"APP-EE4887F9ABA8","D1001","2026-04-02",40800,60,"Prime","Declined"
"APP-0EA91EFAC016","D1001","2026-04-02",43600,72,"Prime","Declined"
"APP-3A2D51726B58","D1001","2026-04-03",47400,84,"Prime","Approved"
"APP-237CB9FBB14F","D1001","2026-04-03",36300,60,"Subprime","Booked"
"APP-F7B843FA52EA","D1001","2026-04-03",39000,72,"Prime","Booked"
"APP-53F13022584F","D1001","2026-04-03",53500,72,"Prime","Booked"
"APP-6C923B41ADE2","D1001","2026-04-03",53600,72,"Prime","Booked"
"APP-8B1760CE1A3B","D1001","2026-04-03",58800,72,"Prime","Booked"
"APP-8B353822E97F","D1001","2026-04-03",42400,60,"Prime","Booked"
"APP-E856E8616D11","D1001","2026-04-03",26900,48,"Prime","Booked"
"APP-93BEC6B7B413","D1001","2026-04-03",43500,84,"Near_Prime","Booked"
"APP-10A35B9E9BB6","D1001","2026-04-03",43100,84,"Prime","Booked"
"APP-A8CA2785056B","D1001","2026-04-03",42700,72,"Prime","Declined"
"APP-C9A28E66BAA7","D1001","2026-04-04",56400,60,"Prime","Booked"
"APP-EE113A9627BD","D1001","2026-04-04",44000,60,"Prime","Booked"
"APP-1FD920E1502F","D1001","2026-04-04",46300,72,"Prime","Booked"
"APP-85E135401F78","D1001","2026-04-04",43700,72,"Near_Prime","Booked"
"APP-968BA8A6B01D","D1001","2026-04-04",41500,72,"Near_Prime","Booked"
"APP-ECAF8B6A1245","D1001","2026-04-04",53300,72,"Prime","Booked"
"APP-BD498AFA5DA2","D1001","2026-04-05",51100,84,"Prime","Booked"
"APP-FC21E7BDAA13","D1001","2026-04-05",42700,72,"Prime","Booked"
"APP-98F2EB016C95","D1001","2026-04-05",50600,48,"Prime","Declined"
"APP-E4EF11E620B3","D1001","2026-04-05",35200,72,"Prime","Booked"
"APP-744D52539FF5","D1001","2026-04-05",57400,60,"Prime","Booked"
"APP-E07CACBC0439","D1001","2026-04-05",56400,60,"Prime","Declined"
"APP-D31D25BB571A","D1001","2026-04-06",52100,60,"Prime","Booked"
"APP-3A9FD350C7DA","D1001","2026-04-06",37700,60,"Subprime","Declined"
"APP-4F98F1C876B3","D1001","2026-04-06",38600,72,"Near_Prime","Declined"
"APP-F41397BFA88E","D1001","2026-04-06",49400,72,"Prime","Declined"
"APP-0D80398ABA05","D1001","2026-04-06",47500,72,"Prime","Declined"
"APP-32B2C57125BE","D1001","2026-04-06",42400,48,"Near_Prime","Booked"
"APP-974FAFA21A9E","D1001","2026-04-06",41400,60,"Prime","Declined"
"APP-E637C51E4E76","D1001","2026-04-06",45400,60,"Prime","Approved"
"APP-DC627025B976","D1001","2026-04-07",45700,60,"Prime","Booked"
"APP-BE9FD86F6E85","D1001","2026-04-07",41300,72,"Prime","Booked"
"APP-03822F49DEB3","D1001","2026-04-07",40400,48,"Prime","Declined"
"APP-2A6C7D5A76D0","D1001","2026-04-07",44100,72,"Subprime","Declined"
"APP-AF3C71D1FB15","D1001","2026-04-07",42800,72,"Prime","Declined"
"APP-A356025CDBF7","D1001","2026-04-07",47800,48,"Prime","Booked"
"APP-FC831B625E5B","D1001","2026-04-07",32300,72,"Near_Prime","Booked"
"APP-20CCE292D6AB","D1001","2026-04-07",34700,72,"Prime","Booked"
"APP-9EDFEB9A2995","D1001","2026-04-07",40900,72,"Subprime","Booked"
"APP-E7A4DE373E55","D1001","2026-04-07",54000,48,"Near_Prime","Declined"
"APP-EC5D684066E3","D1001","2026-04-08",50600,60,"Near_Prime","Approved"
"APP-C2DC9D60FF9A","D1001","2026-04-08",36300,72,"Prime","Booked"
"APP-72A75A2A925F","D1001","2026-04-08",37300,72,"Prime","Booked"
"APP-703531B1B88D","D1001","2026-04-08",41700,84,"Subprime","Approved"
"APP-FC5A8CCC6CE5","D1001","2026-04-08",38000,60,"Prime","Declined"
"APP-25DC1633CE3D","D1001","2026-04-08",51200,72,"Prime","Approved"
"APP-9AEFE6D38D0A","D1001","2026-04-08",41900,72,"Subprime","Booked"
"APP-C1D24D9438E6","D1001","2026-04-08",53800,72,"Prime","Declined"
"APP-72BE06ACEB51","D1001","2026-04-08",36100,60,"Prime","Approved"
"APP-F65E5A28F6E6","D1001","2026-04-08",61800,48,"Near_Prime","Declined"
"APP-CFC869783B8F","D1001","2026-04-08",41900,72,"Near_Prime","Booked"
"APP-67EB0DC09F56","D1001","2026-04-09",29000,84,"Subprime","Booked"
"APP-199AC52E505D","D1001","2026-04-09",37300,60,"Subprime","Booked"
"APP-AF083C9BA20B","D1001","2026-04-09",47300,72,"Prime","Booked"
"APP-31C9E06EBDB2","D1001","2026-04-09",51600,72,"Prime","Approved"
"APP-D874C12C3764","D1001","2026-04-09",40300,60,"Prime","Approved"
"APP-134AD3F9AF2D","D1001","2026-04-09",39400,72,"Prime","Booked"
"APP-FA1E6720325B","D1001","2026-04-09",40900,48,"Prime","Declined"
"APP-18BF1D2CEBEC","D1001","2026-04-09",41600,60,"Prime","Declined"
"APP-49ADB22994B3","D1001","2026-04-09",33200,60,"Near_Prime","Approved"
"APP-0D24DA10E21B","D1001","2026-04-09",40400,84,"Prime","Booked"
"APP-033A41A79E7E","D1001","2026-04-10",41200,72,"Prime","Booked"
"APP-105CBE28BAE4","D1001","2026-04-10",34800,72,"Prime","Booked"
"APP-54F01261E2E4","D1001","2026-04-10",43100,72,"Prime","Booked"
"APP-6A8B8885995D","D1001","2026-04-10",40400,72,"Prime","Booked"
"APP-342613E145E4","D1001","2026-04-10",41600,84,"Subprime","Booked"
"APP-ED90D8C880F7","D1001","2026-04-10",40800,60,"Prime","Declined"
"APP-0785B7D2925A","D1001","2026-04-10",47100,60,"Prime","Booked"
"APP-E04787084FC3","D1001","2026-04-10",36800,72,"Prime","Booked"
"APP-BBF14B5FD0A4","D1001","2026-04-10",42800,84,"Prime","Declined"
"APP-E4C5685C3AE4","D1001","2026-04-11",37000,72,"Subprime","Declined"
"APP-4E925EAF2B5C","D1001","2026-04-11",55800,48,"Prime","Approved"
"APP-8196EE428FFA","D1001","2026-04-11",49900,84,"Prime","Booked"
"APP-40A79954652A","D1001","2026-04-11",35900,48,"Prime","Booked"
"APP-543B53283C0B","D1001","2026-04-11",44100,72,"Prime","Approved"
"APP-205C3366D4A8","D1001","2026-04-11",37700,60,"Prime","Declined"
"APP-D9A46BEA4CC5","D1001","2026-04-12",39500,72,"Near_Prime","Booked"
"APP-FB1ACE83B562","D1001","2026-04-12",46400,60,"Prime","Booked"
"APP-DE386912D61B","D1001","2026-04-12",48700,84,"Prime","Booked"
"APP-B9968DD1D211","D1001","2026-04-12",48000,60,"Prime","Booked"
"APP-D3A6B26B915F","D1001","2026-04-12",42700,72,"Near_Prime","Booked"
"APP-32394D61D777","D1001","2026-04-12",49000,48,"Prime","Booked"
"APP-7D069EE98141","D1001","2026-04-13",36500,48,"Prime","Booked"
"APP-AB103201E512","D1001","2026-04-13",40600,60,"Prime","Booked"
"APP-39DDF8B247CF","D1001","2026-04-13",52800,84,"Near_Prime","Booked"
"APP-276CD171A0DF","D1001","2026-04-13",53900,84,"Prime","Approved"
"APP-66400A48E936","D1001","2026-04-13",38200,72,"Prime","Approved"
"APP-E63AB546C81D","D1001","2026-04-13",51800,60,"Prime","Declined"
"APP-EF10C11125E5","D1001","2026-04-13",38400,84,"Subprime","Declined"
"APP-66E8778FECC2","D1001","2026-04-13",40400,72,"Prime","Booked"
"APP-2DAA812DCAD0","D1001","2026-04-13",51300,84,"Prime","Booked"
"APP-30CA3B4F3DA4","D1001","2026-04-13",56700,72,"Prime","Booked"
"APP-4CF3679F3D56","D1001","2026-04-13",60300,84,"Prime","Booked"
"APP-ED19B8562E03","D1001","2026-04-13",48600,72,"Prime","Declined"
"APP-5269704A1BDA","D1001","2026-04-14",56900,72,"Prime","Declined"
"APP-633A31F5D76F","D1001","2026-04-14",31700,72,"Subprime","Declined"
"APP-60C38E50F695","D1001","2026-04-14",42000,72,"Prime","Booked"
"APP-EEFF634C1B29","D1001","2026-04-14",41500,60,"Near_Prime","Approved"
"APP-45A96E85BA50","D1001","2026-04-14",42200,84,"Prime","Booked"
"APP-513BFF960C0A","D1001","2026-04-14",35700,72,"Subprime","Booked"
"APP-1AA06F023282","D1001","2026-04-14",52300,60,"Prime","Approved"
"APP-5CF8F30C623F","D1001","2026-04-14",40000,60,"Prime","Booked"
"APP-FC3FB907F364","D1001","2026-04-14",43200,72,"Prime","Approved"
"APP-DB3524B04EE6","D1001","2026-04-15",51200,48,"Prime","Booked"
"APP-FFCC275DB9BD","D1001","2026-04-15",49000,72,"Prime","Declined"
"APP-C44537978FE5","D1001","2026-04-15",55800,48,"Prime","Booked"
"APP-7D59E6852DA9","D1001","2026-04-15",48600,72,"Prime","Declined"
"APP-8EC5A0941614","D1001","2026-04-15",47300,60,"Prime","Booked"
"APP-2F161848BFB6","D1001","2026-04-15",53700,72,"Prime","Booked"
"APP-37516413ACFC","D1001","2026-04-15",41900,84,"Prime","Declined"
"APP-32F8F54296CE","D1001","2026-04-15",37300,72,"Prime","Booked"
"APP-C06FB9DD583A","D1001","2026-04-15",38000,72,"Subprime","Booked"
"APP-B3AD920A89F2","D1001","2026-04-15",47000,72,"Subprime","Booked"
"APP-16AF47244FAA","D1001","2026-04-16",37300,60,"Subprime","Booked"
"APP-919B49296E24","D1001","2026-04-16",39400,72,"Prime","Booked"
"APP-B2B75579CB2B","D1001","2026-04-16",36000,72,"Prime","Booked"
"APP-96AF02B53609","D1001","2026-04-16",28500,84,"Prime","Approved"
"APP-340A3C910498","D1001","2026-04-16",32300,60,"Subprime","Declined"
"APP-18F4D40B9360","D1001","2026-04-16",51600,72,"Prime","Booked"
"APP-A243A2C5C7D1","D1001","2026-04-16",38000,60,"Near_Prime","Booked"
"APP-C97F2E4A9661","D1001","2026-04-16",45200,72,"Prime","Approved"
"APP-3C1EF5781CAA","D1001","2026-04-16",47000,84,"Prime","Booked"
"APP-6E1A68F3957F","D1001","2026-04-16",32700,84,"Prime","Booked"
"APP-59E7E30236A4","D1001","2026-04-17",41500,72,"Near_Prime","Declined"
"APP-3BEE935781B0","D1001","2026-04-17",37500,72,"Subprime","Booked"
"APP-B8A0E0AEEF90","D1001","2026-04-17",57300,84,"Prime","Booked"
"APP-D2350BB632E6","D1001","2026-04-17",57300,72,"Prime","Approved"
"APP-6865DEDF88CA","D1001","2026-04-17",46400,84,"Subprime","Booked"
"APP-A37116DBDE79","D1001","2026-04-17",36700,72,"Subprime","Declined"
"APP-F78F6F9DCA1A","D1001","2026-04-17",34500,72,"Subprime","Booked"
"APP-E777855DC819","D1001","2026-04-17",47900,72,"Prime","Booked"
"APP-3C4C56D1F986","D1001","2026-04-17",34600,60,"Prime","Booked"
"APP-A915086FC753","D1001","2026-04-17",54000,72,"Prime","Approved"
"APP-AED5C58F56C1","D1001","2026-04-18",43500,60,"Near_Prime","Booked"
"APP-37B4DFF91EFA","D1001","2026-04-18",35200,60,"Prime","Booked"
"APP-C3941E9905E0","D1001","2026-04-18",43000,72,"Prime","Declined"
"APP-77AC31B0592A","D1001","2026-04-18",38000,84,"Near_Prime","Booked"
"APP-2C4C9D7AD01B","D1001","2026-04-18",43900,72,"Prime","Declined"
"APP-54341D34A2BD","D1001","2026-04-18",30300,60,"Subprime","Booked"
"APP-D6F0AC7589B9","D1001","2026-04-19",35900,72,"Subprime","Booked"
"APP-A7A8CC123957","D1001","2026-04-19",46500,72,"Prime","Booked"
"APP-86BEC6F5495C","D1001","2026-04-19",49200,72,"Prime","Booked"
"APP-FA7759C4BA32","D1001","2026-04-19",44700,84,"Near_Prime","Booked"
"APP-C56529F20380","D1001","2026-04-19",46200,72,"Prime","Declined"
"APP-8EADBCD3C671","D1001","2026-04-20",54700,84,"Near_Prime","Booked"
"APP-D012DD717732","D1001","2026-04-20",43900,72,"Near_Prime","Booked"
"APP-FB3E03729F89","D1001","2026-04-20",48500,48,"Prime","Booked"
"APP-9F22B917F123","D1001","2026-04-20",46100,48,"Prime","Approved"
"APP-FF4C22033C9F","D1001","2026-04-20",57200,60,"Prime","Booked"
"APP-A0AF7BE4B286","D1001","2026-04-20",52100,60,"Near_Prime","Approved"
"APP-6330D9FD2CAF","D1001","2026-04-20",43600,48,"Prime","Booked"
"APP-0BE2CA44558A","D1001","2026-04-20",34300,72,"Prime","Declined"
"APP-D1C49780665F","D1001","2026-04-20",50500,84,"Prime","Approved"
"APP-A13952ABAAE0","D1001","2026-04-21",48200,84,"Prime","Declined"
"APP-C90494A78DBD","D1001","2026-04-21",61600,48,"Prime","Booked"
"APP-66E2B738A606","D1001","2026-04-21",45800,48,"Prime","Booked"
"APP-A3554100CB0B","D1001","2026-04-21",53800,72,"Prime","Booked"
"APP-37429467C273","D1001","2026-04-21",48000,84,"Prime","Booked"
"APP-513A551576C9","D1001","2026-04-21",52300,72,"Prime","Declined"
"APP-5A859D9C18BA","D1001","2026-04-21",50700,84,"Prime","Booked"
"APP-4E035616FA57","D1001","2026-04-21",30700,84,"Subprime","Booked"
"APP-08839FB02311","D1001","2026-04-21",63900,48,"Prime","Booked"
"APP-345A96A441B5","D1001","2026-04-22",52900,72,"Prime","Booked"
"APP-11EFBDB73FC0","D1001","2026-04-22",43900,60,"Prime","Booked"
"APP-DF1A40A56D77","D1001","2026-04-22",49100,60,"Prime","Approved"
"APP-2942587A78F6","D1001","2026-04-22",33700,60,"Prime","Booked"
"APP-20F26B0A4441","D1001","2026-04-22",43500,72,"Prime","Booked"
"APP-E73ED5F33D79","D1001","2026-04-22",35300,60,"Subprime","Approved"
"APP-84F4307B4660","D1001","2026-04-22",38500,60,"Near_Prime","Approved"
"APP-FED3DECE1A42","D1001","2026-04-22",36100,84,"Prime","Booked"
"APP-0D715355B77A","D1001","2026-04-22",56100,72,"Prime","Approved"
"APP-4269B2436F2F","D1001","2026-04-22",50200,72,"Prime","Booked"
"APP-087F41C8C837","D1001","2026-04-23",38100,72,"Subprime","Approved"
"APP-6B1CABD0E13B","D1001","2026-04-23",46100,72,"Prime","Booked"
"APP-A0E71FAF51D8","D1001","2026-04-23",47500,48,"Near_Prime","Approved"
"APP-7F03986E34CD","D1001","2026-04-23",39800,84,"Prime","Booked"
"APP-990BBCB095F1","D1001","2026-04-23",43700,84,"Near_Prime","Declined"
"APP-06598129A75F","D1001","2026-04-23",56000,60,"Prime","Booked"
"APP-D5AF92F7B8F8","D1001","2026-04-23",28000,48,"Subprime","Booked"
"APP-84B865F0E362","D1001","2026-04-24",44100,72,"Prime","Booked"
"APP-14D081255A2D","D1001","2026-04-24",44600,60,"Prime","Booked"
"APP-2CDB6E71F864","D1001","2026-04-24",49400,72,"Near_Prime","Booked"
"APP-BA354D0071BD","D1001","2026-04-24",47700,72,"Near_Prime","Declined"
"APP-84611AFB3973","D1001","2026-04-24",33600,60,"Near_Prime","Approved"
"APP-4E09F408531C","D1001","2026-04-24",37900,84,"Near_Prime","Declined"
"APP-050718FB8D08","D1001","2026-04-24",51400,60,"Prime","Booked"
"APP-EA86AACDF38E","D1001","2026-04-24",49400,84,"Prime","Approved"
"APP-B6194F025965","D1001","2026-04-25",47900,84,"Prime","Booked"
"APP-86E941B4E56F","D1001","2026-04-25",47500,72,"Prime","Booked"
"APP-65153C73E898","D1001","2026-04-25",45400,72,"Prime","Approved"
"APP-2F288C9238D1","D1001","2026-04-25",53200,84,"Prime","Booked"
"APP-EB105769C490","D1001","2026-04-25",34800,48,"Subprime","Declined"
"APP-86EFA3FF1869","D1001","2026-04-26",45200,48,"Prime","Approved"
"APP-345FAD30B6A5","D1001","2026-04-26",35600,84,"Subprime","Declined"
"APP-BC54E13469F4","D1001","2026-04-26",46100,84,"Prime","Booked"
"APP-5BF936B201C5","D1001","2026-04-26",39900,72,"Prime","Declined"
"APP-B596B1E9225A","D1001","2026-04-26",54300,60,"Prime","Booked"
"APP-10B0CEB9D4D7","D1001","2026-04-26",45200,48,"Near_Prime","Declined"
"APP-5A3855DCCFDA","D1001","2026-04-27",30900,72,"Subprime","Approved"
"APP-7738F7DFEA37","D1001","2026-04-27",54500,72,"Prime","Approved"
"APP-41763386D6ED","D1001","2026-04-27",43500,84,"Prime","Declined"
"APP-4E9BCE80EDF1","D1001","2026-04-27",36600,72,"Prime","Declined"
"APP-FEECC9CC3DA9","D1001","2026-04-27",38100,72,"Subprime","Approved"
"APP-F300C0B46163","D1001","2026-04-27",52600,72,"Prime","Approved"
"APP-AC808A295677","D1001","2026-04-27",56200,60,"Prime","Approved"
"APP-8808D1F06666","D1001","2026-04-27",42200,60,"Near_Prime","Booked"
"APP-0B280FCD5848","D1001","2026-04-28",48600,72,"Prime","Approved"
"APP-DB95170D616C","D1001","2026-04-28",52600,60,"Prime","Booked"
"APP-75E1BE5D3EF0","D1001","2026-04-28",36200,72,"Prime","Approved"
"APP-443F39AAE223","D1001","2026-04-28",38300,72,"Subprime","Declined"
"APP-61FD9D8769B7","D1001","2026-04-28",37300,72,"Prime","Booked"
"APP-B3AB673B18DC","D1001","2026-04-28",35200,72,"Subprime","Declined"
"APP-C4EAE996DB02","D1001","2026-04-28",33100,84,"Prime","Declined"
"APP-C3E41CE80659","D1001","2026-04-28",37400,60,"Prime","Approved"
"APP-2EB7D2ACC714","D1001","2026-04-28",40600,60,"Subprime","Booked"
"APP-617770E3ED0D","D1001","2026-04-29",42200,72,"Subprime","Declined"
"APP-6A7D714625CF","D1001","2026-04-29",35000,84,"Prime","Booked"
"APP-526369B66D28","D1001","2026-04-29",46000,72,"Prime","Approved"
"APP-708198377511","D1001","2026-04-29",48600,60,"Prime","Booked"
"APP-495A0D47520C","D1001","2026-04-29",35900,72,"Near_Prime","Booked"
"APP-EB0ADAADF197","D1001","2026-04-29",44500,84,"Prime","Declined"
"APP-A6E734EED780","D1001","2026-04-29",44800,60,"Prime","Booked"
"APP-52BB2ED24CD7","D1001","2026-04-29",38700,48,"Prime","Booked"
"APP-E11D6DD82712","D1001","2026-04-29",40400,84,"Subprime","Approved"
"APP-4FE32FF1405A","D1001","2026-04-29",48500,84,"Prime","Approved"
"APP-B030E53EB246","D1001","2026-04-30",44900,72,"Prime","Approved"
"APP-DC941DC906B6","D1001","2026-04-30",55200,72,"Prime","Booked"
"APP-BE1206C64152","D1001","2026-04-30",50300,48,"Near_Prime","Booked"
"APP-F15DB5C3A813","D1001","2026-04-30",40700,72,"Prime","Declined"
"APP-8D3A9AA2261D","D1001","2026-04-30",51400,72,"Prime","Approved"
"APP-017DDCF7964C","D1001","2026-04-30",38900,60,"Prime","Booked"
"APP-3A2C5284123A","D1001","2026-04-30",37400,72,"Prime","Approved"
"APP-155A4FAE5A27","D1001","2026-04-30",46800,60,"Prime","Approved"
"APP-E74BE30E5E3F","D1001","2026-04-30",34100,48,"Subprime","Booked"
"APP-91E27B6428FD","D1001","2026-04-30",31700,84,"Near_Prime","Booked"
"APP-075A24F9C23F","D1001","2026-05-01",45100,84,"Subprime","Declined"
"APP-B2611940F8A9","D1001","2026-05-01",38500,60,"Prime","Booked"
"APP-EDA75CC76028","D1001","2026-05-01",58700,84,"Prime","Booked"
"APP-A482510046E2","D1001","2026-05-01",31400,60,"Subprime","Approved"
"APP-8AEB306F0464","D1001","2026-05-01",39200,60,"Prime","Booked"
"APP-5297E21BC6F0","D1001","2026-05-01",22900,72,"Prime","Approved"
"APP-A45A3E312E6D","D1001","2026-05-01",42300,60,"Subprime","Approved"
"APP-76F24664CA7C","D1001","2026-05-01",50300,72,"Prime","Approved"
"APP-93CC4235C559","D1001","2026-05-02",37700,84,"Subprime","Booked"
"APP-A87ADBA39874","D1001","2026-05-02",49100,72,"Prime","Declined"
"APP-C98EF5DD28F0","D1001","2026-05-02",39600,60,"Prime","Approved"
"APP-1198B46E15B6","D1001","2026-05-02",53100,72,"Prime","Approved"
"APP-87504849C29D","D1001","2026-05-02",36600,72,"Prime","Booked"
"APP-E96548071E9D","D1001","2026-05-02",42500,84,"Prime","Approved"
"APP-E68A7EF1B3DB","D1001","2026-05-03",42100,60,"Subprime","Approved"
"APP-2994DA69BB98","D1001","2026-05-03",51400,72,"Prime","Booked"
"APP-6B7282CDCCEA","D1001","2026-05-03",29100,72,"Subprime","Booked"
"APP-811B9C33BFA1","D1001","2026-05-03",49300,72,"Prime","Booked"
"APP-1483CDC637CB","D1001","2026-05-03",47100,84,"Prime","Booked"
"APP-E70F3CB3BF5F","D1001","2026-05-04",53000,84,"Prime","Booked"
"APP-5A17374C3EE8","D1001","2026-05-04",43100,60,"Prime","Approved"
"APP-FC147D27FB0D","D1001","2026-05-04",46400,72,"Prime","Booked"
"APP-45A121AC86CC","D1001","2026-05-04",36200,72,"Prime","Approved"
"APP-892BB35D1887","D1001","2026-05-04",45400,48,"Prime","Booked"
"APP-2F2388E87DE5","D1001","2026-05-04",45800,84,"Prime","Declined"
"APP-9B2229D3DF46","D1001","2026-05-04",57000,84,"Prime","Booked"
"APP-FE2E0CFE7FFE","D1001","2026-05-04",34300,72,"Near_Prime","Declined"
"APP-BBE3767E732E","D1001","2026-05-04",33000,72,"Prime","Approved"
"APP-12C00D81790F","D1001","2026-05-04",59800,72,"Prime","Booked"
"APP-890CE2BDBF9D","D1001","2026-05-04",44800,48,"Prime","Approved"
"APP-C298F201BDA4","D1001","2026-05-05",51000,48,"Prime","Booked"
"APP-2AE1355E23F7","D1001","2026-05-05",50200,60,"Prime","Approved"
"APP-2CA36B240CCC","D1001","2026-05-05",37500,72,"Subprime","Booked"
"APP-3F435C40E5CB","D1001","2026-05-05",34200,60,"Prime","Booked"
"APP-3D9D9E249826","D1001","2026-05-05",45200,84,"Prime","Declined"
"APP-79BCB0263A45","D1001","2026-05-05",51500,60,"Prime","Booked"
"APP-E8BC914BD8B8","D1001","2026-05-05",52600,72,"Prime","Approved"
"APP-3BD2761170BB","D1001","2026-05-05",43900,48,"Prime","Booked"
"APP-1C4F78143D8A","D1001","2026-05-05",28800,84,"Subprime","Declined"
"APP-6DE00F45FD9D","D1001","2026-05-05",31700,72,"Subprime","Approved"
"APP-B3DF80E12136","D1001","2026-05-06",47400,60,"Prime","Declined"
"APP-FEE1A8D115BD","D1001","2026-05-06",28200,72,"Subprime","Declined"
"APP-E6F2EDC8DC91","D1001","2026-05-06",40900,48,"Prime","Booked"
"APP-3DEAB7A21AD6","D1001","2026-05-06",37200,72,"Near_Prime","Approved"
"APP-BAED9E9395F8","D1001","2026-05-06",41800,60,"Prime","Booked"
"APP-3AEA07E3F1EB","D1001","2026-05-06",50100,60,"Prime","Booked"
"APP-03B9FA4BF9A5","D1001","2026-05-06",59400,60,"Prime","Declined"
"APP-5A9C8C736775","D1001","2026-05-06",49300,72,"Near_Prime","Booked"
"APP-083A7520D3E1","D1001","2026-05-06",49000,84,"Prime","Booked"
"APP-3A69DA2E232A","D1001","2026-05-07",42000,48,"Prime","Booked"
"APP-F37C850AAB42","D1001","2026-05-07",47400,84,"Prime","Booked"
"APP-C9FA81A4FDD8","D1001","2026-05-07",48300,72,"Near_Prime","Booked"
"APP-2B39D1B259F0","D1001","2026-05-07",42900,84,"Prime","Booked"
"APP-C94B20DC6083","D1001","2026-05-07",43600,72,"Subprime","Approved"
"APP-53BD83AEBF7B","D1001","2026-05-07",38800,60,"Prime","Booked"
"APP-76A350473CF5","D1001","2026-05-07",43200,60,"Prime","Booked"
"APP-881316539DA6","D1001","2026-05-07",37600,72,"Subprime","Declined"
"APP-C6CA023DF9A2","D1001","2026-05-07",51100,84,"Prime","Booked"
"APP-0B4A75E92E11","D1001","2026-05-07",52400,72,"Prime","Booked"
"APP-E6EE3D530912","D1001","2026-05-08",51300,84,"Near_Prime","Declined"
"APP-11ACA4327617","D1001","2026-05-08",55500,84,"Prime","Declined"
"APP-8B86C3B1C235","D1001","2026-05-08",38100,72,"Prime","Approved"
"APP-CB79A597A6FB","D1001","2026-05-08",49300,84,"Prime","Declined"
"APP-186311CA6A93","D1001","2026-05-08",53200,48,"Prime","Booked"
"APP-EE2841DA14F9","D1001","2026-05-08",51600,60,"Prime","Declined"
"APP-181E9F21C4FF","D1001","2026-05-08",60700,72,"Prime","Booked"
"APP-F400B5DDA7BD","D1001","2026-05-08",34500,60,"Near_Prime","Approved"
"APP-54AB599AF3B8","D1001","2026-05-09",53300,60,"Prime","Declined"
"APP-D45A12E9CF8E","D1001","2026-05-09",56400,72,"Prime","Approved"
"APP-EC4AC9B296EB","D1001","2026-05-09",39300,60,"Prime","Booked"
"APP-51293AF6F13A","D1001","2026-05-09",55500,84,"Prime","Approved"
"APP-5E312EB9E6D4","D1001","2026-05-09",46000,48,"Prime","Booked"
"APP-EF248DF310B5","D1001","2026-05-09",32600,60,"Subprime","Declined"
"APP-2805E79F617B","D1001","2026-05-10",40700,60,"Prime","Booked"
"APP-EC4FE36DAAEE","D1001","2026-05-10",47800,84,"Prime","Booked"
"APP-208CE9FC4F22","D1001","2026-05-10",54400,60,"Prime","Booked"
"APP-FD82E93A2900","D1001","2026-05-10",43900,72,"Near_Prime","Approved"
"APP-F8D477FBC631","D1001","2026-05-10",27700,72,"Subprime","Booked"
"APP-37C0F37DA486","D1001","2026-05-11",38000,60,"Prime","Booked"
"APP-835228FF30F6","D1001","2026-05-11",54000,84,"Prime","Booked"
"APP-7FF32DC7C19D","D1001","2026-05-11",51800,84,"Prime","Booked"
"APP-23535571BA63","D1001","2026-05-11",48700,48,"Prime","Booked"
"APP-DB786F45530F","D1001","2026-05-11",37900,84,"Prime","Declined"
"APP-1D645A113305","D1001","2026-05-11",47700,84,"Prime","Booked"
"APP-EC465C00F790","D1001","2026-05-11",59200,72,"Prime","Booked"
"APP-F809409A93FC","D1001","2026-05-11",40300,72,"Prime","Approved"
"APP-037CF652EACA","D1001","2026-05-11",38900,84,"Prime","Declined"
"APP-F4721F96E64B","D1001","2026-05-12",58600,72,"Prime","Booked"
"APP-981B708E8C89","D1001","2026-05-12",35700,72,"Prime","Booked"
"APP-C22584F7B578","D1001","2026-05-12",43600,84,"Subprime","Approved"
"APP-1AA3792D9A56","D1001","2026-05-12",56000,72,"Prime","Approved"
"APP-34BCD55F9842","D1001","2026-05-12",36900,72,"Subprime","Booked"
"APP-76299B67C6A8","D1001","2026-05-12",46700,72,"Prime","Booked"
"APP-B322724F8B57","D1001","2026-05-12",43900,48,"Prime","Declined"
"APP-D3E4FDC2C4BD","D1001","2026-05-12",42500,48,"Prime","Booked"
"APP-DFC511AAF653","D1001","2026-05-13",58400,84,"Prime","Booked"
"APP-F71F1D94B06A","D1001","2026-05-13",53200,84,"Prime","Booked"
"APP-E4D7C2EA05A9","D1001","2026-05-13",52300,84,"Near_Prime","Declined"
"APP-1BF4FFA0985E","D1001","2026-05-13",40900,84,"Prime","Declined"
"APP-70316CF9E6DA","D1001","2026-05-13",46500,84,"Subprime","Approved"
"APP-A7A003EB941E","D1001","2026-05-13",43900,72,"Near_Prime","Booked"
"APP-B82AC9E97FCC","D1001","2026-05-13",36700,72,"Subprime","Approved"
"APP-2530D6DEF7BB","D1001","2026-05-13",40100,84,"Prime","Declined"
"APP-25332F1C6BC0","D1001","2026-05-13",35600,60,"Prime","Booked"
"APP-A748E1DCF951","D1001","2026-05-13",31800,72,"Prime","Declined"
"APP-E0AFFD69C742","D1001","2026-05-14",42700,84,"Near_Prime","Declined"
"APP-2D4EFC8B0A2E","D1001","2026-05-14",39700,72,"Near_Prime","Declined"
"APP-260BAC98FC68","D1001","2026-05-14",36700,60,"Prime","Declined"
"APP-89E30891D9D1","D1001","2026-05-14",42300,84,"Subprime","Approved"
"APP-6AC9556326F2","D1001","2026-05-14",45100,72,"Prime","Approved"
"APP-74BC08BC0940","D1001","2026-05-14",39700,72,"Near_Prime","Booked"
"APP-86F8A5AB8C64","D1001","2026-05-14",31900,72,"Prime","Declined"
"APP-9BA10FAA8579","D1001","2026-05-14",41700,60,"Prime","Booked"
"APP-249030345396","D1001","2026-05-14",33100,48,"Prime","Declined"
"APP-5C319FC828B1","D1001","2026-05-14",42500,84,"Prime","Booked"
"APP-2AEA57F8241C","D1001","2026-05-14",37700,72,"Near_Prime","Booked"
"APP-F831B92DB90D","D1001","2026-05-15",52800,72,"Prime","Approved"
"APP-EC9C0552248C","D1001","2026-05-15",39100,84,"Prime","Booked"
"APP-3FF1B545DB6C","D1001","2026-05-15",48000,72,"Prime","Booked"
"APP-FA8B274DD00B","D1001","2026-05-15",51600,84,"Prime","Booked"
"APP-DA7D7A4EA9B7","D1001","2026-05-15",52400,60,"Prime","Booked"
"APP-D161D95A28B7","D1001","2026-05-15",46100,84,"Prime","Booked"
"APP-6E3BE6AF289C","D1001","2026-05-15",51400,84,"Prime","Booked"
"APP-23FF284B2CD2","D1001","2026-05-15",50100,60,"Prime","Approved"
"APP-375D90D32692","D1001","2026-05-15",27500,72,"Prime","Booked"
"APP-7E7204746CF9","D1001","2026-05-15",37000,60,"Prime","Declined"
"APP-8D6BDB04A3C8","D1001","2026-05-15",44800,72,"Prime","Booked"
"APP-CC60EE37258F","D1001","2026-05-16",49000,84,"Prime","Booked"
"APP-6C20D61CE560","D1001","2026-05-16",46300,72,"Prime","Booked"
"APP-FC38ABFEFA9F","D1001","2026-05-16",41300,60,"Near_Prime","Declined"
"APP-99E0EA2517F6","D1001","2026-05-16",48600,84,"Prime","Booked"
"APP-C44A156648B1","D1001","2026-05-17",39300,72,"Near_Prime","Booked"
"APP-A292C1E2A957","D1001","2026-05-17",53600,84,"Near_Prime","Booked"
"APP-5CF8E8C2C0FB","D1001","2026-05-17",43000,60,"Near_Prime","Approved"
"APP-A76EEED257FB","D1001","2026-05-17",58600,72,"Prime","Approved"
"APP-709F9134760D","D1001","2026-05-17",49700,84,"Near_Prime","Booked"
"APP-C615A34DFBEA","D1001","2026-05-18",45700,72,"Near_Prime","Declined"
"APP-F6A9C7CBEC40","D1001","2026-05-18",33100,84,"Near_Prime","Approved"
"APP-90C63983CD2A","D1001","2026-05-18",47200,60,"Prime","Declined"
"APP-CF6DF6B82339","D1001","2026-05-18",47400,60,"Prime","Booked"
"APP-665D54ADBEB0","D1001","2026-05-18",40000,72,"Subprime","Booked"
"APP-82C76F36393F","D1001","2026-05-18",40500,60,"Prime","Booked"
"APP-DDDE46C9ABD8","D1001","2026-05-18",48600,72,"Prime","Booked"
"APP-C4484AB0981A","D1001","2026-05-18",59600,84,"Prime","Booked"
"APP-0A94F7E8CB4D","D1001","2026-05-18",51800,48,"Prime","Declined"
"APP-AA21BF5F6E84","D1001","2026-05-18",38700,72,"Subprime","Booked"
"APP-4DAAAA0567BD","D1001","2026-05-18",49700,60,"Near_Prime","Booked"
"APP-7A66691A2271","D1001","2026-05-19",44100,72,"Prime","Booked"
"APP-15040FF072B5","D1001","2026-05-19",44600,72,"Prime","Booked"
"APP-5920B6D07DCC","D1001","2026-05-19",46200,60,"Near_Prime","Declined"
"APP-FD016D6B76A7","D1001","2026-05-19",44000,60,"Prime","Booked"
"APP-1674077FFE88","D1001","2026-05-19",38600,72,"Prime","Approved"
"APP-B8E46802D062","D1001","2026-05-19",35100,48,"Prime","Declined"
"APP-EED971DEF6DD","D1001","2026-05-19",34100,72,"Subprime","Booked"
"APP-97425EFA2813","D1001","2026-05-19",56500,60,"Prime","Approved"
"APP-CA501ED4F275","D1001","2026-05-20",45000,72,"Prime","Declined"
"APP-8D287A1A251D","D1001","2026-05-20",32200,72,"Subprime","Booked"
"APP-7BE1B36042BB","D1001","2026-05-20",41200,60,"Prime","Booked"
"APP-89670B253BF1","D1001","2026-05-20",42800,60,"Prime","Booked"
"APP-A6A403380721","D1001","2026-05-20",48500,72,"Near_Prime","Booked"
"APP-6BB73227F022","D1001","2026-05-20",50200,84,"Prime","Approved"
"APP-7E6C9A578FA0","D1001","2026-05-20",33900,84,"Subprime","Booked"
"APP-A242A6B3A9D5","D1001","2026-05-20",39600,60,"Prime","Booked"
"APP-9E9751F4475D","D1001","2026-05-20",56100,72,"Near_Prime","Declined"
"APP-0C0D167D61A0","D1001","2026-05-21",46100,72,"Subprime","Declined"
"APP-3EB560DCAE64","D1001","2026-05-21",38100,84,"Prime","Booked"
"APP-C1B4AD1EE86B","D1001","2026-05-21",59300,60,"Prime","Booked"
"APP-012FF511209A","D1001","2026-05-21",36700,84,"Near_Prime","Booked"
"APP-4CE46BF03F57","D1001","2026-05-21",41900,72,"Subprime","Declined"
"APP-64B3B69ED7A2","D1001","2026-05-21",40500,72,"Prime","Approved"
"APP-F1E043EE75F4","D1001","2026-05-21",37600,60,"Near_Prime","Booked"
"APP-CE0F1ED12F21","D1001","2026-05-21",35900,72,"Subprime","Declined"
"APP-C0E111FF8C92","D1001","2026-05-21",43800,84,"Prime","Booked"
"APP-A06BE52439E5","D1001","2026-05-21",39600,72,"Prime","Declined"
"APP-A80C632DD407","D1001","2026-05-21",42000,84,"Near_Prime","Declined"
"APP-AF61344AA005","D1001","2026-05-22",47700,72,"Prime","Booked"
"APP-8BBA593180D9","D1001","2026-05-22",45300,72,"Prime","Declined"
"APP-F878BF6032A5","D1001","2026-05-22",47700,84,"Prime","Booked"
"APP-C172ED5D65B6","D1001","2026-05-22",32400,72,"Prime","Approved"
"APP-BE77068E92AB","D1001","2026-05-22",48500,84,"Prime","Booked"
"APP-D84F59D0D40F","D1001","2026-05-22",27600,72,"Prime","Approved"
"APP-D25F5FE6D490","D1001","2026-05-22",43100,72,"Prime","Declined"
"APP-C976C347C0A7","D1001","2026-05-22",37600,72,"Prime","Booked"
"APP-BAD32D1A65FD","D1001","2026-05-23",33300,72,"Prime","Booked"
"APP-3B74AFEDD468","D1001","2026-05-23",51800,60,"Prime","Declined"
"APP-CD535DC473BD","D1001","2026-05-23",43700,48,"Prime","Approved"
"APP-13A72E576BC0","D1001","2026-05-23",40000,84,"Prime","Booked"
"APP-338A6478A191","D1001","2026-05-23",55700,48,"Prime","Approved"
"APP-BF4A00A49CD1","D1001","2026-05-23",32300,72,"Subprime","Booked"
"APP-74823ED4AE74","D1001","2026-05-24",40400,60,"Near_Prime","Booked"
"APP-2BBD9AD7C029","D1001","2026-05-24",44700,72,"Prime","Declined"
"APP-FEDCCB163C05","D1001","2026-05-24",34800,60,"Subprime","Booked"
"APP-7A6930C4552D","D1001","2026-05-24",43800,72,"Prime","Booked"
"APP-D56442942258","D1001","2026-05-25",42600,72,"Near_Prime","Declined"
"APP-BF18D8CAC251","D1001","2026-05-25",45500,72,"Prime","Booked"
"APP-536A3B53FD10","D1001","2026-05-25",54800,72,"Prime","Booked"
"APP-7CC3F0222653","D1001","2026-05-25",36800,60,"Near_Prime","Booked"
"APP-A2D8547DFBDB","D1001","2026-05-25",37600,72,"Prime","Approved"
"APP-D54A816A65A2","D1001","2026-05-25",39500,72,"Subprime","Approved"
"APP-B6630ACF8131","D1001","2026-05-25",41200,72,"Prime","Declined"
"APP-DC0E232B92B8","D1001","2026-05-25",33700,84,"Near_Prime","Declined"
"APP-1E444FBF1D8C","D1001","2026-05-25",41100,72,"Near_Prime","Booked"
"APP-4C0FEC9C47F8","D1001","2026-05-25",49000,84,"Prime","Booked"
"APP-CCB30993DA9C","D1001","2026-05-25",37000,72,"Subprime","Approved"
"APP-A9DAB9CB9466","D1001","2026-05-26",33500,72,"Subprime","Declined"
"APP-330453FE83A1","D1001","2026-05-26",39400,72,"Subprime","Booked"
"APP-9E1DCE8585AB","D1001","2026-05-26",23000,72,"Subprime","Booked"
"APP-FD151FE7E2BD","D1001","2026-05-26",51100,84,"Prime","Booked"
"APP-DC9203C8706C","D1001","2026-05-26",43300,60,"Prime","Booked"
"APP-0EF0E33EC3FA","D1001","2026-05-26",31100,72,"Prime","Declined"
"APP-BE16FE668EC9","D1001","2026-05-26",38800,48,"Subprime","Declined"
"APP-42D955307D31","D1001","2026-05-26",48000,60,"Near_Prime","Booked"
"APP-C818B65E4BB0","D1001","2026-05-26",55700,72,"Prime","Approved"
"APP-A2339ECF881B","D1001","2026-05-27",42800,60,"Near_Prime","Booked"
"APP-D9BD302671F4","D1001","2026-05-27",35700,84,"Prime","Booked"
"APP-420A7925CBB3","D1001","2026-05-27",34200,72,"Subprime","Declined"
"APP-5001F48278C3","D1001","2026-05-27",39200,84,"Subprime","Booked"
"APP-C168692D9F2E","D1001","2026-05-27",35600,72,"Prime","Approved"
"APP-074095D2A9F8","D1001","2026-05-27",38800,72,"Near_Prime","Declined"
"APP-66289601E37D","D1001","2026-05-27",48000,72,"Prime","Booked"
"APP-5E3520B82573","D1001","2026-05-27",34500,72,"Prime","Booked"
"APP-C90D8F9ED306","D1001","2026-05-27",37400,84,"Prime","Booked"
"APP-B32B40BA1D9D","D1001","2026-05-28",40700,84,"Prime","Booked"
"APP-0F6618E37540","D1001","2026-05-28",38100,60,"Prime","Booked"
"APP-EEF8A5787D6E","D1001","2026-05-28",45100,60,"Prime","Booked"
"APP-71D5FA0240F7","D1001","2026-05-28",54300,72,"Prime","Booked"
"APP-BE1AEDC78952","D1001","2026-05-28",48000,60,"Prime","Booked"
"APP-93172F2F29A1","D1001","2026-05-28",50500,48,"Prime","Booked"
"APP-ECCB6BA99053","D1001","2026-05-28",48500,72,"Prime","Booked"
"APP-CE4F15B5C7C3","D1001","2026-05-28",44000,60,"Prime","Declined"
"APP-8DE1EDB8D33F","D1001","2026-05-29",36600,60,"Prime","Booked"
"APP-15244B6A9611","D1001","2026-05-29",39900,60,"Prime","Approved"
"APP-21574A5D21EA","D1001","2026-05-29",31600,60,"Near_Prime","Approved"
"APP-6D002FFAF71C","D1001","2026-05-29",46400,48,"Prime","Booked"
"APP-EBA41AABF1AA","D1001","2026-05-29",39600,84,"Prime","Declined"
"APP-D25E50304231","D1001","2026-05-29",45500,84,"Near_Prime","Declined"
"APP-B1B266C5F018","D1001","2026-05-29",33500,72,"Near_Prime","Booked"
"APP-00513D784A0D","D1001","2026-05-29",36200,60,"Subprime","Booked"
"APP-66C82934C53E","D1001","2026-05-29",42500,84,"Prime","Approved"
"APP-C719924EFDAB","D1001","2026-05-29",49300,60,"Prime","Declined"
"APP-CCC3F1D4B1A0","D1001","2026-05-29",46500,72,"Prime","Booked"
"APP-2D7B08A181B4","D1001","2026-05-30",35800,60,"Prime","Booked"
"APP-EF5346DC8A3E","D1001","2026-05-30",51300,72,"Prime","Declined"
"APP-D2461179AC7D","D1001","2026-05-30",43900,72,"Prime","Booked"
"APP-A8EDD14B8042","D1001","2026-05-30",45500,84,"Prime","Declined"
"APP-900B5CA782BE","D1001","2026-05-30",53300,60,"Prime","Declined"
"APP-294CEAE97824","D1001","2026-05-31",44900,72,"Near_Prime","Booked"
"APP-3A847FDDE4C2","D1001","2026-05-31",35300,60,"Prime","Booked"
"APP-EFC4313D5689","D1001","2026-05-31",44200,72,"Prime","Booked"
"APP-DB7C15A759F6","D1001","2026-05-31",44000,72,"Prime","Declined"
"APP-EF29261814BF","D1001","2026-05-31",47200,60,"Prime","Booked"
"APP-2A75405CAD1B","D1001","2026-05-31",40100,84,"Prime","Booked"
"APP-3E49340B9535","D1001","2026-06-01",41300,84,"Near_Prime","Booked"
"APP-392EBD10A906","D1001","2026-06-01",44400,84,"Prime","Declined"
"APP-BE89C6948624","D1001","2026-06-01",40600,48,"Subprime","Booked"
"APP-434EB2DB4E51","D1001","2026-06-01",43300,60,"Prime","Declined"
"APP-67F96AE7D99F","D1001","2026-06-01",42200,72,"Prime","Declined"
"APP-92F19B64EE79","D1001","2026-06-01",45500,72,"Prime","Declined"
"APP-F5655EDF639D","D1001","2026-06-01",40600,60,"Prime","Approved"
"APP-E253AC7127C3","D1001","2026-06-01",36800,48,"Subprime","Booked"
"APP-984323460C0A","D1001","2026-06-01",43000,72,"Prime","Booked"
"APP-B9E79E644DA5","D1001","2026-06-01",37500,72,"Subprime","Declined"
"APP-11DE2652B269","D1001","2026-06-01",35800,60,"Prime","Declined"
"APP-D32429380A37","D1001","2026-06-02",44800,84,"Near_Prime","Booked"
"APP-0DDC536C0AC9","D1001","2026-06-02",49300,72,"Subprime","Booked"
"APP-7146AD35973A","D1001","2026-06-02",63300,48,"Prime","Approved"
"APP-BB3F1270FD77","D1001","2026-06-02",47000,72,"Prime","Declined"
"APP-648333DFD117","D1001","2026-06-02",36400,60,"Prime","Booked"
"APP-2B44BE0F1E6D","D1001","2026-06-02",48600,84,"Prime","Approved"
"APP-B09D567C960C","D1001","2026-06-02",37300,60,"Subprime","Booked"
"APP-14FD5189B512","D1001","2026-06-02",47100,84,"Prime","Declined"
"APP-F92E1101523D","D1001","2026-06-02",34600,60,"Subprime","Approved"
"APP-EEF3FD12C3A7","D1001","2026-06-02",37800,60,"Subprime","Approved"
"APP-60CDE4FE6FA5","D1001","2026-06-02",45100,84,"Prime","Booked"
"APP-5615F5AE0CD2","D1001","2026-06-02",38900,72,"Prime","Approved"
"APP-374D03E620EA","D1001","2026-06-03",43000,84,"Near_Prime","Approved"
"APP-D9BC6C6DE902","D1001","2026-06-03",46600,48,"Prime","Declined"
"APP-EEF757CED9E1","D1001","2026-06-03",55600,60,"Near_Prime","Booked"
"APP-B24D9EAD9BC6","D1001","2026-06-03",43900,72,"Prime","Approved"
"APP-A9CE842CAF6E","D1001","2026-06-03",32100,60,"Subprime","Booked"
"APP-774C75B2632F","D1001","2026-06-03",38200,72,"Prime","Declined"
"APP-D3C5E7770197","D1001","2026-06-03",44700,84,"Prime","Booked"
"APP-239532E1B3FE","D1001","2026-06-03",47300,60,"Prime","Approved"
"APP-9312C9D4CF3F","D1001","2026-06-04",43900,84,"Prime","Declined"
"APP-FB15E5CE068A","D1001","2026-06-04",51600,72,"Prime","Approved"
"APP-B14B8AA8D539","D1001","2026-06-04",41300,72,"Subprime","Booked"
"APP-D10DEA031488","D1001","2026-06-04",53400,48,"Prime","Approved"
"APP-EAAC2ADF339F","D1001","2026-06-04",43300,72,"Near_Prime","Approved"
"APP-72BF4909414F","D1001","2026-06-04",43000,72,"Prime","Booked"
"APP-890F410EE48F","D1001","2026-06-04",38100,72,"Prime","Approved"
"APP-0F1DD8003E60","D1001","2026-06-04",50800,60,"Subprime","Booked"
"APP-43CF6EE209B1","D1001","2026-06-04",48200,60,"Near_Prime","Booked"
"APP-3B466CD784BB","D1001","2026-06-04",37300,48,"Prime","Approved"
"APP-A34B9DF86466","D1001","2026-06-05",42300,84,"Prime","Approved"
"APP-3AA14E90805F","D1001","2026-06-05",38700,72,"Prime","Declined"
"APP-6CF7F1CC24AB","D1001","2026-06-05",39200,84,"Prime","Approved"
"APP-B7C3C0508F98","D1001","2026-06-05",49400,84,"Prime","Booked"
"APP-2F106910570A","D1001","2026-06-05",36600,60,"Subprime","Approved"
"APP-FA9ED9BA4AC2","D1001","2026-06-05",32600,48,"Near_Prime","Booked"
"APP-20F1CB9409CE","D1001","2026-06-05",47500,60,"Prime","Booked"
"APP-F81B3A33CA06","D1001","2026-06-05",31500,60,"Subprime","Booked"
"APP-EECAE2CFCA3D","D1001","2026-06-05",39800,72,"Subprime","Approved"
"APP-430CC99E9485","D1001","2026-06-06",46900,72,"Prime","Declined"
"APP-1B7008BB036C","D1001","2026-06-06",44400,72,"Prime","Booked"
"APP-F416B830505B","D1001","2026-06-06",36800,48,"Prime","Booked"
"APP-B87ADAEFF36F","D1001","2026-06-06",49800,72,"Prime","Declined"
"APP-C2C985019FF3","D1001","2026-06-06",45700,72,"Subprime","Approved"
"APP-53E1E505360F","D1001","2026-06-07",46700,72,"Prime","Declined"
"APP-4151C9D82A38","D1001","2026-06-07",48800,72,"Prime","Approved"
"APP-3FF240FFCE85","D1001","2026-06-07",40300,60,"Near_Prime","Booked"
"APP-712F896AC309","D1001","2026-06-07",41600,72,"Prime","Approved"
"APP-DA4EC546222E","D1001","2026-06-07",35700,72,"Prime","Booked"
"APP-5E751AE558E2","D1001","2026-06-07",33700,84,"Prime","Booked"
"APP-F54B53D30550","D1001","2026-06-08",34900,72,"Prime","Booked"
"APP-A1E7E55E6768","D1001","2026-06-08",42300,84,"Prime","Approved"
"APP-9495A97A5A14","D1001","2026-06-08",52900,72,"Prime","Booked"
"APP-0AA336D16E63","D1001","2026-06-08",48200,72,"Prime","Booked"
"APP-41A6B7B72593","D1001","2026-06-08",44600,48,"Prime","Booked"
"APP-4A20086DBC78","D1001","2026-06-08",57200,60,"Prime","Approved"
"APP-D90C86D9FCA7","D1001","2026-06-08",43200,84,"Prime","Approved"
"APP-F39AC389B3E6","D1001","2026-06-08",50900,84,"Prime","Booked"
"APP-CD82E0724C6F","D1001","2026-06-08",57100,84,"Prime","Declined"
"APP-EF4355D00BA3","D1001","2026-06-08",53100,84,"Prime","Booked"
"APP-FF31E2779FF3","D1001","2026-06-09",37300,60,"Near_Prime","Booked"
"APP-A5049F547679","D1001","2026-06-09",42800,84,"Near_Prime","Booked"
"APP-7AF55AC73C19","D1001","2026-06-09",44000,60,"Prime","Booked"
"APP-FBED2C997B35","D1001","2026-06-09",47100,72,"Near_Prime","Approved"
"APP-806095FF76AC","D1001","2026-06-09",42400,84,"Prime","Declined"
"APP-06DB275C405F","D1001","2026-06-09",36200,84,"Prime","Declined"
"APP-2E9F49A94C1F","D1001","2026-06-09",48200,60,"Prime","Approved"
"APP-CD0C05B9C810","D1001","2026-06-09",27000,72,"Prime","Approved"
"APP-914E6D7C88F7","D1001","2026-06-09",47200,72,"Prime","Approved"
"APP-C30DDF0FF680","D1001","2026-06-09",46700,72,"Prime","Approved"
"APP-6225074941AF","D1001","2026-06-09",49400,84,"Prime","Booked"
"APP-1DED3A835F06","D1001","2026-06-10",48300,72,"Prime","Declined"
"APP-85BD95AA62B9","D1001","2026-06-10",43400,48,"Prime","Booked"
"APP-D5ABA1947808","D1001","2026-06-10",34600,48,"Prime","Approved"
"APP-D352119CBF11","D1001","2026-06-10",42000,72,"Prime","Declined"
"APP-F01C06D3AA08","D1001","2026-06-10",37100,72,"Subprime","Booked"
"APP-2940B2AC86EA","D1001","2026-06-10",45300,60,"Prime","Booked"
"APP-44D67138AD93","D1001","2026-06-10",42700,60,"Prime","Declined"
"APP-B5BC9A7D9544","D1001","2026-06-10",55800,48,"Prime","Booked"
"APP-6640DD3AD026","D1001","2026-06-10",42500,60,"Prime","Booked"
"APP-0BE4C03456B7","D1001","2026-06-11",41200,48,"Subprime","Booked"
"APP-51A85D03857A","D1001","2026-06-11",45600,72,"Near_Prime","Approved"
"APP-4ABEC75E8462","D1001","2026-06-11",43400,48,"Prime","Booked"
"APP-D1ABD0794438","D1001","2026-06-11",45500,60,"Near_Prime","Approved"
"APP-1065CDFD9F6B","D1001","2026-06-11",45400,84,"Subprime","Declined"
"APP-5E146FD47809","D1001","2026-06-11",43000,72,"Prime","Booked"
"APP-7FE64CB7F046","D1001","2026-06-11",51400,72,"Prime","Declined"
"APP-11E3D70042C3","D1001","2026-06-11",37500,48,"Subprime","Declined"
"APP-B71B28A2B7FC","D1001","2026-06-11",30400,72,"Prime","Booked"
"APP-644500E0D15C","D1001","2026-06-12",44100,84,"Prime","Approved"
"APP-5DAD78EC609A","D1001","2026-06-12",35700,48,"Prime","Booked"
"APP-2A23E37CC101","D1001","2026-06-12",47600,72,"Prime","Declined"
"APP-B97452078FB3","D1001","2026-06-12",54000,84,"Near_Prime","Booked"
"APP-EA98CA934CEE","D1001","2026-06-12",43200,48,"Prime","Booked"
"APP-FBC8E178818D","D1001","2026-06-12",45900,60,"Prime","Approved"
"APP-493FD1152467","D1001","2026-06-12",43500,72,"Prime","Approved"
"APP-00E73FE6E547","D1001","2026-06-12",43600,72,"Prime","Booked"
"APP-E796CB3B0781","D1001","2026-06-12",41200,48,"Prime","Booked"
"APP-068D0089574B","D1001","2026-06-13",36800,72,"Subprime","Declined"
"APP-CEE3870C45D4","D1001","2026-06-13",37300,84,"Prime","Booked"
"APP-7F43B5EF3885","D1001","2026-06-13",33800,72,"Subprime","Declined"
"APP-7B1FDBF6047E","D1001","2026-06-13",47700,84,"Prime","Approved"
"APP-CB76668EABEC","D1001","2026-06-13",35200,84,"Prime","Declined"
"APP-2E183E9F2B2D","D1001","2026-06-14",34000,84,"Prime","Declined"
"APP-033676795873","D1001","2026-06-14",55400,72,"Prime","Declined"
"APP-5AF2E1AC80C3","D1001","2026-06-14",51400,84,"Prime","Booked"
"APP-6D877AFDF3E4","D1001","2026-06-14",44800,84,"Prime","Booked"
"APP-9C526B602D55","D1001","2026-06-14",53300,60,"Near_Prime","Approved"
"APP-0E751CA47922","D1001","2026-06-15",47300,72,"Prime","Booked"
"APP-F3CF8C48D473","D1001","2026-06-15",42800,72,"Prime","Booked"
"APP-AE460E6AC3DF","D1001","2026-06-15",38500,72,"Prime","Declined"
"APP-6E622673BAA8","D1001","2026-06-15",41600,48,"Prime","Approved"
"APP-97CB53504591","D1001","2026-06-15",35900,72,"Near_Prime","Declined"
"APP-295CCB1CF911","D1001","2026-06-15",33000,72,"Prime","Declined"
"APP-AD63B77C81AE","D1001","2026-06-15",40300,84,"Prime","Declined"
"APP-1568CFEA8C04","D1001","2026-06-15",47500,60,"Prime","Approved"
"APP-FAE14FD415BA","D1001","2026-06-16",41900,84,"Prime","Booked"
"APP-E02804D9B2F8","D1001","2026-06-16",35000,84,"Subprime","Booked"
"APP-582287A69A5C","D1001","2026-06-16",48400,72,"Prime","Booked"
"APP-712C512FA5BD","D1001","2026-06-16",33200,84,"Prime","Booked"
"APP-A9F9302030AB","D1001","2026-06-16",51400,72,"Prime","Declined"
"APP-75211CFB73CE","D1001","2026-06-16",43400,84,"Prime","Approved"
"APP-3E35D0EC726C","D1001","2026-06-16",32900,72,"Subprime","Booked"
"APP-E0E12700CB40","D1001","2026-06-16",47700,72,"Subprime","Booked"
"APP-525ACB5F1A12","D1001","2026-06-16",53300,48,"Near_Prime","Booked"
"APP-66A3966B6228","D1001","2026-06-17",43100,84,"Prime","Declined"
"APP-95054C70FF6C","D1001","2026-06-17",55900,72,"Prime","Approved"
"APP-0B4AA12AE275","D1001","2026-06-17",25300,84,"Near_Prime","Declined"
"APP-A3B0AEC2DF33","D1001","2026-06-17",51600,84,"Prime","Approved"
"APP-D07252B09318","D1001","2026-06-17",34800,60,"Prime","Declined"
"APP-A51817E8C966","D1001","2026-06-17",50700,84,"Near_Prime","Booked"
"APP-85FE9024CDF7","D1001","2026-06-17",40500,60,"Subprime","Booked"
"APP-78B60FC33067","D1001","2026-06-17",47500,72,"Prime","Declined"
"APP-888259043DED","D1001","2026-06-18",42400,72,"Subprime","Approved"
"APP-EDFC11874B0E","D1001","2026-06-18",56900,72,"Prime","Declined"
"APP-4F0464E114E5","D1001","2026-06-18",35200,72,"Prime","Booked"
"APP-889AD50D4D92","D1001","2026-06-18",49100,84,"Near_Prime","Declined"
"APP-9BF1CCFCFCEF","D1001","2026-06-18",40100,84,"Prime","Declined"
"APP-60756DD4872B","D1001","2026-06-18",54200,72,"Prime","Booked"
"APP-C57B22755748","D1001","2026-06-18",39700,60,"Subprime","Declined"
"APP-5F4777366941","D1001","2026-06-19",42700,84,"Prime","Approved"
"APP-7DB35528C2B1","D1001","2026-06-19",53500,72,"Prime","Declined"
"APP-ED00B42B16FC","D1001","2026-06-19",39300,72,"Prime","Approved"
"APP-AC188E8DFDAF","D1001","2026-06-19",48200,60,"Subprime","Booked"
"APP-E5C10D120103","D1001","2026-06-19",51000,48,"Prime","Approved"
"APP-65CEE0F170BE","D1001","2026-06-19",48400,84,"Prime","Booked"
"APP-0F5BFD77B9F5","D1001","2026-06-19",36800,72,"Prime","Declined"
"APP-79EC4AC9C2D2","D1001","2026-06-19",46700,60,"Prime","Booked"
"APP-FAA63F189AF4","D1001","2026-06-20",39800,72,"Prime","Approved"
"APP-41A990CDDC56","D1001","2026-06-20",50900,72,"Near_Prime","Approved"
"APP-1E0E5E230427","D1001","2026-06-20",30500,60,"Subprime","Booked"
"APP-FD245B8C3803","D1001","2026-06-20",59800,60,"Near_Prime","Approved"
"APP-5E432DF064FD","D1001","2026-06-20",49500,60,"Prime","Booked"
"APP-09572B98A862","D1001","2026-06-21",42400,72,"Subprime","Approved"
"APP-B2FF46AA634C","D1001","2026-06-21",47000,84,"Prime","Approved"
"APP-B5A5F349EEBD","D1001","2026-06-21",26300,60,"Subprime","Booked"
"APP-E862D77EE58D","D1001","2026-06-21",35700,72,"Subprime","Declined"
"APP-09E698262C10","D1001","2026-06-22",59100,72,"Prime","Approved"
"APP-050C41F708C1","D1001","2026-06-22",43200,72,"Prime","Approved"
"APP-177EABEDA27B","D1001","2026-06-22",36400,48,"Near_Prime","Booked"
"APP-16BE80712A75","D1001","2026-06-22",46900,60,"Prime","Booked"
"APP-2D6FA4032B41","D1001","2026-06-22",48000,72,"Prime","Declined"
"APP-699048D416DA","D1001","2026-06-22",37900,84,"Near_Prime","Declined"
"APP-55BB60CC1B0C","D1001","2026-06-22",37000,60,"Subprime","Booked"
"APP-6C2B3C74C28B","D1001","2026-06-22",41200,72,"Subprime","Booked"
"APP-573487D5F51D","D1001","2026-06-22",51900,72,"Prime","Declined"
"APP-6FBA480BE09D","D1001","2026-06-23",51900,84,"Prime","Booked"
"APP-AE6283E988BA","D1001","2026-06-23",41100,84,"Prime","Declined"
"APP-F77804661FDF","D1001","2026-06-23",39900,72,"Near_Prime","Booked"
"APP-0947E9A3DF2E","D1001","2026-06-23",42700,60,"Near_Prime","Booked"
"APP-306233C36FAD","D1001","2026-06-23",42700,72,"Prime","Approved"
"APP-75A39D04807C","D1001","2026-06-23",35300,60,"Prime","Booked"
"APP-48C9D91D2263","D1001","2026-06-23",50200,60,"Near_Prime","Booked"
"APP-62A74B3E74AC","D1001","2026-06-23",34900,60,"Near_Prime","Approved"
"APP-8B9557EA3F97","D1001","2026-06-24",33200,72,"Subprime","Booked"
"APP-A2554546F1BE","D1001","2026-06-24",64500,84,"Prime","Approved"
"APP-C931F139A344","D1001","2026-06-24",45400,72,"Subprime","Booked"
"APP-E9D43B100E5E","D1001","2026-06-24",57600,72,"Prime","Declined"
"APP-A192F65104B1","D1001","2026-06-24",40200,48,"Prime","Declined"
"APP-BD1E97D67FD4","D1001","2026-06-24",36900,60,"Prime","Declined"
"APP-4A129298B406","D1001","2026-06-24",54100,84,"Prime","Booked"
"APP-E361A8432A8D","D1001","2026-06-24",51900,84,"Near_Prime","Declined"
"APP-536F4B71392B","D1001","2026-06-25",39700,72,"Prime","Booked"
"APP-9C9B29FAFE1B","D1001","2026-06-25",43000,72,"Prime","Booked"
"APP-03FA2F00C214","D1001","2026-06-25",31600,72,"Prime","Booked"
"APP-2755A18565AB","D1001","2026-06-25",44600,84,"Near_Prime","Approved"
"APP-F0C145C77970","D1001","2026-06-25",52200,72,"Prime","Booked"
"APP-5CDF11A292F9","D1001","2026-06-25",40500,60,"Prime","Approved"
"APP-BB9199817229","D1001","2026-06-25",37800,72,"Near_Prime","Approved"
"APP-4F7084CE6684","D1001","2026-06-25",53200,48,"Prime","Declined"
"APP-A76D16CB70BE","D1001","2026-06-25",42500,60,"Near_Prime","Declined"
"APP-180B131EDB10","D1001","2026-06-25",33800,72,"Prime","Booked"
"APP-B87A1CC60E5B","D1001","2026-06-25",34800,72,"Prime","Booked"
"APP-4B134055EFB6","D1001","2026-06-25",35300,60,"Subprime","Booked"
"APP-3161F087CA22","D1001","2026-06-25",38200,48,"Prime","Booked"
"APP-5FD64DAB7A20","D1001","2026-06-25",51000,72,"Prime","Declined"
"APP-CAE4DDED742B","D1001","2026-06-25",49100,72,"Prime","Declined"
"APP-5CAEB645880B","D1002","2026-03-28",67400,60,"Prime","Booked"
"APP-BBD0AA44409C","D1002","2026-03-28",38600,60,"Prime","Approved"
"APP-4D75EF4F8DD9","D1002","2026-03-28",44500,72,"Prime","Approved"
"APP-4B254979AEED","D1002","2026-03-28",44300,72,"Subprime","Declined"
"APP-B32261068AE2","D1002","2026-03-28",44200,60,"Near_Prime","Booked"
"APP-4BFA6C19BB12","D1002","2026-03-28",49000,84,"Prime","Booked"
"APP-B6E55E583490","D1002","2026-03-29",53100,48,"Prime","Declined"
"APP-A5D567A7B646","D1002","2026-03-29",54100,72,"Prime","Booked"
"APP-6A91EBFDD45C","D1002","2026-03-29",55900,72,"Prime","Booked"
"APP-9649208E8696","D1002","2026-03-29",49400,84,"Near_Prime","Declined"
"APP-F84B0B5240F1","D1002","2026-03-30",66300,84,"Prime","Approved"
"APP-264AB9AC1623","D1002","2026-03-30",30600,84,"Prime","Approved"
"APP-0D4CAC5A501C","D1002","2026-03-30",42500,72,"Prime","Declined"
"APP-8F43AE9F2AD4","D1002","2026-03-30",53600,84,"Prime","Declined"
"APP-2B633B9F127A","D1002","2026-03-30",43100,72,"Subprime","Declined"
"APP-BE755A016F5A","D1002","2026-03-30",52800,72,"Prime","Booked"
"APP-E6A7119D1C55","D1002","2026-03-30",40500,84,"Subprime","Booked"
"APP-A1F3EBFCA18D","D1002","2026-03-30",55500,84,"Prime","Booked"
"APP-6D340733AADE","D1002","2026-03-30",64300,84,"Prime","Booked"
"APP-09E1B936DE53","D1002","2026-03-30",54000,72,"Prime","Declined"
"APP-B8844A39B090","D1002","2026-03-30",53600,60,"Prime","Approved"
"APP-7F83B68F132F","D1002","2026-03-31",39700,84,"Subprime","Booked"
"APP-952FF3E3AF93","D1002","2026-03-31",40000,84,"Prime","Approved"
"APP-3BC6010066C6","D1002","2026-03-31",51800,72,"Prime","Declined"
"APP-F35AC2695669","D1002","2026-03-31",52600,84,"Prime","Booked"
"APP-045CD39E9F28","D1002","2026-03-31",49800,72,"Prime","Declined"
"APP-A214146A2101","D1002","2026-03-31",54900,72,"Prime","Booked"
"APP-8E252DB40548","D1002","2026-03-31",63400,84,"Prime","Approved"
"APP-7FA7A4D119E3","D1002","2026-03-31",37500,72,"Subprime","Booked"
"APP-9A3AE8E6BFE1","D1002","2026-03-31",42200,72,"Near_Prime","Booked"
"APP-5E608D567856","D1002","2026-04-01",38900,84,"Near_Prime","Declined"
"APP-B78CAA74FF58","D1002","2026-04-01",53400,72,"Prime","Approved"
"APP-57EFFDF5FD1E","D1002","2026-04-01",69800,72,"Prime","Booked"
"APP-5B057DDEAF84","D1002","2026-04-01",57300,84,"Prime","Approved"
"APP-DF6D42EF7DF2","D1002","2026-04-01",54400,60,"Prime","Booked"
"APP-0253EECACDF2","D1002","2026-04-01",58500,84,"Near_Prime","Declined"
"APP-58DECA27A6C2","D1002","2026-04-01",46900,84,"Prime","Declined"
"APP-0F958E70F771","D1002","2026-04-01",64100,48,"Prime","Booked"
"APP-3FD4BE91643B","D1002","2026-04-02",44200,72,"Prime","Booked"
"APP-341CA1DFC3DC","D1002","2026-04-02",48700,72,"Prime","Booked"
"APP-50D8B5A9C163","D1002","2026-04-02",58100,72,"Prime","Booked"
"APP-5707987D3691","D1002","2026-04-02",58600,72,"Prime","Booked"
"APP-BB3155517912","D1002","2026-04-02",49700,72,"Prime","Approved"
"APP-6F26A8815659","D1002","2026-04-02",54300,84,"Prime","Approved"
"APP-B7A1D9A0C36B","D1002","2026-04-02",57000,60,"Near_Prime","Approved"
"APP-611D999D5023","D1002","2026-04-02",37900,84,"Subprime","Booked"
"APP-8576E6318571","D1002","2026-04-02",54000,72,"Prime","Declined"
"APP-924D108B4E16","D1002","2026-04-02",56000,72,"Prime","Approved"
"APP-CD024DBF1809","D1002","2026-04-02",48000,72,"Subprime","Declined"
"APP-5E334E096D88","D1002","2026-04-02",61000,48,"Prime","Booked"
"APP-A406AD6CA87E","D1002","2026-04-03",46100,48,"Prime","Approved"
"APP-61CE0A96C8BC","D1002","2026-04-03",59000,72,"Prime","Declined"
"APP-AFDFC8F2B4F9","D1002","2026-04-03",40900,60,"Subprime","Booked"
"APP-4C429B245265","D1002","2026-04-03",68600,84,"Prime","Approved"
"APP-0D1C4D9D447C","D1002","2026-04-03",70100,72,"Prime","Declined"
"APP-8437ED43850A","D1002","2026-04-03",66500,72,"Near_Prime","Approved"
"APP-AF102CE4DF55","D1002","2026-04-03",64200,72,"Prime","Booked"
"APP-768E2A8D8267","D1002","2026-04-03",49200,60,"Prime","Booked"
"APP-C3E73686001B","D1002","2026-04-03",59400,72,"Prime","Approved"
"APP-D599260FC576","D1002","2026-04-04",65800,84,"Prime","Approved"
"APP-C0F37290F08D","D1002","2026-04-04",43900,72,"Prime","Approved"
"APP-81A3B9DCF547","D1002","2026-04-04",47900,84,"Prime","Booked"
"APP-00DEDD1FFF17","D1002","2026-04-04",43700,84,"Prime","Approved"
"APP-EEEB34141C80","D1002","2026-04-05",52100,72,"Prime","Approved"
"APP-D27F0742F642","D1002","2026-04-05",38800,72,"Prime","Booked"
"APP-1A8C29E97EA2","D1002","2026-04-05",57500,84,"Prime","Booked"
"APP-AF2DA5012AC6","D1002","2026-04-05",50600,84,"Prime","Booked"
"APP-4AD5B1FE35B5","D1002","2026-04-05",51300,72,"Subprime","Approved"
"APP-4045BB6E797F","D1002","2026-04-06",42100,72,"Prime","Booked"
"APP-8015E526AD68","D1002","2026-04-06",53300,72,"Near_Prime","Booked"
"APP-03B21F0DA633","D1002","2026-04-06",52700,72,"Prime","Booked"
"APP-9F9C63269A8E","D1002","2026-04-06",44300,84,"Prime","Approved"
"APP-0548022AF2DC","D1002","2026-04-06",42400,84,"Prime","Approved"
"APP-C9A49F8F7B5C","D1002","2026-04-06",47500,72,"Subprime","Declined"
"APP-F6C6620DB38E","D1002","2026-04-06",40200,72,"Prime","Approved"
"APP-FA8A91E2EE96","D1002","2026-04-06",54900,72,"Prime","Booked"
"APP-6820573CDE71","D1002","2026-04-06",58000,84,"Prime","Declined"
"APP-2D31DD09BB74","D1002","2026-04-06",52100,72,"Prime","Declined"
"APP-FC6E65E3549F","D1002","2026-04-06",57100,72,"Prime","Booked"
"APP-A127C85393B0","D1002","2026-04-06",59200,72,"Prime","Booked"
"APP-B650A4289AFA","D1002","2026-04-07",60300,60,"Prime","Approved"
"APP-EE141DEAA5B6","D1002","2026-04-07",33600,84,"Subprime","Declined"
"APP-2FE41FD5D99F","D1002","2026-04-07",57500,84,"Prime","Declined"
"APP-9E17FEE11CED","D1002","2026-04-07",64900,72,"Near_Prime","Declined"
"APP-04EAD0833C53","D1002","2026-04-07",48800,72,"Prime","Approved"
"APP-7F35A5B91193","D1002","2026-04-07",52500,84,"Near_Prime","Approved"
"APP-04F22AC6AE54","D1002","2026-04-07",51700,60,"Prime","Booked"
"APP-B93A24B093C7","D1002","2026-04-07",58300,60,"Prime","Approved"
"APP-655BD2E2ABCF","D1002","2026-04-07",42500,60,"Prime","Approved"
"APP-95B68B814BBD","D1002","2026-04-08",58300,60,"Near_Prime","Booked"
"APP-1B4C9EA79469","D1002","2026-04-08",58300,72,"Near_Prime","Declined"
"APP-6D2D7BE1A1A7","D1002","2026-04-08",37300,60,"Prime","Approved"
"APP-3C1167975281","D1002","2026-04-08",40400,72,"Prime","Booked"
"APP-1FD89589200D","D1002","2026-04-08",49100,48,"Prime","Booked"
"APP-A6180B0A9BB3","D1002","2026-04-08",75600,60,"Prime","Booked"
"APP-EBC5AB737307","D1002","2026-04-08",49500,72,"Near_Prime","Booked"
"APP-92510F2CF900","D1002","2026-04-08",41200,60,"Near_Prime","Declined"
"APP-484D8073FD19","D1002","2026-04-09",54200,72,"Near_Prime","Booked"
"APP-A6A27AB76C2C","D1002","2026-04-09",42600,72,"Prime","Approved"
"APP-6EBB76D3994F","D1002","2026-04-09",42300,72,"Prime","Approved"
"APP-F2B282629854","D1002","2026-04-09",49400,60,"Prime","Booked"
"APP-A690FDE9CC6C","D1002","2026-04-09",42100,72,"Prime","Declined"
"APP-9CC55F0DCC39","D1002","2026-04-09",55300,84,"Prime","Approved"
"APP-C75A97C2F21A","D1002","2026-04-09",37000,48,"Prime","Approved"
"APP-965CEBAF0D3B","D1002","2026-04-09",57600,60,"Prime","Booked"
"APP-4BDB9B2662E4","D1002","2026-04-10",62900,48,"Prime","Booked"
"APP-88F40016B65C","D1002","2026-04-10",52200,72,"Prime","Booked"
"APP-C0032B136234","D1002","2026-04-10",36000,72,"Prime","Declined"
"APP-BF88ED6A46CD","D1002","2026-04-10",45800,72,"Near_Prime","Booked"
"APP-1650669B7E4A","D1002","2026-04-10",50200,60,"Prime","Approved"
"APP-CC9AF111C616","D1002","2026-04-10",43700,84,"Prime","Booked"
"APP-C65096D4DFA7","D1002","2026-04-10",46600,72,"Prime","Booked"
"APP-CFFD75A51140","D1002","2026-04-10",45200,60,"Subprime","Booked"
"APP-5929BF36A4A5","D1002","2026-04-10",60100,72,"Prime","Booked"
"APP-E34E08BF31E1","D1002","2026-04-10",59400,72,"Prime","Booked"
"APP-BD2EBCA279A1","D1002","2026-04-10",44400,60,"Subprime","Booked"
"APP-1273EEC28C13","D1002","2026-04-11",53200,84,"Prime","Declined"
"APP-36502A390D27","D1002","2026-04-11",52100,60,"Near_Prime","Booked"
"APP-3FDDCF00432E","D1002","2026-04-11",56000,48,"Subprime","Booked"
"APP-F6534DB0F507","D1002","2026-04-11",41200,84,"Near_Prime","Approved"
"APP-0EA0234E8D87","D1002","2026-04-11",71800,84,"Prime","Booked"
"APP-EC794C1673DA","D1002","2026-04-12",49200,72,"Prime","Booked"
"APP-ABF266432ACC","D1002","2026-04-12",69900,84,"Prime","Declined"
"APP-7BB87C8A44E6","D1002","2026-04-12",53500,84,"Prime","Booked"
"APP-BF1D0C628A47","D1002","2026-04-12",40400,48,"Prime","Declined"
"APP-1A7F5507C229","D1002","2026-04-12",43500,72,"Subprime","Approved"
"APP-38698D3328D2","D1002","2026-04-13",49900,72,"Prime","Declined"
"APP-7A27532CFEED","D1002","2026-04-13",50000,60,"Prime","Booked"
"APP-F052DD5E366D","D1002","2026-04-13",62300,72,"Near_Prime","Declined"
"APP-4F1A8E245133","D1002","2026-04-13",67000,84,"Prime","Booked"
"APP-73FB75761D99","D1002","2026-04-13",55900,84,"Prime","Booked"
"APP-2AD2C23B17E5","D1002","2026-04-13",47800,60,"Prime","Declined"
"APP-00AD06E9DF6F","D1002","2026-04-13",40900,84,"Near_Prime","Booked"
"APP-D30FD152DF99","D1002","2026-04-13",55800,72,"Prime","Booked"
"APP-508C9C546B8B","D1002","2026-04-13",61900,72,"Prime","Declined"
"APP-8C5B1CC42885","D1002","2026-04-13",55500,60,"Prime","Booked"
"APP-9325CF65C809","D1002","2026-04-13",44900,72,"Prime","Declined"
"APP-4B63557E0316","D1002","2026-04-13",53800,48,"Prime","Approved"
"APP-FDD519B72445","D1002","2026-04-14",48500,72,"Prime","Booked"
"APP-2C676045F8FF","D1002","2026-04-14",35900,72,"Subprime","Declined"
"APP-E429614BAF16","D1002","2026-04-14",72300,60,"Prime","Approved"
"APP-9A8CD7060DCE","D1002","2026-04-14",67000,72,"Prime","Declined"
"APP-2854832F4D1C","D1002","2026-04-14",50100,72,"Prime","Declined"
"APP-E670634638AF","D1002","2026-04-14",49100,84,"Near_Prime","Declined"
"APP-ACEA90C14E6D","D1002","2026-04-14",51100,84,"Prime","Booked"
"APP-97DE1CDF2175","D1002","2026-04-14",58500,60,"Prime","Declined"
"APP-7BC1A7A1FF23","D1002","2026-04-14",51300,60,"Near_Prime","Declined"
"APP-422689D3B4B5","D1002","2026-04-14",39800,84,"Prime","Declined"
"APP-16DAFA4573E6","D1002","2026-04-15",50800,84,"Prime","Approved"
"APP-AD204242DDBB","D1002","2026-04-15",49600,48,"Prime","Booked"
"APP-C75A4CD7338E","D1002","2026-04-15",50200,84,"Near_Prime","Booked"
"APP-F5DBED65B234","D1002","2026-04-15",58100,72,"Prime","Booked"
"APP-69487BBE21A8","D1002","2026-04-15",51500,84,"Prime","Approved"
"APP-93CCD667E506","D1002","2026-04-15",51800,72,"Prime","Declined"
"APP-3FC34387D852","D1002","2026-04-15",52800,84,"Prime","Approved"
"APP-F0941BBFD8EF","D1002","2026-04-15",45800,60,"Prime","Declined"
"APP-E3124634F867","D1002","2026-04-15",43600,48,"Prime","Declined"
"APP-4CF07D0C47F8","D1002","2026-04-15",52800,72,"Prime","Booked"
"APP-884B24FB558D","D1002","2026-04-15",51500,84,"Prime","Booked"
"APP-32E8C64F80A5","D1002","2026-04-16",59500,72,"Prime","Booked"
"APP-3CFF38BAE186","D1002","2026-04-16",36900,72,"Prime","Booked"
"APP-1582FBBDB705","D1002","2026-04-16",68200,60,"Prime","Booked"
"APP-293659038526","D1002","2026-04-16",46000,60,"Prime","Booked"
"APP-E017D6B7A842","D1002","2026-04-16",46000,60,"Prime","Declined"
"APP-8CE484978989","D1002","2026-04-16",37800,72,"Near_Prime","Booked"
"APP-2388D53FF7B2","D1002","2026-04-16",61600,72,"Prime","Booked"
"APP-BC367BC7B629","D1002","2026-04-16",60100,72,"Prime","Booked"
"APP-2F2474938FA7","D1002","2026-04-16",56100,84,"Prime","Booked"
"APP-48535E93315F","D1002","2026-04-16",39000,72,"Prime","Declined"
"APP-7B912E9C7EB1","D1002","2026-04-17",62200,60,"Prime","Booked"
"APP-E55092EBEE35","D1002","2026-04-17",56800,72,"Prime","Booked"
"APP-21B86A08BCAE","D1002","2026-04-17",65500,72,"Prime","Booked"
"APP-1633DDF36976","D1002","2026-04-17",47700,72,"Prime","Booked"
"APP-F3CFE0195DDB","D1002","2026-04-17",59500,84,"Near_Prime","Booked"
"APP-889A4DE4E5C9","D1002","2026-04-17",51900,72,"Near_Prime","Declined"
"APP-E35670C48AE8","D1002","2026-04-17",45600,84,"Prime","Approved"
"APP-4143948455A7","D1002","2026-04-17",61100,72,"Near_Prime","Approved"
"APP-F24639ACDDD7","D1002","2026-04-18",52000,60,"Prime","Booked"
"APP-8710D32F0506","D1002","2026-04-18",59900,72,"Near_Prime","Booked"
"APP-CEEEF36E555F","D1002","2026-04-18",38700,60,"Prime","Approved"
"APP-D0EAADEB4553","D1002","2026-04-18",64300,72,"Prime","Booked"
"APP-BE1BF737AA40","D1002","2026-04-18",50100,48,"Near_Prime","Approved"
"APP-5992A9487FDB","D1002","2026-04-18",59000,48,"Near_Prime","Approved"
"APP-3C586511E470","D1002","2026-04-19",61800,72,"Prime","Booked"
"APP-7429708005AB","D1002","2026-04-19",47200,72,"Prime","Booked"
"APP-68AAD07D77ED","D1002","2026-04-19",60600,72,"Prime","Approved"
"APP-4D4369ED919B","D1002","2026-04-19",46900,60,"Prime","Booked"
"APP-076729A03E2D","D1002","2026-04-19",68100,48,"Prime","Approved"
"APP-95E17F8F3B7C","D1002","2026-04-19",50000,48,"Subprime","Booked"
"APP-BC97CCFC8776","D1002","2026-04-20",42600,60,"Near_Prime","Booked"
"APP-87545E4F6CFC","D1002","2026-04-20",57200,60,"Prime","Approved"
"APP-A36E91C3BB52","D1002","2026-04-20",47400,60,"Prime","Approved"
"APP-02275D803091","D1002","2026-04-20",74000,48,"Prime","Declined"
"APP-2C49B0C0DAA0","D1002","2026-04-20",47100,72,"Prime","Booked"
"APP-7D5911D8780E","D1002","2026-04-20",40800,72,"Subprime","Booked"
"APP-7E530A1C32A6","D1002","2026-04-20",66400,60,"Prime","Declined"
"APP-422746A33D5C","D1002","2026-04-20",45000,84,"Prime","Approved"
"APP-0B02562D9086","D1002","2026-04-21",58400,84,"Prime","Declined"
"APP-0D0A85D43F1D","D1002","2026-04-21",49100,72,"Near_Prime","Booked"
"APP-B660320E2657","D1002","2026-04-21",48100,60,"Prime","Approved"
"APP-273B5D4E74AE","D1002","2026-04-21",47100,72,"Subprime","Approved"
"APP-7B1F08830282","D1002","2026-04-21",67200,84,"Prime","Booked"
"APP-0C272913EEF6","D1002","2026-04-21",61600,72,"Prime","Declined"
"APP-A54F2EFC993C","D1002","2026-04-21",63500,60,"Prime","Booked"
"APP-E0B546DFF8DF","D1002","2026-04-21",47100,72,"Prime","Declined"
"APP-50231CE2002B","D1002","2026-04-21",44200,72,"Prime","Booked"
"APP-43D11203B0BE","D1002","2026-04-21",65900,48,"Prime","Booked"
"APP-3F61FCBDD833","D1002","2026-04-21",39700,60,"Prime","Booked"
"APP-7024A39FAE1E","D1002","2026-04-22",69500,72,"Prime","Booked"
"APP-7F1A800F6925","D1002","2026-04-22",37300,84,"Near_Prime","Booked"
"APP-14FABBCB3EF8","D1002","2026-04-22",57600,84,"Prime","Declined"
"APP-79DA43BD70DB","D1002","2026-04-22",47100,60,"Prime","Booked"
"APP-3084D75B0E1E","D1002","2026-04-22",52100,84,"Prime","Booked"
"APP-F77BB3CE6656","D1002","2026-04-22",43400,60,"Prime","Approved"
"APP-01F3850BF783","D1002","2026-04-22",49300,72,"Near_Prime","Declined"
"APP-6CC536DE8267","D1002","2026-04-22",46900,60,"Near_Prime","Declined"
"APP-DEF4A661F2C2","D1002","2026-04-22",56800,84,"Prime","Declined"
"APP-E03534869959","D1002","2026-04-22",65300,48,"Prime","Approved"
"APP-7276A46EDE77","D1002","2026-04-22",43700,72,"Subprime","Booked"
"APP-162D3089D886","D1002","2026-04-22",39100,60,"Prime","Booked"
"APP-907D2B0F2A15","D1002","2026-04-23",50700,72,"Prime","Approved"
"APP-03BAF1EBE0AC","D1002","2026-04-23",42800,48,"Prime","Approved"
"APP-38E4171E5CA1","D1002","2026-04-23",51900,84,"Prime","Declined"
"APP-8F3E76687739","D1002","2026-04-23",52100,84,"Near_Prime","Declined"
"APP-2DAA72E730BA","D1002","2026-04-23",40300,84,"Prime","Booked"
"APP-3BEDC066E1B4","D1002","2026-04-23",67000,60,"Prime","Approved"
"APP-AAEF920A0E48","D1002","2026-04-23",57500,72,"Prime","Declined"
"APP-BDF016AB094A","D1002","2026-04-23",31700,72,"Prime","Declined"
"APP-278E1C425292","D1002","2026-04-23",61100,72,"Prime","Booked"
"APP-104F310FF9C2","D1002","2026-04-23",58500,72,"Prime","Booked"
"APP-5136BE154BF1","D1002","2026-04-24",48800,60,"Prime","Booked"
"APP-15B6C7A2EDED","D1002","2026-04-24",49800,84,"Prime","Booked"
"APP-8297E805B4D3","D1002","2026-04-24",69300,60,"Near_Prime","Booked"
"APP-D8A601523377","D1002","2026-04-24",53300,72,"Prime","Declined"
"APP-44948D0F18F8","D1002","2026-04-24",64600,72,"Prime","Booked"
"APP-58A02CE9E1EF","D1002","2026-04-24",69600,72,"Prime","Booked"
"APP-6C2A6EAABCB8","D1002","2026-04-24",46500,72,"Subprime","Approved"
"APP-A02EBDE456AB","D1002","2026-04-24",52200,60,"Subprime","Booked"
"APP-9EC619FADF82","D1002","2026-04-24",66700,72,"Prime","Declined"
"APP-658C23422A13","D1002","2026-04-24",42900,84,"Subprime","Booked"
"APP-A7188A4E2285","D1002","2026-04-25",55100,72,"Prime","Approved"
"APP-56446B74F7DD","D1002","2026-04-25",53000,84,"Near_Prime","Booked"
"APP-474885275F09","D1002","2026-04-25",55200,72,"Prime","Approved"
"APP-2CEC6D5DA507","D1002","2026-04-25",42800,72,"Subprime","Booked"
"APP-C3F4CC1E242B","D1002","2026-04-25",50200,48,"Near_Prime","Declined"
"APP-C6A71168B210","D1002","2026-04-26",37400,60,"Prime","Booked"
"APP-780FCE54A3BB","D1002","2026-04-26",45100,60,"Prime","Approved"
"APP-7F2B8E66AC0B","D1002","2026-04-26",36700,48,"Prime","Approved"
"APP-0E36760D45F6","D1002","2026-04-26",76800,84,"Prime","Declined"
"APP-CC9F7E319D00","D1002","2026-04-26",35600,84,"Subprime","Declined"
"APP-E5CC964A314B","D1002","2026-04-26",44200,60,"Subprime","Booked"
"APP-BA7BE43F1C30","D1002","2026-04-27",65200,60,"Prime","Booked"
"APP-2D1B460CACF2","D1002","2026-04-27",47200,60,"Subprime","Declined"
"APP-F76A8A097E05","D1002","2026-04-27",47400,60,"Prime","Booked"
"APP-FD25B11C4178","D1002","2026-04-27",47800,60,"Prime","Booked"
"APP-5383A7135012","D1002","2026-04-27",31700,72,"Near_Prime","Declined"
"APP-F8E2DCF97993","D1002","2026-04-27",50600,84,"Subprime","Approved"
"APP-C8AF09F7056A","D1002","2026-04-27",48800,84,"Subprime","Booked"
"APP-5187D13C8144","D1002","2026-04-27",49600,84,"Subprime","Booked"
"APP-6A6B26F461AC","D1002","2026-04-27",49800,72,"Prime","Booked"
"APP-C0E04FA6A072","D1002","2026-04-28",52900,60,"Prime","Approved"
"APP-771B6CEFEAB1","D1002","2026-04-28",55400,72,"Prime","Booked"
"APP-3D2967DD6A01","D1002","2026-04-28",46400,72,"Subprime","Booked"
"APP-B8947CD6964A","D1002","2026-04-28",51800,60,"Prime","Booked"
"APP-AF9296B7FC57","D1002","2026-04-28",55400,72,"Prime","Booked"
"APP-7587B77A54C9","D1002","2026-04-28",37200,84,"Prime","Approved"
"APP-34B98F312438","D1002","2026-04-28",45500,72,"Prime","Declined"
"APP-C41DB7B4794D","D1002","2026-04-28",53900,72,"Near_Prime","Booked"
"APP-21E4B0683129","D1002","2026-04-29",43200,72,"Prime","Approved"
"APP-8B5E4A5916E6","D1002","2026-04-29",48600,60,"Near_Prime","Booked"
"APP-47AB226B75FE","D1002","2026-04-29",49800,72,"Subprime","Approved"
"APP-57085C9F4944","D1002","2026-04-29",39300,72,"Subprime","Booked"
"APP-6BCFF0395AAA","D1002","2026-04-29",41200,48,"Near_Prime","Booked"
"APP-40AA645A62E3","D1002","2026-04-29",30800,84,"Subprime","Booked"
"APP-D74182560F4E","D1002","2026-04-29",52600,48,"Prime","Approved"
"APP-5409E5AF1397","D1002","2026-04-29",44600,60,"Subprime","Booked"
"APP-B963C63A3BFB","D1002","2026-04-30",63400,72,"Prime","Booked"
"APP-3A0339DED8C2","D1002","2026-04-30",64800,72,"Prime","Declined"
"APP-5AEAF44DB51A","D1002","2026-04-30",48200,84,"Prime","Declined"
"APP-1DFEB2B00FE8","D1002","2026-04-30",37900,84,"Prime","Declined"
"APP-86AC1A058B64","D1002","2026-04-30",52700,72,"Prime","Booked"
"APP-27B2941336A2","D1002","2026-04-30",44800,60,"Subprime","Booked"
"APP-60B5C2098725","D1002","2026-04-30",45400,72,"Prime","Approved"
"APP-28E7E6D3F0DE","D1002","2026-04-30",65800,72,"Prime","Declined"
"APP-6AB41524CC75","D1002","2026-05-01",51000,84,"Prime","Declined"
"APP-9B476871C8E2","D1002","2026-05-01",53600,72,"Prime","Approved"
"APP-C3FD4BC1CBBC","D1002","2026-05-01",44700,60,"Prime","Booked"
"APP-D0236808F9A5","D1002","2026-05-01",50300,48,"Prime","Booked"
"APP-227F78AC208B","D1002","2026-05-01",60400,48,"Prime","Booked"
"APP-6E8726607EA6","D1002","2026-05-01",67700,60,"Prime","Declined"
"APP-D27A21C46C39","D1002","2026-05-01",54500,72,"Prime","Booked"
"APP-43B30E82FBFB","D1002","2026-05-01",33300,72,"Subprime","Declined"
"APP-70367431C8CD","D1002","2026-05-01",54200,84,"Subprime","Booked"
"APP-99A77701E915","D1002","2026-05-01",47500,84,"Prime","Approved"
"APP-0DF5B31C21C6","D1002","2026-05-01",43700,84,"Subprime","Booked"
"APP-AA08C0EE8CFB","D1002","2026-05-01",71300,84,"Prime","Booked"
"APP-AB75E638C099","D1002","2026-05-02",54300,60,"Near_Prime","Booked"
"APP-5505956E74BE","D1002","2026-05-02",52500,72,"Prime","Approved"
"APP-D6B317837C1B","D1002","2026-05-02",60800,72,"Prime","Booked"
"APP-B29DEA2FA7B4","D1002","2026-05-02",49600,72,"Prime","Declined"
"APP-D6EB79DB543B","D1002","2026-05-02",46200,48,"Prime","Declined"
"APP-B43C097B5AC7","D1002","2026-05-03",50800,60,"Prime","Approved"
"APP-DEF1FF02E7D2","D1002","2026-05-03",54700,84,"Near_Prime","Booked"
"APP-17C25AE4242D","D1002","2026-05-03",43700,84,"Prime","Booked"
"APP-C3611C9E90CD","D1002","2026-05-03",51700,84,"Prime","Declined"
"APP-D833836FEA20","D1002","2026-05-04",45000,72,"Prime","Declined"
"APP-9CD92603A772","D1002","2026-05-04",47900,60,"Prime","Declined"
"APP-D4BD077CF534","D1002","2026-05-04",53300,72,"Prime","Approved"
"APP-0F59D0887072","D1002","2026-05-04",54000,72,"Prime","Declined"
"APP-47F0CE32EE1E","D1002","2026-05-04",48900,84,"Prime","Declined"
"APP-FD605CABD53D","D1002","2026-05-04",50000,72,"Subprime","Booked"
"APP-D26A06334684","D1002","2026-05-04",71600,84,"Prime","Booked"
"APP-FC229E104B4F","D1002","2026-05-04",48500,84,"Near_Prime","Booked"
"APP-B4185BD88A3D","D1002","2026-05-04",32400,72,"Prime","Booked"
"APP-746A2F20E545","D1002","2026-05-05",54500,72,"Prime","Approved"
"APP-396ED6CC0A14","D1002","2026-05-05",65200,72,"Prime","Booked"
"APP-861F7A6683E2","D1002","2026-05-05",46200,72,"Prime","Approved"
"APP-22D8EBC093C7","D1002","2026-05-05",69900,72,"Prime","Declined"
"APP-93945C673DD9","D1002","2026-05-05",66400,60,"Prime","Declined"
"APP-D2AAB9EF2CBD","D1002","2026-05-05",43400,60,"Subprime","Booked"
"APP-0BA82CCA9148","D1002","2026-05-05",50300,48,"Prime","Booked"
"APP-D6CD59A7C512","D1002","2026-05-05",43000,48,"Near_Prime","Declined"
"APP-78C645BA2DF5","D1002","2026-05-06",39800,48,"Prime","Booked"
"APP-F9FDFD3556A9","D1002","2026-05-06",46300,84,"Prime","Booked"
"APP-FDA8AE232B06","D1002","2026-05-06",60100,60,"Prime","Booked"
"APP-483142D48589","D1002","2026-05-06",49000,84,"Prime","Approved"
"APP-B1EC8A4F512D","D1002","2026-05-06",49100,60,"Prime","Booked"
"APP-B54678094873","D1002","2026-05-06",50200,48,"Prime","Booked"
"APP-2F10F4D70F2B","D1002","2026-05-06",40500,60,"Prime","Booked"
"APP-2A0ACB685B7E","D1002","2026-05-06",66100,60,"Prime","Declined"
"APP-B2B20B643227","D1002","2026-05-06",54900,72,"Prime","Declined"
"APP-84D6828C3087","D1002","2026-05-06",57300,84,"Prime","Approved"
"APP-4DBD6B043CC7","D1002","2026-05-06",55300,84,"Prime","Booked"
"APP-389B2189DCDC","D1002","2026-05-06",33300,72,"Subprime","Declined"
"APP-7CD7AD5915E3","D1002","2026-05-07",49600,60,"Prime","Booked"
"APP-A1963E98C319","D1002","2026-05-07",65200,84,"Prime","Approved"
"APP-39929F348CC9","D1002","2026-05-07",62600,48,"Near_Prime","Approved"
"APP-1EA6E276D586","D1002","2026-05-07",38300,60,"Near_Prime","Booked"
"APP-B159AE295689","D1002","2026-05-07",52100,72,"Prime","Booked"
"APP-F3E867876227","D1002","2026-05-07",38100,72,"Prime","Booked"
"APP-811FC9C0466A","D1002","2026-05-07",76000,84,"Prime","Booked"
"APP-A552F401B753","D1002","2026-05-07",69900,48,"Prime","Approved"
"APP-B3FD25626B67","D1002","2026-05-07",46800,84,"Prime","Booked"
"APP-8A2562845EDC","D1002","2026-05-07",51900,84,"Prime","Booked"
"APP-96DC0FC0E428","D1002","2026-05-07",53400,84,"Prime","Booked"
"APP-2FC8F65F03FE","D1002","2026-05-07",59300,48,"Prime","Booked"
"APP-967EF4FCD32A","D1002","2026-05-08",52800,72,"Prime","Declined"
"APP-5F52F02C8EBB","D1002","2026-05-08",46200,60,"Subprime","Declined"
"APP-E2D799A2054A","D1002","2026-05-08",40500,60,"Subprime","Booked"
"APP-D2A6A69A7C9F","D1002","2026-05-08",44300,60,"Prime","Approved"
"APP-4E8284B9A64D","D1002","2026-05-08",58600,60,"Prime","Declined"
"APP-2E2162454FA2","D1002","2026-05-08",57000,84,"Subprime","Declined"
"APP-C29FB60CF7CB","D1002","2026-05-08",48300,72,"Prime","Declined"
"APP-5AC385C581CF","D1002","2026-05-08",52700,72,"Prime","Approved"
"APP-FB56297A3503","D1002","2026-05-08",56400,84,"Prime","Approved"
"APP-D0A50F03D3DA","D1002","2026-05-08",45600,72,"Prime","Booked"
"APP-5173F9E89A1E","D1002","2026-05-08",67000,72,"Near_Prime","Booked"
"APP-ABCE9C75C444","D1002","2026-05-08",60600,72,"Prime","Approved"
"APP-94A2E89DCD37","D1002","2026-05-09",54000,48,"Prime","Booked"
"APP-FEE4CC8868E9","D1002","2026-05-09",46400,72,"Prime","Declined"
"APP-7836C10C7D94","D1002","2026-05-09",49900,48,"Prime","Booked"
"APP-FF275CD7383E","D1002","2026-05-09",48500,84,"Prime","Approved"
"APP-6FFD26C8B883","D1002","2026-05-09",38000,72,"Subprime","Booked"
"APP-6046EFE9DC5E","D1002","2026-05-09",69800,60,"Prime","Approved"
"APP-815F33FF76D4","D1002","2026-05-10",48500,84,"Prime","Booked"
"APP-F827B8ED73B8","D1002","2026-05-10",43600,48,"Prime","Declined"
"APP-A34F426608E8","D1002","2026-05-10",45900,60,"Prime","Booked"
"APP-440A4A579301","D1002","2026-05-10",38400,84,"Near_Prime","Booked"
"APP-2C5F72DA9616","D1002","2026-05-10",69900,48,"Prime","Declined"
"APP-FC80B03FC6C6","D1002","2026-05-11",52700,84,"Near_Prime","Declined"
"APP-12CE8D573510","D1002","2026-05-11",48200,72,"Near_Prime","Booked"
"APP-D81308EABDC0","D1002","2026-05-11",53800,48,"Prime","Booked"
"APP-DC6CD593E5DA","D1002","2026-05-11",60000,84,"Prime","Booked"
"APP-95FBAC4F05DE","D1002","2026-05-11",60800,48,"Prime","Declined"
"APP-082186200AF3","D1002","2026-05-11",57500,72,"Prime","Declined"
"APP-2A9794492EF9","D1002","2026-05-11",40400,72,"Prime","Approved"
"APP-9FADA3477B50","D1002","2026-05-11",48500,72,"Prime","Declined"
"APP-3249D81FEDD7","D1002","2026-05-11",46200,72,"Near_Prime","Declined"
"APP-89E9637F0893","D1002","2026-05-11",48800,60,"Subprime","Booked"
"APP-07C19CCAFDCE","D1002","2026-05-11",41900,48,"Near_Prime","Declined"
"APP-16D0FF306A66","D1002","2026-05-12",47900,72,"Prime","Booked"
"APP-D490DDE5E8B8","D1002","2026-05-12",62200,72,"Prime","Booked"
"APP-4BE8F122D380","D1002","2026-05-12",43400,84,"Prime","Approved"
"APP-4077FCC3152F","D1002","2026-05-12",53500,84,"Prime","Declined"
"APP-DD05D6F5C82C","D1002","2026-05-12",48200,72,"Prime","Booked"
"APP-B1B395D30B4A","D1002","2026-05-12",55500,72,"Prime","Declined"
"APP-5344F3AB363A","D1002","2026-05-12",46000,60,"Subprime","Booked"
"APP-4E3A825F3FAF","D1002","2026-05-12",47800,48,"Subprime","Declined"
"APP-BFAF9E305CC6","D1002","2026-05-12",45500,60,"Prime","Approved"
"APP-50CE884DB8B3","D1002","2026-05-12",59900,72,"Near_Prime","Booked"
"APP-2C3677499E58","D1002","2026-05-12",50200,72,"Prime","Booked"
"APP-94E8F363F5F5","D1002","2026-05-12",32300,60,"Prime","Declined"
"APP-280BFF65526F","D1002","2026-05-13",42600,48,"Prime","Booked"
"APP-2210142DFEAD","D1002","2026-05-13",49400,72,"Prime","Approved"
"APP-3382808F8EB7","D1002","2026-05-13",57100,72,"Prime","Approved"
"APP-9465D9666E2B","D1002","2026-05-13",33100,60,"Prime","Booked"
"APP-6B47E72FF008","D1002","2026-05-13",29200,84,"Prime","Booked"
"APP-89F225882B88","D1002","2026-05-13",61000,48,"Prime","Declined"
"APP-6B771F4F2FC4","D1002","2026-05-13",45500,60,"Subprime","Booked"
"APP-6BBF4B206BE2","D1002","2026-05-13",65600,72,"Prime","Declined"
"APP-D98D1FB69AB9","D1002","2026-05-13",57300,72,"Prime","Approved"
"APP-8147177DE6A7","D1002","2026-05-14",47400,72,"Prime","Booked"
"APP-1C2A0C56926D","D1002","2026-05-14",51200,60,"Prime","Booked"
"APP-051DBCB840B1","D1002","2026-05-14",51200,72,"Prime","Approved"
"APP-B3B598A9AA94","D1002","2026-05-14",45600,60,"Near_Prime","Approved"
"APP-C5A79F7B025D","D1002","2026-05-14",30800,72,"Subprime","Booked"
"APP-D131AC174F27","D1002","2026-05-14",40300,60,"Prime","Booked"
"APP-7686F0C2DC66","D1002","2026-05-14",44200,72,"Near_Prime","Approved"
"APP-948CC3C2726E","D1002","2026-05-14",50200,60,"Prime","Booked"
"APP-7174A7088038","D1002","2026-05-14",53500,60,"Prime","Booked"
"APP-14AC29005D1F","D1002","2026-05-14",60200,72,"Prime","Approved"
"APP-2E42401712B2","D1002","2026-05-14",35500,84,"Near_Prime","Approved"
"APP-31BF852B4F83","D1002","2026-05-15",41900,60,"Prime","Declined"
"APP-20843B7C6B17","D1002","2026-05-15",48800,60,"Prime","Booked"
"APP-9ED70351E512","D1002","2026-05-15",54700,72,"Prime","Approved"
"APP-1D68F822E425","D1002","2026-05-15",52600,84,"Near_Prime","Booked"
"APP-E6F0ECFA27BF","D1002","2026-05-15",48500,60,"Near_Prime","Booked"
"APP-39D6A7AD0758","D1002","2026-05-15",36600,84,"Prime","Booked"
"APP-6EA6232E9DA3","D1002","2026-05-15",41900,72,"Prime","Booked"
"APP-E02B99D532A1","D1002","2026-05-15",41900,60,"Prime","Booked"
"APP-4A8B9039F4A2","D1002","2026-05-15",46900,84,"Prime","Booked"
"APP-061FDB0FDFD4","D1002","2026-05-15",55600,72,"Prime","Booked"
"APP-FCD543F408E7","D1002","2026-05-15",51300,60,"Prime","Booked"
"APP-8939EB2ACD9D","D1002","2026-05-15",58800,72,"Prime","Booked"
"APP-6340DCA25203","D1002","2026-05-16",37000,60,"Subprime","Declined"
"APP-761FDAFED174","D1002","2026-05-16",49600,72,"Prime","Declined"
"APP-0BC1B9CB76B0","D1002","2026-05-16",61800,60,"Prime","Approved"
"APP-268B2DBFC3C9","D1002","2026-05-16",55400,60,"Prime","Booked"
"APP-59D56C496A12","D1002","2026-05-17",58900,84,"Prime","Booked"
"APP-C2AF45296CCC","D1002","2026-05-17",49800,84,"Prime","Declined"
"APP-FEC5BAA53406","D1002","2026-05-17",57300,72,"Prime","Booked"
"APP-8530DE3C4A2D","D1002","2026-05-17",72000,84,"Prime","Declined"
"APP-F9855B8E36B5","D1002","2026-05-17",48100,84,"Prime","Declined"
"APP-93A4A0E920C5","D1002","2026-05-17",59300,84,"Prime","Booked"
"APP-76E0BB53CC0C","D1002","2026-05-18",39500,84,"Prime","Booked"
"APP-2360472E5A39","D1002","2026-05-18",42800,84,"Subprime","Booked"
"APP-F391F221054B","D1002","2026-05-18",55200,72,"Prime","Approved"
"APP-63FF311A2932","D1002","2026-05-18",50900,72,"Prime","Booked"
"APP-945F93F9F694","D1002","2026-05-18",52800,84,"Prime","Booked"
"APP-0F39031D6399","D1002","2026-05-18",53300,60,"Prime","Approved"
"APP-2A52FFBAA0C6","D1002","2026-05-18",45100,48,"Prime","Declined"
"APP-E356773ADBAC","D1002","2026-05-18",46500,84,"Prime","Booked"
"APP-C4959B725FD4","D1002","2026-05-19",50100,72,"Subprime","Booked"
"APP-FF3C5D89B435","D1002","2026-05-19",40200,48,"Prime","Approved"
"APP-22EEF5A53FD7","D1002","2026-05-19",47600,72,"Prime","Declined"
"APP-7EB5F5F8F7FF","D1002","2026-05-19",61900,60,"Prime","Booked"
"APP-215C25E6F7F1","D1002","2026-05-19",43400,84,"Subprime","Booked"
"APP-B1AF9CD88FE8","D1002","2026-05-19",52800,72,"Subprime","Declined"
"APP-B1648DFE4256","D1002","2026-05-19",56900,84,"Prime","Booked"
"APP-17F42E157146","D1002","2026-05-19",66900,72,"Prime","Booked"
"APP-FCE13D9273BC","D1002","2026-05-20",50000,72,"Prime","Declined"
"APP-3868C85FEB95","D1002","2026-05-20",60300,84,"Prime","Declined"
"APP-368DC5285297","D1002","2026-05-20",40300,72,"Prime","Booked"
"APP-A1D39D147DF9","D1002","2026-05-20",64700,60,"Prime","Declined"
"APP-E02070BCD3B0","D1002","2026-05-20",53400,84,"Prime","Booked"
"APP-3E71EDC66ED6","D1002","2026-05-20",50800,72,"Prime","Declined"
"APP-8410A258861A","D1002","2026-05-20",56400,84,"Prime","Booked"
"APP-E9B9BFB9EF13","D1002","2026-05-20",56500,72,"Prime","Booked"
"APP-3584E11A233B","D1002","2026-05-20",56600,84,"Near_Prime","Booked"
"APP-9E123ED0FE4E","D1002","2026-05-20",21200,72,"Subprime","Declined"
"APP-9D4EC6F59CC2","D1002","2026-05-21",71900,72,"Prime","Declined"
"APP-DB9A4D0A3A0F","D1002","2026-05-21",56300,60,"Prime","Booked"
"APP-9437C81A8829","D1002","2026-05-21",52400,72,"Prime","Approved"
"APP-32C42A6D97EA","D1002","2026-05-21",53100,60,"Near_Prime","Declined"
"APP-8B4D0EB0FB3A","D1002","2026-05-21",45300,84,"Prime","Booked"
"APP-CE0D12E54818","D1002","2026-05-21",54200,72,"Prime","Approved"
"APP-454DC51B87D4","D1002","2026-05-21",48300,72,"Prime","Booked"
"APP-81E25E60BF45","D1002","2026-05-21",50800,84,"Prime","Booked"
"APP-3E620F541381","D1002","2026-05-21",49100,72,"Near_Prime","Declined"
"APP-E15D92166D79","D1002","2026-05-21",36300,60,"Near_Prime","Declined"
"APP-9318DFDFD5B3","D1002","2026-05-21",36900,60,"Prime","Booked"
"APP-50A0A71B6A8A","D1002","2026-05-22",40200,84,"Prime","Approved"
"APP-ED5E3B43A966","D1002","2026-05-22",47400,60,"Subprime","Booked"
"APP-D5AEAD2B69AA","D1002","2026-05-22",49700,72,"Near_Prime","Declined"
"APP-804ED0A3F7EB","D1002","2026-05-22",35900,72,"Subprime","Declined"
"APP-0DAE05BF910A","D1002","2026-05-22",51700,60,"Prime","Booked"
"APP-E8880445C22E","D1002","2026-05-22",58700,48,"Near_Prime","Approved"
"APP-4D0C6B22285E","D1002","2026-05-22",55900,72,"Prime","Booked"
"APP-88F1C46F03F8","D1002","2026-05-23",30600,84,"Subprime","Declined"
"APP-A21EEE1F01BB","D1002","2026-05-23",69400,72,"Prime","Approved"
"APP-F0736461BDBD","D1002","2026-05-23",57000,84,"Prime","Approved"
"APP-BE6877B2A7AE","D1002","2026-05-23",54400,48,"Prime","Approved"
"APP-FF68473E25A8","D1002","2026-05-24",54700,72,"Prime","Booked"
"APP-E5D371E5A96D","D1002","2026-05-24",35900,72,"Subprime","Booked"
"APP-F71EED8B67D0","D1002","2026-05-24",64200,60,"Prime","Declined"
"APP-6B0A44E5D47E","D1002","2026-05-24",49400,60,"Prime","Booked"
"APP-81EB22EF800C","D1002","2026-05-24",65400,84,"Prime","Approved"
"APP-4C36FD22F50B","D1002","2026-05-25",51600,72,"Prime","Booked"
"APP-353A55A53316","D1002","2026-05-25",35800,60,"Subprime","Declined"
"APP-8A9538B98CAD","D1002","2026-05-25",53000,60,"Prime","Approved"
"APP-EF7BD1BB57D7","D1002","2026-05-25",44000,72,"Prime","Approved"
"APP-4220964E2720","D1002","2026-05-25",43000,72,"Subprime","Declined"
"APP-F35293E60D7D","D1002","2026-05-25",54300,84,"Prime","Approved"
"APP-3D043F826350","D1002","2026-05-25",46000,72,"Subprime","Booked"
"APP-DC1B57F9953D","D1002","2026-05-25",55200,48,"Prime","Approved"
"APP-3A7D292E9B0F","D1002","2026-05-26",47700,72,"Subprime","Booked"
"APP-38A968B82E0E","D1002","2026-05-26",54700,60,"Near_Prime","Declined"
"APP-E49AD388911C","D1002","2026-05-26",44100,60,"Near_Prime","Booked"
"APP-96DCFD737D5E","D1002","2026-05-26",62900,84,"Prime","Approved"
"APP-709E0FB04352","D1002","2026-05-26",54900,84,"Prime","Declined"
"APP-76E90F7EAB98","D1002","2026-05-26",53500,84,"Prime","Approved"
"APP-CA423E21672E","D1002","2026-05-26",49300,72,"Subprime","Booked"
"APP-F6A8BD4C844B","D1002","2026-05-26",58700,72,"Prime","Booked"
"APP-34F3E45E00AF","D1002","2026-05-26",52100,72,"Prime","Booked"
"APP-D115F82BE292","D1002","2026-05-26",59200,60,"Near_Prime","Approved"
"APP-3DDC7FEFE601","D1002","2026-05-26",62300,72,"Prime","Approved"
"APP-8318315A6136","D1002","2026-05-27",56600,72,"Prime","Declined"
"APP-AF102203515E","D1002","2026-05-27",35700,48,"Prime","Declined"
"APP-3EC2473D82E3","D1002","2026-05-27",38900,72,"Prime","Booked"
"APP-23900653481B","D1002","2026-05-27",63800,72,"Prime","Booked"
"APP-4122655E76D5","D1002","2026-05-27",45400,84,"Near_Prime","Approved"
"APP-8A755E186D04","D1002","2026-05-27",47900,72,"Prime","Booked"
"APP-E6964A5CA560","D1002","2026-05-27",53600,48,"Subprime","Booked"
"APP-2CFAE2214DA8","D1002","2026-05-27",44500,84,"Prime","Declined"
"APP-DD3E2FE8F047","D1002","2026-05-27",52100,84,"Near_Prime","Declined"
"APP-912C8C29E119","D1002","2026-05-27",59700,84,"Prime","Booked"
"APP-36AAA290E5E6","D1002","2026-05-27",49300,72,"Prime","Booked"
"APP-C26B439B0AC1","D1002","2026-05-27",50600,72,"Prime","Booked"
"APP-EB343491F87F","D1002","2026-05-28",37900,72,"Subprime","Booked"
"APP-2C6410FAF4D6","D1002","2026-05-28",49200,60,"Near_Prime","Booked"
"APP-91E732F11238","D1002","2026-05-28",72400,84,"Prime","Booked"
"APP-1ED90F5E5D55","D1002","2026-05-28",43300,48,"Prime","Declined"
"APP-AB6683659F1F","D1002","2026-05-28",51500,48,"Prime","Approved"
"APP-C4F766B261EF","D1002","2026-05-28",45000,84,"Near_Prime","Declined"
"APP-05DD0E162C15","D1002","2026-05-28",41600,60,"Subprime","Declined"
"APP-114B1BEDF739","D1002","2026-05-28",41200,72,"Subprime","Declined"
"APP-D491F377E4C4","D1002","2026-05-29",41800,60,"Prime","Booked"
"APP-766B515131C3","D1002","2026-05-29",56500,60,"Prime","Declined"
"APP-C3E1E67C634D","D1002","2026-05-29",56500,84,"Prime","Booked"
"APP-476CCDFD4AB9","D1002","2026-05-29",55700,72,"Prime","Booked"
"APP-EDCC59391733","D1002","2026-05-29",57200,60,"Prime","Declined"
"APP-5556C4CE3FEC","D1002","2026-05-29",58200,60,"Prime","Booked"
"APP-4CC4FE384534","D1002","2026-05-29",35100,72,"Subprime","Approved"
"APP-9823F83FE629","D1002","2026-05-29",43700,84,"Prime","Approved"
"APP-AE23419E8C65","D1002","2026-05-29",64600,72,"Near_Prime","Booked"
"APP-C065A4A0B669","D1002","2026-05-30",54300,60,"Prime","Declined"
"APP-F36AEE51992E","D1002","2026-05-30",54000,84,"Prime","Booked"
"APP-96E47C024360","D1002","2026-05-30",43100,84,"Near_Prime","Booked"
"APP-38E658943F8B","D1002","2026-05-30",50600,72,"Prime","Declined"
"APP-5154535B6D43","D1002","2026-05-30",41900,84,"Prime","Booked"
"APP-816236EEEFB1","D1002","2026-05-30",63800,48,"Prime","Declined"
"APP-1DD8C5CF54D3","D1002","2026-05-31",44100,72,"Subprime","Booked"
"APP-3243F1E133F9","D1002","2026-05-31",36600,84,"Subprime","Declined"
"APP-6C6ECB4BA0F9","D1002","2026-05-31",62700,60,"Prime","Declined"
"APP-66DB6EEA8900","D1002","2026-05-31",51000,84,"Prime","Approved"
"APP-CEABAF721E6C","D1002","2026-05-31",44700,72,"Prime","Declined"
"APP-05D97BC5DC69","D1002","2026-05-31",57700,60,"Prime","Approved"
"APP-A8F68D685639","D1002","2026-06-01",55400,48,"Near_Prime","Declined"
"APP-20396244B50A","D1002","2026-06-01",32400,84,"Prime","Declined"
"APP-34E7ACD0D6C4","D1002","2026-06-01",57800,72,"Near_Prime","Booked"
"APP-52A3DDEEB147","D1002","2026-06-01",51300,72,"Prime","Booked"
"APP-10224D06AE2F","D1002","2026-06-01",52400,60,"Subprime","Booked"
"APP-C3D02D13F216","D1002","2026-06-01",37900,48,"Subprime","Approved"
"APP-CA473974EE25","D1002","2026-06-01",43600,72,"Subprime","Booked"
"APP-FD4CC9C2E306","D1002","2026-06-01",44900,84,"Prime","Booked"
"APP-9399BD2D12AC","D1002","2026-06-02",50400,84,"Prime","Declined"
"APP-6098B501B6E0","D1002","2026-06-02",27100,72,"Subprime","Approved"
"APP-C65E724DAF08","D1002","2026-06-02",53000,84,"Prime","Booked"
"APP-60695E839537","D1002","2026-06-02",52200,72,"Prime","Booked"
"APP-1A00944C318F","D1002","2026-06-02",57500,84,"Prime","Booked"
"APP-B3E4506E821B","D1002","2026-06-02",54100,72,"Prime","Approved"
"APP-23D2D549667E","D1002","2026-06-02",48400,72,"Prime","Booked"
"APP-DE61D37D7EF6","D1002","2026-06-02",37700,72,"Subprime","Booked"
"APP-293DD174FBB5","D1002","2026-06-02",55600,60,"Subprime","Approved"
"APP-97CC0A522AF2","D1002","2026-06-02",64000,72,"Prime","Booked"
"APP-9C94CA2B2B40","D1002","2026-06-02",55200,72,"Prime","Booked"
"APP-728CD7192BA8","D1002","2026-06-03",46600,72,"Prime","Approved"
"APP-306751872D96","D1002","2026-06-03",47300,60,"Prime","Booked"
"APP-A5B5AFBB8C4E","D1002","2026-06-03",59700,72,"Prime","Booked"
"APP-FB4B1ABA999E","D1002","2026-06-03",54900,84,"Prime","Declined"
"APP-3BAC8F2F5B11","D1002","2026-06-03",42500,60,"Prime","Booked"
"APP-5AD61E712FCA","D1002","2026-06-03",39600,60,"Prime","Declined"
"APP-3C9BC4A00D6E","D1002","2026-06-03",63300,84,"Prime","Approved"
"APP-33A90EB65A30","D1002","2026-06-03",43000,60,"Subprime","Declined"
"APP-C989528606F1","D1002","2026-06-03",52400,72,"Prime","Declined"
"APP-DB69D24A3A3F","D1002","2026-06-03",51700,72,"Prime","Approved"
"APP-A1955D14AA45","D1002","2026-06-03",32700,84,"Subprime","Booked"
"APP-0DD06348DAA5","D1002","2026-06-04",46300,72,"Prime","Booked"
"APP-6E9662D9171F","D1002","2026-06-04",63600,84,"Near_Prime","Booked"
"APP-C53A5855757F","D1002","2026-06-04",47400,72,"Near_Prime","Booked"
"APP-CDAEC9B5A6D3","D1002","2026-06-04",58500,84,"Prime","Approved"
"APP-27F16019EF6C","D1002","2026-06-04",64900,84,"Prime","Booked"
"APP-7AA74B1DA444","D1002","2026-06-04",57100,72,"Prime","Booked"
"APP-E6BDF4B6BDE9","D1002","2026-06-04",48200,72,"Prime","Declined"
"APP-D48C72A27B0C","D1002","2026-06-04",44600,60,"Subprime","Booked"
"APP-42F75FFCC66C","D1002","2026-06-04",45600,48,"Prime","Approved"
"APP-AEFDEF03B946","D1002","2026-06-05",50500,48,"Prime","Approved"
"APP-918A939411C7","D1002","2026-06-05",42300,72,"Prime","Declined"
"APP-40D70FB66B30","D1002","2026-06-05",25200,84,"Near_Prime","Booked"
"APP-366DE16D6FD0","D1002","2026-06-05",55900,84,"Prime","Declined"
"APP-150AE824893F","D1002","2026-06-05",44500,48,"Prime","Approved"
"APP-EA89864E366A","D1002","2026-06-05",50900,84,"Prime","Declined"
"APP-1DD6519DC18A","D1002","2026-06-05",50200,72,"Prime","Booked"
"APP-D061534CFC4E","D1002","2026-06-05",24000,72,"Subprime","Booked"
"APP-14995B71E65D","D1002","2026-06-05",47600,72,"Near_Prime","Booked"
"APP-BAA1D5E055EA","D1002","2026-06-06",44900,72,"Subprime","Booked"
"APP-FF26837818D7","D1002","2026-06-06",55900,72,"Prime","Booked"
"APP-18700C05764C","D1002","2026-06-06",42600,72,"Subprime","Approved"
"APP-B97834B82F4D","D1002","2026-06-06",59000,60,"Near_Prime","Declined"
"APP-61922B8DC780","D1002","2026-06-07",40300,60,"Prime","Booked"
"APP-8CC85728912B","D1002","2026-06-07",57700,72,"Prime","Booked"
"APP-0AF9B4176762","D1002","2026-06-07",50400,48,"Prime","Booked"
"APP-D8CC6EB15F6C","D1002","2026-06-07",48700,48,"Prime","Booked"
"APP-3B2C86A6D26E","D1002","2026-06-07",47000,84,"Prime","Declined"
"APP-70C583349D81","D1002","2026-06-07",52000,60,"Prime","Booked"
"APP-9FCBA8328255","D1002","2026-06-08",64700,84,"Prime","Declined"
"APP-0FD09F61B105","D1002","2026-06-08",43900,60,"Subprime","Declined"
"APP-16076E6987B6","D1002","2026-06-08",47900,72,"Prime","Declined"
"APP-429BE6AE5EA1","D1002","2026-06-08",49500,60,"Prime","Booked"
"APP-15625F202870","D1002","2026-06-08",44000,84,"Prime","Booked"
"APP-9ABD7AC9C5C3","D1002","2026-06-08",51100,60,"Prime","Booked"
"APP-70D446B7116B","D1002","2026-06-08",56200,72,"Prime","Booked"
"APP-EB6B75510A38","D1002","2026-06-09",44700,60,"Prime","Booked"
"APP-A359107AED63","D1002","2026-06-09",53100,72,"Subprime","Booked"
"APP-0696CB2509D4","D1002","2026-06-09",48000,72,"Prime","Booked"
"APP-661E24F31DBD","D1002","2026-06-09",47600,60,"Prime","Booked"
"APP-77A9E6A4B648","D1002","2026-06-09",56700,72,"Prime","Approved"
"APP-913A07239807","D1002","2026-06-09",58700,84,"Near_Prime","Declined"
"APP-EDD77E370907","D1002","2026-06-09",49600,60,"Prime","Declined"
"APP-A7CE0B6D2AFE","D1002","2026-06-09",44300,72,"Prime","Booked"
"APP-1F3099F7764F","D1002","2026-06-09",56100,60,"Prime","Declined"
"APP-6205682128CD","D1002","2026-06-09",58800,72,"Near_Prime","Declined"
"APP-0A0470C3FD9B","D1002","2026-06-10",46900,84,"Prime","Booked"
"APP-32C10CB5AFEA","D1002","2026-06-10",54000,72,"Prime","Declined"
"APP-CC7FBB7301CF","D1002","2026-06-10",34400,72,"Prime","Approved"
"APP-E2F2317A3165","D1002","2026-06-10",44500,48,"Prime","Declined"
"APP-5727511BF499","D1002","2026-06-10",56600,60,"Prime","Approved"
"APP-111499F7ABBE","D1002","2026-06-10",45100,72,"Near_Prime","Approved"
"APP-D69DC1F53D76","D1002","2026-06-10",61700,48,"Prime","Approved"
"APP-E876E0287863","D1002","2026-06-10",68000,72,"Near_Prime","Booked"
"APP-8876C9143F37","D1002","2026-06-10",47400,72,"Near_Prime","Declined"
"APP-5F3939630F25","D1002","2026-06-11",53500,72,"Prime","Approved"
"APP-53FCC0849B64","D1002","2026-06-11",40300,84,"Subprime","Booked"
"APP-CCDEF43621E2","D1002","2026-06-11",58500,72,"Prime","Booked"
"APP-4A845BFA8A38","D1002","2026-06-11",49900,72,"Prime","Booked"
"APP-74625B7AE462","D1002","2026-06-11",60400,72,"Prime","Declined"
"APP-E7D52865F830","D1002","2026-06-11",40400,60,"Subprime","Declined"
"APP-FE1C29CDFBDC","D1002","2026-06-11",45400,72,"Prime","Booked"
"APP-C42ED9059D61","D1002","2026-06-11",51000,72,"Prime","Declined"
"APP-D59588216AF7","D1002","2026-06-11",55000,72,"Prime","Approved"
"APP-34BFADF21D54","D1002","2026-06-11",41600,60,"Subprime","Declined"
"APP-3E24BAE2B118","D1002","2026-06-11",41800,84,"Near_Prime","Booked"
"APP-1772D4113E14","D1002","2026-06-12",55700,72,"Prime","Approved"
"APP-382893E25AE1","D1002","2026-06-12",51000,84,"Prime","Declined"
"APP-461B56AACC3B","D1002","2026-06-12",55800,60,"Near_Prime","Approved"
"APP-3ED081787D7A","D1002","2026-06-12",47100,72,"Prime","Booked"
"APP-E3A551D57314","D1002","2026-06-12",42900,72,"Near_Prime","Booked"
"APP-8812F48CD084","D1002","2026-06-12",46900,60,"Subprime","Booked"
"APP-7AD74035B566","D1002","2026-06-12",52200,72,"Prime","Approved"
"APP-3B0582E874C9","D1002","2026-06-12",42700,60,"Near_Prime","Approved"
"APP-83106D9755C2","D1002","2026-06-13",59700,72,"Near_Prime","Booked"
"APP-C3C477B1AE97","D1002","2026-06-13",45800,60,"Prime","Booked"
"APP-F61B7B937676","D1002","2026-06-13",54900,48,"Prime","Declined"
"APP-B58FD9A0429C","D1002","2026-06-13",51000,84,"Near_Prime","Declined"
"APP-B4F1C2822B86","D1002","2026-06-13",52500,72,"Prime","Approved"
"APP-28A1CBEBEFF8","D1002","2026-06-13",59200,60,"Prime","Booked"
"APP-6F15F754F41C","D1002","2026-06-14",42800,72,"Prime","Booked"
"APP-0810DBCF5953","D1002","2026-06-14",38500,72,"Prime","Approved"
"APP-56823AA72736","D1002","2026-06-14",70500,48,"Prime","Declined"
"APP-DE80385A5A49","D1002","2026-06-14",40500,60,"Prime","Approved"
"APP-D14D021B4041","D1002","2026-06-15",49000,60,"Prime","Booked"
"APP-C6A720E12E1A","D1002","2026-06-15",47700,60,"Near_Prime","Booked"
"APP-B1254C370F90","D1002","2026-06-15",53300,72,"Near_Prime","Booked"
"APP-6A19878A1A69","D1002","2026-06-15",38800,72,"Near_Prime","Booked"
"APP-E17303D7DF4E","D1002","2026-06-15",52300,84,"Prime","Approved"
"APP-775620B73DA0","D1002","2026-06-15",59800,84,"Prime","Declined"
"APP-6B12FB2C38C1","D1002","2026-06-15",48500,72,"Prime","Approved"
"APP-F5FFB4370343","D1002","2026-06-15",54300,84,"Subprime","Booked"
"APP-A3E763DD6158","D1002","2026-06-15",42900,60,"Prime","Booked"
"APP-03C235932F0B","D1002","2026-06-15",44000,48,"Near_Prime","Booked"
"APP-71E4D2DF57B0","D1002","2026-06-15",55400,60,"Near_Prime","Booked"
"APP-56C71EFFABB1","D1002","2026-06-16",65500,60,"Prime","Approved"
"APP-F060606AB635","D1002","2026-06-16",63100,60,"Prime","Booked"
"APP-5839AC90815E","D1002","2026-06-16",36100,48,"Near_Prime","Approved"
"APP-EE6BF3CA41B0","D1002","2026-06-16",49500,72,"Subprime","Booked"
"APP-DAE416F3B028","D1002","2026-06-16",44500,72,"Near_Prime","Declined"
"APP-EBFB228A9496","D1002","2026-06-16",71800,60,"Prime","Booked"
"APP-14865A4C23D1","D1002","2026-06-16",59600,72,"Prime","Booked"
"APP-AC0C6C9D7637","D1002","2026-06-17",49500,72,"Prime","Booked"
"APP-D1948D2F7F75","D1002","2026-06-17",59800,72,"Near_Prime","Approved"
"APP-F068AFC663EA","D1002","2026-06-17",50200,60,"Prime","Booked"
"APP-81B075E6A31A","D1002","2026-06-17",60200,72,"Prime","Declined"
"APP-B0162A9529E1","D1002","2026-06-17",62100,72,"Prime","Approved"
"APP-94D0BCED4843","D1002","2026-06-17",57500,84,"Prime","Booked"
"APP-14E7AA357864","D1002","2026-06-17",35000,72,"Subprime","Booked"
"APP-B2871E1713E9","D1002","2026-06-17",38500,72,"Prime","Booked"
"APP-8FBDE8021975","D1002","2026-06-17",49300,84,"Prime","Approved"
"APP-212D2B4D7628","D1002","2026-06-17",51000,72,"Subprime","Declined"
"APP-B9FEFC736166","D1002","2026-06-18",59500,84,"Prime","Declined"
"APP-373B71E23086","D1002","2026-06-18",58400,60,"Prime","Approved"
"APP-C1794C32C330","D1002","2026-06-18",44200,84,"Prime","Declined"
"APP-25B28BF012DB","D1002","2026-06-18",49100,60,"Prime","Booked"
"APP-94B179F5A1E2","D1002","2026-06-18",51700,84,"Prime","Booked"
"APP-63BA0AE15520","D1002","2026-06-18",43500,60,"Prime","Declined"
"APP-EB49B667B22C","D1002","2026-06-18",59300,60,"Subprime","Declined"
"APP-6C239289B5BC","D1002","2026-06-18",46600,60,"Prime","Booked"
"APP-0B7AFE6AE2F7","D1002","2026-06-18",40700,72,"Prime","Booked"
"APP-A10FB750A9FD","D1002","2026-06-18",28100,72,"Prime","Booked"
"APP-F8DF01B75F03","D1002","2026-06-18",49600,72,"Prime","Booked"
"APP-E40E0EFB1597","D1002","2026-06-19",42000,60,"Subprime","Approved"
"APP-14A6282FA361","D1002","2026-06-19",55000,84,"Prime","Declined"
"APP-2A9F4E16CA83","D1002","2026-06-19",52100,72,"Near_Prime","Booked"
"APP-E5C6848000F4","D1002","2026-06-19",52900,72,"Subprime","Declined"
"APP-9810089A3714","D1002","2026-06-19",58000,72,"Prime","Booked"
"APP-8B53A138C0B5","D1002","2026-06-19",34900,60,"Subprime","Approved"
"APP-394B0896B088","D1002","2026-06-19",48800,72,"Prime","Approved"
"APP-331A0C84E695","D1002","2026-06-19",49000,72,"Prime","Booked"
"APP-CDCD3DB7D86D","D1002","2026-06-19",44300,72,"Near_Prime","Booked"
"APP-284411F4A5D9","D1002","2026-06-19",61600,48,"Prime","Booked"
"APP-F7BD3CCBE05D","D1002","2026-06-19",53900,72,"Prime","Booked"
"APP-5B89C0EA0251","D1002","2026-06-20",37800,48,"Prime","Booked"
"APP-D99E948FC29E","D1002","2026-06-20",46200,60,"Prime","Declined"
"APP-2AACECF378F3","D1002","2026-06-20",53100,60,"Prime","Booked"
"APP-6F20D5C8214C","D1002","2026-06-20",60900,72,"Prime","Declined"
"APP-9E8A3060226C","D1002","2026-06-20",80100,84,"Prime","Declined"
"APP-C70A2B6C188A","D1002","2026-06-20",53100,72,"Subprime","Booked"
"APP-CDF102E11F3E","D1002","2026-06-21",52000,72,"Near_Prime","Booked"
"APP-06B04122A141","D1002","2026-06-21",49600,84,"Prime","Booked"
"APP-7F2BBD3C2409","D1002","2026-06-21",32500,72,"Subprime","Booked"
"APP-AD6655C6E5EB","D1002","2026-06-21",44200,72,"Prime","Booked"
"APP-BE2248BEBB8F","D1002","2026-06-21",54800,72,"Prime","Approved"
"APP-EDCCFE218391","D1002","2026-06-22",39600,72,"Near_Prime","Booked"
"APP-507C8A1FCE30","D1002","2026-06-22",40000,84,"Subprime","Declined"
"APP-FF4E79DF11EB","D1002","2026-06-22",51900,72,"Subprime","Approved"
"APP-24B53D58BB7F","D1002","2026-06-22",53300,72,"Prime","Booked"
"APP-1C6B15D12E76","D1002","2026-06-22",39300,72,"Prime","Booked"
"APP-C93DEC367654","D1002","2026-06-22",38800,84,"Prime","Declined"
"APP-72E508D08D4F","D1002","2026-06-22",50200,72,"Subprime","Booked"
"APP-D9D93D74FA5A","D1002","2026-06-22",54600,60,"Prime","Booked"
"APP-2A6332912A42","D1002","2026-06-23",48700,72,"Near_Prime","Booked"
"APP-EF3B50C83BD1","D1002","2026-06-23",62900,60,"Near_Prime","Booked"
"APP-F2887198754E","D1002","2026-06-23",51800,72,"Prime","Booked"
"APP-01068ADFC0CA","D1002","2026-06-23",42700,72,"Near_Prime","Booked"
"APP-F96A9195E9C0","D1002","2026-06-23",54400,72,"Prime","Booked"
"APP-F82A23E200F4","D1002","2026-06-23",57800,72,"Prime","Approved"
"APP-9B47A4D05ACA","D1002","2026-06-23",48000,72,"Subprime","Booked"
"APP-D8A4048070F9","D1002","2026-06-23",42300,72,"Near_Prime","Booked"
"APP-C3874BCFE692","D1002","2026-06-24",66300,60,"Prime","Declined"
"APP-90439BE8CC7C","D1002","2026-06-24",62100,72,"Near_Prime","Booked"
"APP-E3843B844A56","D1002","2026-06-24",53500,72,"Near_Prime","Declined"
"APP-8472BBF8AB61","D1002","2026-06-24",67200,84,"Prime","Booked"
"APP-15CA1392871B","D1002","2026-06-24",42500,72,"Prime","Booked"
"APP-1DA1EEF4FAAC","D1002","2026-06-24",31700,72,"Prime","Approved"
"APP-711C72F2E8EA","D1002","2026-06-24",33000,72,"Subprime","Declined"
"APP-3B280E79E21F","D1002","2026-06-24",43700,72,"Prime","Booked"
"APP-C89C21A0C634","D1002","2026-06-24",47700,72,"Prime","Declined"
"APP-F099BB31FBB9","D1002","2026-06-24",64400,72,"Prime","Booked"
"APP-A3A067ECB517","D1002","2026-06-24",59300,72,"Prime","Approved"
"APP-A359F3B5703D","D1002","2026-06-25",44700,72,"Prime","Booked"
"APP-4C2912569334","D1002","2026-06-25",34900,84,"Subprime","Approved"
"APP-C15D5C13A6B1","D1002","2026-06-25",55900,72,"Prime","Declined"
"APP-3D551D115442","D1002","2026-06-25",71100,72,"Prime","Booked"
"APP-E3EC97D7BF49","D1002","2026-06-25",42500,84,"Subprime","Declined"
"APP-634098E57244","D1002","2026-06-25",39500,84,"Subprime","Booked"
"APP-6EC1475ACF57","D1002","2026-06-25",64900,72,"Prime","Approved"
"APP-C27CB212D76F","D1002","2026-06-25",51100,60,"Prime","Booked"
"APP-A0F191EF0638","D1002","2026-06-25",53800,72,"Prime","Approved"
"APP-F639B43CE5E9","D1002","2026-06-25",39800,72,"Subprime","Approved"
"APP-A6DDAF4E9A1C","D1002","2026-06-25",48000,84,"Near_Prime","Declined"
"APP-F47C54876CBF","D1002","2026-06-25",60000,60,"Prime","Booked"
"APP-2C46DC836BD5","D1003","2026-03-28",35300,72,"Prime","Declined"
"APP-4CD7E9E68D4E","D1003","2026-03-28",31800,72,"Prime","Booked"
"APP-BD0B1D9D6322","D1003","2026-03-28",36500,84,"Subprime","Approved"
"APP-0BB33ACD4A39","D1003","2026-03-28",36100,84,"Prime","Approved"
"APP-BB4CE8AFD75B","D1003","2026-03-28",35800,84,"Subprime","Declined"
"APP-0AE499890C59","D1003","2026-03-29",47000,72,"Prime","Booked"
"APP-058D2CF009BF","D1003","2026-03-29",49800,84,"Prime","Declined"
"APP-DFA343F88795","D1003","2026-03-29",47900,60,"Prime","Approved"
"APP-38256FE2DD43","D1003","2026-03-29",37600,72,"Prime","Declined"
"APP-A6D6B8B6CF23","D1003","2026-03-29",40600,60,"Near_Prime","Booked"
"APP-A7FD2EF72BD3","D1003","2026-03-29",33200,72,"Prime","Booked"
"APP-425C3C9E49BD","D1003","2026-03-30",45700,60,"Near_Prime","Declined"
"APP-0E39B9110018","D1003","2026-03-30",41400,72,"Prime","Booked"
"APP-13ABE2BE9BBD","D1003","2026-03-30",45300,72,"Near_Prime","Booked"
"APP-0E166D84E938","D1003","2026-03-30",48800,48,"Near_Prime","Declined"
"APP-92BADEB0708B","D1003","2026-03-30",47100,72,"Prime","Booked"
"APP-8881B82FAFF6","D1003","2026-03-30",37600,84,"Prime","Booked"
"APP-633C337C1787","D1003","2026-03-30",34400,72,"Prime","Booked"
"APP-0C5168D12C0D","D1003","2026-03-30",42500,60,"Prime","Booked"
"APP-94FA304F48E8","D1003","2026-03-31",45800,84,"Prime","Approved"
"APP-A00AFF0FBCCC","D1003","2026-03-31",34300,72,"Prime","Booked"
"APP-18285CCA8D28","D1003","2026-03-31",43000,60,"Subprime","Booked"
"APP-EF503EDBB8B0","D1003","2026-03-31",40800,84,"Prime","Approved"
"APP-7539A494BE83","D1003","2026-03-31",44100,72,"Near_Prime","Booked"
"APP-0091739A0BA3","D1003","2026-03-31",43700,60,"Prime","Approved"
"APP-BACF1D45FC54","D1003","2026-03-31",48400,84,"Prime","Booked"
"APP-69D06AD005E2","D1003","2026-03-31",44800,84,"Prime","Approved"
"APP-DAC2CE3315B1","D1003","2026-03-31",54900,48,"Prime","Declined"
"APP-685889E4E6E5","D1003","2026-04-01",44300,84,"Near_Prime","Approved"
"APP-426A533F24D2","D1003","2026-04-01",43400,84,"Near_Prime","Booked"
"APP-21CD9DC5458C","D1003","2026-04-01",46300,72,"Prime","Booked"
"APP-143D7E0D2516","D1003","2026-04-01",33400,48,"Near_Prime","Approved"
"APP-81F798F5033F","D1003","2026-04-01",43100,48,"Prime","Declined"
"APP-576C3A0A5B5D","D1003","2026-04-01",36800,72,"Near_Prime","Declined"
"APP-840A7019C482","D1003","2026-04-01",36300,60,"Prime","Booked"
"APP-257A300892B4","D1003","2026-04-01",42800,48,"Prime","Approved"
"APP-251BE4A6FACC","D1003","2026-04-01",49700,72,"Prime","Declined"
"APP-380241644414","D1003","2026-04-01",34100,72,"Prime","Declined"
"APP-A0D12A9BA54C","D1003","2026-04-01",41300,48,"Near_Prime","Booked"
"APP-763B38C343BB","D1003","2026-04-02",37300,60,"Prime","Booked"
"APP-0DD1E8AA8C7C","D1003","2026-04-02",35700,60,"Near_Prime","Booked"
"APP-05AF92944FFB","D1003","2026-04-02",44100,60,"Prime","Declined"
"APP-D8E98598DE46","D1003","2026-04-02",67200,84,"Prime","Booked"
"APP-6101EA2F8DA6","D1003","2026-04-02",51900,72,"Prime","Declined"
"APP-3D9BF8C8D567","D1003","2026-04-02",41500,48,"Prime","Approved"
"APP-E146E8E6D9C9","D1003","2026-04-02",42700,72,"Near_Prime","Booked"
"APP-F2D3C6A6B865","D1003","2026-04-02",54100,48,"Prime","Declined"
"APP-B16FD90449D6","D1003","2026-04-02",34700,60,"Subprime","Declined"
"APP-966EB4FBBFA8","D1003","2026-04-02",38900,48,"Subprime","Booked"
"APP-FD83D4379A25","D1003","2026-04-02",52800,72,"Prime","Declined"
"APP-3F8D9E980F53","D1003","2026-04-02",36400,72,"Prime","Declined"
"APP-ADCE37F4AE94","D1003","2026-04-03",36300,72,"Prime","Booked"
"APP-D4FA1F664F4A","D1003","2026-04-03",40300,60,"Prime","Approved"
"APP-C4D73F21A102","D1003","2026-04-03",45300,72,"Prime","Declined"
"APP-630FF8334AA4","D1003","2026-04-03",37200,60,"Subprime","Approved"
"APP-E27E6B3D530D","D1003","2026-04-03",51700,60,"Prime","Declined"
"APP-876A6DA1F219","D1003","2026-04-03",42100,84,"Prime","Approved"
"APP-85AA8A4AD570","D1003","2026-04-03",40500,84,"Prime","Booked"
"APP-18477FED3062","D1003","2026-04-03",46000,60,"Prime","Declined"
"APP-3F7D86874914","D1003","2026-04-03",53900,60,"Prime","Booked"
"APP-036458329531","D1003","2026-04-04",43600,72,"Subprime","Booked"
"APP-53C4F880DCA5","D1003","2026-04-04",50000,48,"Prime","Booked"
"APP-3922C6A7CBE0","D1003","2026-04-04",36200,84,"Subprime","Booked"
"APP-39307EF21B8A","D1003","2026-04-04",37600,60,"Near_Prime","Declined"
"APP-D255813341AB","D1003","2026-04-04",37600,72,"Prime","Approved"
"APP-07C9E7CE6706","D1003","2026-04-04",41600,72,"Subprime","Booked"
"APP-F11082760765","D1003","2026-04-05",40100,72,"Prime","Declined"
"APP-D2F97D9F6643","D1003","2026-04-05",45400,48,"Prime","Declined"
"APP-23E92A593AA3","D1003","2026-04-05",50700,84,"Prime","Booked"
"APP-B3721C9F5833","D1003","2026-04-05",37200,60,"Prime","Booked"
"APP-C8CEB36D3EE0","D1003","2026-04-05",47100,72,"Prime","Declined"
"APP-81C30A27F62B","D1003","2026-04-06",56300,84,"Prime","Booked"
"APP-A3C80CF14D2A","D1003","2026-04-06",38300,72,"Subprime","Declined"
"APP-98236A730C52","D1003","2026-04-06",44400,84,"Prime","Declined"
"APP-4B41540F93C7","D1003","2026-04-06",41800,60,"Prime","Booked"
"APP-2D846FBEEFB6","D1003","2026-04-06",46800,60,"Subprime","Approved"
"APP-63631FF333A5","D1003","2026-04-06",43300,84,"Prime","Approved"
"APP-E5FE65A5AB94","D1003","2026-04-06",47900,84,"Near_Prime","Declined"
"APP-62C7EC3FFA91","D1003","2026-04-06",48000,60,"Prime","Approved"
"APP-5A4531418EB0","D1003","2026-04-06",41900,48,"Prime","Booked"
"APP-250C6EB737B3","D1003","2026-04-07",50300,60,"Prime","Declined"
"APP-1BD790BF5E0F","D1003","2026-04-07",46000,72,"Prime","Declined"
"APP-4645A411638C","D1003","2026-04-07",50100,84,"Prime","Booked"
"APP-5FFCF73A1BF1","D1003","2026-04-07",39800,72,"Subprime","Declined"
"APP-D57405623F51","D1003","2026-04-07",42100,84,"Prime","Booked"
"APP-B269AEEA83C0","D1003","2026-04-07",46900,72,"Prime","Declined"
"APP-6F61CC5ADA89","D1003","2026-04-07",52700,84,"Near_Prime","Declined"
"APP-F0D64A12F519","D1003","2026-04-07",49200,60,"Prime","Declined"
"APP-E9A574D39AFF","D1003","2026-04-07",45000,72,"Near_Prime","Approved"
"APP-99AA279CC294","D1003","2026-04-07",50000,84,"Prime","Approved"
"APP-FCCB069DC8F1","D1003","2026-04-08",47300,60,"Near_Prime","Declined"
"APP-80DBE8013A60","D1003","2026-04-08",40700,48,"Prime","Booked"
"APP-3E5D70E2E9B1","D1003","2026-04-08",41800,72,"Subprime","Declined"
"APP-9370759390FA","D1003","2026-04-08",34300,60,"Subprime","Approved"
"APP-297597063095","D1003","2026-04-08",40600,48,"Prime","Declined"
"APP-8927EB473CB0","D1003","2026-04-08",27300,48,"Subprime","Declined"
"APP-5286AFC15A33","D1003","2026-04-08",46200,84,"Subprime","Declined"
"APP-D2048814202C","D1003","2026-04-08",58500,84,"Prime","Booked"
"APP-F599300001BC","D1003","2026-04-08",40500,84,"Subprime","Booked"
"APP-7C436859EB53","D1003","2026-04-08",42700,60,"Prime","Booked"
"APP-0B2B04299267","D1003","2026-04-09",44200,84,"Prime","Approved"
"APP-967B5E59830A","D1003","2026-04-09",34200,72,"Prime","Approved"
"APP-C966002AA47B","D1003","2026-04-09",48400,60,"Near_Prime","Declined"
"APP-BFD54A0BC7FC","D1003","2026-04-09",43600,72,"Prime","Approved"
"APP-B566780D386C","D1003","2026-04-09",37900,48,"Near_Prime","Declined"
"APP-226F6EE5ED69","D1003","2026-04-09",43100,60,"Prime","Booked"
"APP-25A100A6F476","D1003","2026-04-09",37100,48,"Near_Prime","Approved"
"APP-154CFF9137D0","D1003","2026-04-09",46100,48,"Prime","Declined"
"APP-D1DE174CD219","D1003","2026-04-10",46000,72,"Near_Prime","Booked"
"APP-7A724DDD29FF","D1003","2026-04-10",34800,72,"Subprime","Approved"
"APP-B492FDD8783A","D1003","2026-04-10",48100,60,"Prime","Booked"
"APP-7DDB8395221E","D1003","2026-04-10",47900,48,"Prime","Booked"
"APP-0D5356E493BC","D1003","2026-04-10",44600,72,"Prime","Declined"
"APP-D9E238B12CB4","D1003","2026-04-10",32900,72,"Subprime","Approved"
"APP-C99899104427","D1003","2026-04-10",33300,72,"Prime","Approved"
"APP-07C6904BFFAB","D1003","2026-04-10",41000,72,"Prime","Declined"
"APP-2CA1E7B2F19C","D1003","2026-04-10",49400,60,"Prime","Booked"
"APP-A1614492813F","D1003","2026-04-10",41500,84,"Subprime","Declined"
"APP-45366EF6503D","D1003","2026-04-10",39500,72,"Prime","Booked"
"APP-40F67357947A","D1003","2026-04-10",43800,72,"Near_Prime","Booked"
"APP-94A14C760845","D1003","2026-04-11",49200,60,"Prime","Declined"
"APP-23163EE8B8E0","D1003","2026-04-11",43100,60,"Prime","Declined"
"APP-2970578BB17C","D1003","2026-04-11",44900,84,"Prime","Booked"
"APP-AFFC2C4154C7","D1003","2026-04-11",41300,72,"Prime","Booked"
"APP-52F99D607367","D1003","2026-04-11",48000,60,"Prime","Approved"
"APP-6F6E6C06C1C2","D1003","2026-04-11",38800,84,"Prime","Approved"
"APP-150053BB8C5E","D1003","2026-04-12",38600,72,"Prime","Approved"
"APP-9216D4B643CC","D1003","2026-04-12",39500,48,"Prime","Declined"
"APP-A3D85FA2B931","D1003","2026-04-12",45000,72,"Near_Prime","Declined"
"APP-70BBD3D48B93","D1003","2026-04-12",35600,84,"Near_Prime","Booked"
"APP-DC8AC57E4730","D1003","2026-04-12",44500,48,"Prime","Declined"
"APP-FD81571B8E7F","D1003","2026-04-13",49800,84,"Prime","Booked"
"APP-56D22F84A519","D1003","2026-04-13",34500,60,"Subprime","Declined"
"APP-A505A4B3EB03","D1003","2026-04-13",36500,72,"Subprime","Booked"
"APP-FA06CD26C92A","D1003","2026-04-13",35300,60,"Prime","Approved"
"APP-58B986DA89DB","D1003","2026-04-13",39200,60,"Prime","Booked"
"APP-3160925B0952","D1003","2026-04-13",48200,84,"Prime","Declined"
"APP-E5D98556826C","D1003","2026-04-13",34300,84,"Near_Prime","Declined"
"APP-8675A66848CA","D1003","2026-04-13",44500,72,"Prime","Approved"
"APP-196D2860A6AE","D1003","2026-04-13",39400,84,"Prime","Declined"
"APP-68E4D857CE7F","D1003","2026-04-13",38000,84,"Prime","Declined"
"APP-0DB7BAD731EC","D1003","2026-04-14",53500,72,"Near_Prime","Declined"
"APP-051BE8DB28F6","D1003","2026-04-14",39700,84,"Subprime","Booked"
"APP-E2FD7B828D93","D1003","2026-04-14",51500,72,"Prime","Booked"
"APP-459668D9E3E4","D1003","2026-04-14",50700,72,"Prime","Approved"
"APP-96029C741813","D1003","2026-04-14",39200,60,"Subprime","Booked"
"APP-60631F541F03","D1003","2026-04-14",51300,72,"Prime","Declined"
"APP-E2C584B15EA1","D1003","2026-04-14",35300,48,"Subprime","Booked"
"APP-80F83B04FD41","D1003","2026-04-14",41000,60,"Prime","Approved"
"APP-8443E5BBCD17","D1003","2026-04-14",33200,60,"Near_Prime","Approved"
"APP-635EC9868F3D","D1003","2026-04-14",45800,84,"Prime","Declined"
"APP-D8FFBF6B270B","D1003","2026-04-15",54100,72,"Prime","Booked"
"APP-08AA197DBEF9","D1003","2026-04-15",50300,72,"Prime","Booked"
"APP-8A513464C386","D1003","2026-04-15",45100,72,"Prime","Declined"
"APP-489D7964C63B","D1003","2026-04-15",43700,84,"Prime","Declined"
"APP-3AE7CCA46D5F","D1003","2026-04-15",48400,72,"Subprime","Approved"
"APP-223A5495C2E0","D1003","2026-04-15",46900,72,"Prime","Declined"
"APP-D83CB2C34607","D1003","2026-04-15",40700,48,"Prime","Declined"
"APP-FC575B22B170","D1003","2026-04-15",52100,72,"Near_Prime","Approved"
"APP-DEEF38F07966","D1003","2026-04-15",44400,72,"Near_Prime","Booked"
"APP-E6478B881BDB","D1003","2026-04-15",50500,72,"Prime","Approved"
"APP-C2A9C7E20446","D1003","2026-04-15",50400,84,"Prime","Declined"
"APP-3F181D6AF7DF","D1003","2026-04-16",35600,72,"Prime","Booked"
"APP-769472E35A7F","D1003","2026-04-16",47100,72,"Prime","Declined"
"APP-46ADFB810FD6","D1003","2026-04-16",50900,72,"Prime","Booked"
"APP-F04BAA92F045","D1003","2026-04-16",43200,72,"Prime","Booked"
"APP-1475186F6EF2","D1003","2026-04-16",47600,60,"Prime","Declined"
"APP-93B10AB5E5E1","D1003","2026-04-16",44900,72,"Prime","Booked"
"APP-56CE148EE8F4","D1003","2026-04-16",45000,72,"Prime","Approved"
"APP-80D76AD599FB","D1003","2026-04-16",45600,60,"Near_Prime","Approved"
"APP-BF2BC0DAE849","D1003","2026-04-16",49400,60,"Near_Prime","Booked"
"APP-B2E810BDE087","D1003","2026-04-16",38900,60,"Prime","Booked"
"APP-B196BA67659F","D1003","2026-04-16",34000,84,"Prime","Declined"
"APP-BE885A6589B2","D1003","2026-04-17",51000,84,"Prime","Booked"
"APP-4CB243D45A89","D1003","2026-04-17",40900,48,"Prime","Approved"
"APP-82D460CBA89A","D1003","2026-04-17",26100,48,"Near_Prime","Booked"
"APP-C65BBBC96B29","D1003","2026-04-17",44600,72,"Prime","Booked"
"APP-68AAA7D59EB7","D1003","2026-04-17",43300,72,"Prime","Booked"
"APP-CF2D6CD9DFCE","D1003","2026-04-17",46000,72,"Prime","Booked"
"APP-FF4C92C193C2","D1003","2026-04-17",40800,60,"Prime","Booked"
"APP-BA6EFDCBC966","D1003","2026-04-17",45000,48,"Prime","Declined"
"APP-1AF0CEA7A6AD","D1003","2026-04-17",43600,72,"Near_Prime","Booked"
"APP-7AD599382C51","D1003","2026-04-17",43600,60,"Near_Prime","Declined"
"APP-C6A716DFD06D","D1003","2026-04-18",41800,72,"Subprime","Declined"
"APP-A2B7ACB0522E","D1003","2026-04-18",40900,84,"Prime","Declined"
"APP-C0B994F87A3F","D1003","2026-04-18",41800,72,"Prime","Declined"
"APP-0C842E5D29C4","D1003","2026-04-18",46400,72,"Near_Prime","Booked"
"APP-DB56335FAC92","D1003","2026-04-18",40900,84,"Subprime","Declined"
"APP-EA0E8992007B","D1003","2026-04-18",38800,72,"Subprime","Declined"
"APP-14CD7435DA63","D1003","2026-04-19",53000,60,"Prime","Declined"
"APP-F7B96B0459FE","D1003","2026-04-19",39000,60,"Subprime","Booked"
"APP-4D357AD48EF2","D1003","2026-04-19",50700,72,"Prime","Approved"
"APP-0BB1D830CF80","D1003","2026-04-19",49400,72,"Near_Prime","Booked"
"APP-0CD2E585FB92","D1003","2026-04-19",38500,72,"Prime","Booked"
"APP-E459BE5E406E","D1003","2026-04-20",43400,60,"Prime","Declined"
"APP-2C05BF4024CA","D1003","2026-04-20",37000,60,"Prime","Booked"
"APP-FC53FC22ADD0","D1003","2026-04-20",51000,72,"Prime","Booked"
"APP-59FDF3D75072","D1003","2026-04-20",38000,72,"Near_Prime","Booked"
"APP-52A15BFE2824","D1003","2026-04-20",42300,60,"Prime","Approved"
"APP-CFEE5D6A176F","D1003","2026-04-20",58300,84,"Prime","Booked"
"APP-877C934D9BA7","D1003","2026-04-20",39300,72,"Prime","Booked"
"APP-64DDDEEABC79","D1003","2026-04-20",49700,84,"Prime","Booked"
"APP-648E64559E8E","D1003","2026-04-20",47000,60,"Prime","Declined"
"APP-714F0B4725E3","D1003","2026-04-21",39300,72,"Near_Prime","Booked"
"APP-FC35AF431F24","D1003","2026-04-21",50300,72,"Prime","Booked"
"APP-683CA525C247","D1003","2026-04-21",31200,72,"Prime","Approved"
"APP-B555DA55C146","D1003","2026-04-21",40500,84,"Prime","Booked"
"APP-96E86AD85D60","D1003","2026-04-21",54200,72,"Prime","Declined"
"APP-C4CECF5469DD","D1003","2026-04-21",39000,84,"Prime","Booked"
"APP-3F7A5705A441","D1003","2026-04-21",41100,72,"Prime","Declined"
"APP-77FA63866F3F","D1003","2026-04-21",49700,72,"Prime","Booked"
"APP-211D057A2B70","D1003","2026-04-22",38700,48,"Prime","Declined"
"APP-F9A73AD829F7","D1003","2026-04-22",45500,72,"Prime","Approved"
"APP-8FAA2050D283","D1003","2026-04-22",40100,72,"Subprime","Approved"
"APP-A7F50412BDDB","D1003","2026-04-22",47900,60,"Subprime","Declined"
"APP-D1EF074DB02D","D1003","2026-04-22",49800,84,"Prime","Declined"
"APP-34AD1862A29D","D1003","2026-04-22",37400,84,"Prime","Declined"
"APP-4053882ADFAD","D1003","2026-04-22",36100,84,"Prime","Approved"
"APP-B73524D0E0D2","D1003","2026-04-22",43800,84,"Near_Prime","Approved"
"APP-E6C9DF4CC249","D1003","2026-04-22",36900,72,"Subprime","Booked"
"APP-8E5B9A85B538","D1003","2026-04-22",51700,72,"Prime","Booked"
"APP-11B6BDBA5D8D","D1003","2026-04-22",40600,84,"Prime","Declined"
"APP-D9A44EE08B1B","D1003","2026-04-23",45700,48,"Prime","Approved"
"APP-D84D29E11639","D1003","2026-04-23",44800,84,"Near_Prime","Declined"
"APP-520A7B98946A","D1003","2026-04-23",56000,72,"Prime","Approved"
"APP-BE9C45CF4CE4","D1003","2026-04-23",45000,72,"Prime","Approved"
"APP-C3061DD4BA82","D1003","2026-04-23",47100,84,"Prime","Booked"
"APP-E7873AA043E3","D1003","2026-04-23",54800,72,"Prime","Declined"
"APP-770D50EAFF00","D1003","2026-04-23",46400,72,"Prime","Approved"
"APP-779E53856E8A","D1003","2026-04-23",50200,72,"Prime","Booked"
"APP-4411EF6A5DB6","D1003","2026-04-23",46600,72,"Prime","Approved"
"APP-4773646D475F","D1003","2026-04-23",47100,72,"Prime","Declined"
"APP-301A8E99C426","D1003","2026-04-23",47000,84,"Prime","Declined"
"APP-93A0BA25D9D4","D1003","2026-04-23",39600,84,"Prime","Declined"
"APP-515BB337C2DE","D1003","2026-04-24",40000,84,"Prime","Declined"
"APP-56042E865E51","D1003","2026-04-24",50700,72,"Near_Prime","Declined"
"APP-3EF094815AA3","D1003","2026-04-24",42400,72,"Near_Prime","Approved"
"APP-247214760D4E","D1003","2026-04-24",40300,84,"Near_Prime","Approved"
"APP-1C23ECB6A8ED","D1003","2026-04-24",41900,72,"Prime","Booked"
"APP-FA345A1ED6A2","D1003","2026-04-24",39400,84,"Prime","Booked"
"APP-0629CB90BE72","D1003","2026-04-24",39200,60,"Prime","Declined"
"APP-139B1CC22899","D1003","2026-04-24",35800,84,"Subprime","Booked"
"APP-37805F7E5307","D1003","2026-04-25",38100,84,"Near_Prime","Booked"
"APP-A9B948D11D32","D1003","2026-04-25",42600,48,"Subprime","Booked"
"APP-5B546F8F137B","D1003","2026-04-25",55400,72,"Prime","Booked"
"APP-F74ACB72AD43","D1003","2026-04-25",48600,72,"Prime","Declined"
"APP-5F1120F04074","D1003","2026-04-25",31900,72,"Subprime","Booked"
"APP-6C0758BD74A5","D1003","2026-04-25",38200,72,"Prime","Booked"
"APP-6E76EE33B7AD","D1003","2026-04-26",58300,60,"Prime","Approved"
"APP-59EF3BAD41B8","D1003","2026-04-26",37100,84,"Prime","Booked"
"APP-E669B59A9881","D1003","2026-04-26",42400,60,"Prime","Booked"
"APP-186CC1794C72","D1003","2026-04-26",50900,60,"Near_Prime","Booked"
"APP-6D9686BEC70B","D1003","2026-04-26",43400,60,"Prime","Booked"
"APP-32D1D88ADBEA","D1003","2026-04-27",40000,84,"Near_Prime","Declined"
"APP-47ECA3EB5A22","D1003","2026-04-27",51900,72,"Prime","Approved"
"APP-C8798B65D567","D1003","2026-04-27",50100,48,"Prime","Booked"
"APP-48AE24273195","D1003","2026-04-27",39600,60,"Near_Prime","Booked"
"APP-1016BA794204","D1003","2026-04-27",31800,72,"Subprime","Declined"
"APP-9EAB7E83C811","D1003","2026-04-27",35300,48,"Subprime","Declined"
"APP-6CD81A8A2874","D1003","2026-04-27",44300,72,"Prime","Declined"
"APP-4589559AAFF9","D1003","2026-04-27",46800,72,"Prime","Booked"
"APP-9CF758303B5E","D1003","2026-04-27",45800,72,"Prime","Booked"
"APP-410EAB33B86C","D1003","2026-04-27",44800,60,"Prime","Booked"
"APP-A10B7DC77B72","D1003","2026-04-27",45600,60,"Prime","Booked"
"APP-9E47E2AE9FAE","D1003","2026-04-28",42500,60,"Prime","Approved"
"APP-A01378BCEFE0","D1003","2026-04-28",35700,84,"Prime","Booked"
"APP-9388E6AD5D41","D1003","2026-04-28",40100,72,"Prime","Declined"
"APP-F544C32673DD","D1003","2026-04-28",48900,72,"Prime","Approved"
"APP-97CF90CEE7EF","D1003","2026-04-28",45900,84,"Prime","Approved"
"APP-827485F428FE","D1003","2026-04-28",38300,84,"Prime","Booked"
"APP-428A8CA8179E","D1003","2026-04-28",42400,84,"Subprime","Booked"
"APP-3ED187983D99","D1003","2026-04-28",37800,72,"Prime","Approved"
"APP-CD5721E77023","D1003","2026-04-29",35400,60,"Prime","Booked"
"APP-F9D9EC09B6DC","D1003","2026-04-29",45300,84,"Prime","Booked"
"APP-0363AD59F1F4","D1003","2026-04-29",38600,72,"Near_Prime","Booked"
"APP-07563E514165","D1003","2026-04-29",46200,48,"Prime","Declined"
"APP-085FCD697DB1","D1003","2026-04-29",39200,72,"Prime","Booked"
"APP-B412679DF165","D1003","2026-04-29",52200,72,"Prime","Declined"
"APP-1EF938CF492D","D1003","2026-04-29",41500,48,"Prime","Booked"
"APP-BDDFD7093EFF","D1003","2026-04-29",48100,48,"Prime","Approved"
"APP-84D45E6D7028","D1003","2026-04-29",45400,72,"Prime","Approved"
"APP-1BCFA941977A","D1003","2026-04-29",50700,72,"Prime","Approved"
"APP-7A4F55FC5168","D1003","2026-04-29",38100,84,"Near_Prime","Booked"
"APP-06DAF5ED7C0D","D1003","2026-04-29",30500,48,"Prime","Booked"
"APP-C007FF289085","D1003","2026-04-30",46900,84,"Prime","Declined"
"APP-2DCD4C8C2590","D1003","2026-04-30",44200,84,"Prime","Booked"
"APP-A3A0BD61347B","D1003","2026-04-30",42100,84,"Near_Prime","Booked"
"APP-CDD1B0A5D59C","D1003","2026-04-30",55600,84,"Prime","Booked"
"APP-20F376E56ECB","D1003","2026-04-30",37900,84,"Near_Prime","Declined"
"APP-6E05F84AACDF","D1003","2026-04-30",49500,72,"Prime","Booked"
"APP-9A4523B0AE5C","D1003","2026-04-30",44300,72,"Prime","Booked"
"APP-437968D6E5C4","D1003","2026-04-30",52900,84,"Prime","Booked"
"APP-EC914D109D12","D1003","2026-04-30",43800,60,"Subprime","Booked"
"APP-814C50684ACF","D1003","2026-05-01",46400,60,"Prime","Approved"
"APP-A5E21AF13AF5","D1003","2026-05-01",39700,84,"Near_Prime","Booked"
"APP-33FCEF814F02","D1003","2026-05-01",31200,72,"Prime","Booked"
"APP-CCEFF8F1856A","D1003","2026-05-01",43100,48,"Prime","Approved"
"APP-092641330D9A","D1003","2026-05-01",51700,48,"Prime","Declined"
"APP-65442C08DB69","D1003","2026-05-01",32300,72,"Near_Prime","Booked"
"APP-D3B1AFED5766","D1003","2026-05-01",39600,72,"Prime","Declined"
"APP-663055C9B9C4","D1003","2026-05-01",40700,60,"Subprime","Booked"
"APP-C1300BAF2F61","D1003","2026-05-01",40000,60,"Prime","Booked"
"APP-28CCC61C0538","D1003","2026-05-01",33900,48,"Subprime","Declined"
"APP-8FBA5D1603B5","D1003","2026-05-02",43900,72,"Prime","Booked"
"APP-C60E990C2DE2","D1003","2026-05-02",47200,84,"Prime","Approved"
"APP-B47CD04B205D","D1003","2026-05-02",43700,48,"Near_Prime","Declined"
"APP-3ACC13CF4C75","D1003","2026-05-02",42200,72,"Prime","Approved"
"APP-BBF3C6D8B371","D1003","2026-05-02",46800,72,"Prime","Booked"
"APP-418BBA3CF483","D1003","2026-05-02",49000,72,"Prime","Booked"
"APP-7D7C3E6A2EA8","D1003","2026-05-03",39000,60,"Prime","Booked"
"APP-AD3249E2C55B","D1003","2026-05-03",39900,48,"Subprime","Declined"
"APP-22733493F152","D1003","2026-05-03",39700,60,"Subprime","Booked"
"APP-A40BEFC48F21","D1003","2026-05-03",41400,84,"Prime","Booked"
"APP-D1B69D41AB77","D1003","2026-05-03",41500,60,"Prime","Approved"
"APP-C5A1DC870669","D1003","2026-05-03",50400,72,"Near_Prime","Approved"
"APP-674B6693A703","D1003","2026-05-04",47200,48,"Prime","Booked"
"APP-155F888D48C5","D1003","2026-05-04",37500,84,"Prime","Declined"
"APP-BA5B8DE79047","D1003","2026-05-04",37200,72,"Subprime","Booked"
"APP-46F378197115","D1003","2026-05-04",54100,72,"Prime","Approved"
"APP-AF01E3ED79A5","D1003","2026-05-04",48100,84,"Prime","Approved"
"APP-70128286751A","D1003","2026-05-04",39600,60,"Prime","Booked"
"APP-A78BCDA7350A","D1003","2026-05-04",48800,72,"Prime","Approved"
"APP-B11991F9BD97","D1003","2026-05-04",50800,72,"Prime","Booked"
"APP-35B3881D87A3","D1003","2026-05-05",34600,48,"Subprime","Booked"
"APP-2E4AC1FC75C6","D1003","2026-05-05",40300,72,"Near_Prime","Booked"
"APP-F66871C7E389","D1003","2026-05-05",43800,84,"Prime","Declined"
"APP-4D0A50C7B1EC","D1003","2026-05-05",41200,60,"Subprime","Approved"
"APP-29EC8E5D9D4A","D1003","2026-05-05",47100,84,"Prime","Booked"
"APP-D023C8EA8E46","D1003","2026-05-05",33900,72,"Prime","Declined"
"APP-42FDB254FE67","D1003","2026-05-05",44700,60,"Prime","Booked"
"APP-5F6DA731E89D","D1003","2026-05-05",41500,48,"Subprime","Booked"
"APP-978DAC28F2BE","D1003","2026-05-05",43000,60,"Prime","Declined"
"APP-45CC60D17883","D1003","2026-05-05",45200,72,"Prime","Approved"
"APP-0D18AE537B08","D1003","2026-05-05",45700,72,"Prime","Declined"
"APP-14EBA2E3E668","D1003","2026-05-05",31900,72,"Prime","Booked"
"APP-47BFE2A6EC55","D1003","2026-05-06",44400,72,"Near_Prime","Booked"
"APP-4E55C927281E","D1003","2026-05-06",39500,84,"Subprime","Approved"
"APP-0CBF14B50B8B","D1003","2026-05-06",46000,72,"Prime","Declined"
"APP-EB81ECE69F97","D1003","2026-05-06",50300,60,"Prime","Declined"
"APP-0B6DF2FA15BA","D1003","2026-05-06",46100,84,"Prime","Booked"
"APP-6F64509E6E81","D1003","2026-05-06",39900,72,"Subprime","Booked"
"APP-9EE693FEF378","D1003","2026-05-06",37000,60,"Prime","Approved"
"APP-7E377C4C9D83","D1003","2026-05-06",39000,84,"Prime","Declined"
"APP-CEE86D5C57D5","D1003","2026-05-07",44600,84,"Prime","Approved"
"APP-32244E2EE0B6","D1003","2026-05-07",31700,72,"Subprime","Approved"
"APP-E88C210B1E4F","D1003","2026-05-07",47000,72,"Subprime","Approved"
"APP-291F949FB670","D1003","2026-05-07",36400,84,"Near_Prime","Declined"
"APP-0F3ACB874DCE","D1003","2026-05-07",47900,60,"Prime","Approved"
"APP-7CA0E070E93A","D1003","2026-05-07",42700,84,"Near_Prime","Declined"
"APP-B85952B76A7B","D1003","2026-05-07",45100,60,"Prime","Declined"
"APP-7AE392B18434","D1003","2026-05-07",27100,72,"Subprime","Approved"
"APP-DB8FD48B193E","D1003","2026-05-07",44900,48,"Prime","Declined"
"APP-3B5F6DFC45D7","D1003","2026-05-07",30000,84,"Subprime","Booked"
"APP-38B237099BF9","D1003","2026-05-07",31400,84,"Subprime","Declined"
"APP-524E23CF390E","D1003","2026-05-08",47600,84,"Prime","Booked"
"APP-1833C2D12F77","D1003","2026-05-08",41200,60,"Subprime","Booked"
"APP-3B012AD0CA19","D1003","2026-05-08",42300,84,"Prime","Declined"
"APP-632A9D2AF59D","D1003","2026-05-08",37000,60,"Subprime","Booked"
"APP-5CCEF13C3B11","D1003","2026-05-08",42200,84,"Near_Prime","Declined"
"APP-C781CC5A0C12","D1003","2026-05-08",51700,72,"Prime","Booked"
"APP-823DA0677010","D1003","2026-05-08",46800,84,"Prime","Approved"
"APP-3B968E0A9B41","D1003","2026-05-08",54700,60,"Prime","Approved"
"APP-B0857F90839C","D1003","2026-05-08",51700,72,"Prime","Booked"
"APP-83BAF6C6A70C","D1003","2026-05-08",43900,84,"Subprime","Declined"
"APP-D2364AA07F74","D1003","2026-05-09",47500,72,"Prime","Declined"
"APP-4C159C3E27A9","D1003","2026-05-09",39800,84,"Prime","Approved"
"APP-D08CC7EC64A7","D1003","2026-05-09",56600,84,"Prime","Approved"
"APP-8985F40E4702","D1003","2026-05-09",49200,72,"Subprime","Booked"
"APP-E60071FBC802","D1003","2026-05-09",55200,84,"Prime","Declined"
"APP-6736A955BC7B","D1003","2026-05-09",49600,60,"Prime","Booked"
"APP-6B4502F2E7D7","D1003","2026-05-10",43700,48,"Prime","Declined"
"APP-E4B37403CD1F","D1003","2026-05-10",42500,48,"Prime","Booked"
"APP-DAFEDFD7AF96","D1003","2026-05-10",41100,72,"Prime","Declined"
"APP-7AD1F96AE7A1","D1003","2026-05-10",40700,72,"Prime","Approved"
"APP-2463A6B570F7","D1003","2026-05-10",39700,72,"Prime","Booked"
"APP-8B7C965606F4","D1003","2026-05-10",39500,72,"Prime","Booked"
"APP-B8916C5AB91E","D1003","2026-05-11",38100,60,"Prime","Booked"
"APP-5919032EDC4B","D1003","2026-05-11",47000,84,"Prime","Declined"
"APP-14C9BBE4CA5F","D1003","2026-05-11",57500,72,"Prime","Booked"
"APP-E9A8E00B314F","D1003","2026-05-11",45300,84,"Prime","Declined"
"APP-20482A4BFE6C","D1003","2026-05-11",44100,72,"Prime","Approved"
"APP-E77E83C7DD52","D1003","2026-05-11",54100,72,"Prime","Booked"
"APP-F50A2440BB60","D1003","2026-05-11",52400,48,"Prime","Declined"
"APP-6A06069732FC","D1003","2026-05-11",35300,84,"Subprime","Booked"
"APP-EE9094B3C4FD","D1003","2026-05-11",36600,72,"Prime","Declined"
"APP-10ABF47DFF30","D1003","2026-05-11",42200,72,"Prime","Declined"
"APP-84F18DF3F2C1","D1003","2026-05-12",42800,48,"Subprime","Booked"
"APP-4004639B2385","D1003","2026-05-12",54500,48,"Prime","Booked"
"APP-C6C333E727D9","D1003","2026-05-12",50400,84,"Prime","Booked"
"APP-757BECBEAF28","D1003","2026-05-12",61700,72,"Near_Prime","Booked"
"APP-EDEC80CF4A61","D1003","2026-05-12",40500,84,"Prime","Declined"
"APP-01A3D7D9D4A1","D1003","2026-05-12",50200,84,"Prime","Declined"
"APP-331FE4A5113E","D1003","2026-05-12",33000,84,"Prime","Declined"
"APP-6E72568132BA","D1003","2026-05-12",35800,72,"Subprime","Booked"
"APP-C11B6E81EC09","D1003","2026-05-13",36700,84,"Subprime","Declined"
"APP-8DEEB0246040","D1003","2026-05-13",49400,84,"Prime","Declined"
"APP-867B6A807FA0","D1003","2026-05-13",40300,84,"Prime","Approved"
"APP-F4650746ACC3","D1003","2026-05-13",33200,72,"Subprime","Approved"
"APP-C2234460A23F","D1003","2026-05-13",40100,72,"Prime","Booked"
"APP-BC66933EB0D0","D1003","2026-05-13",53800,84,"Prime","Booked"
"APP-A2F73410BDC3","D1003","2026-05-13",37600,72,"Subprime","Booked"
"APP-69F9F91102D9","D1003","2026-05-13",42000,72,"Subprime","Booked"
"APP-00E5C9588381","D1003","2026-05-13",44200,72,"Subprime","Approved"
"APP-298E23E96E21","D1003","2026-05-13",39200,48,"Subprime","Booked"
"APP-62ECE56B565F","D1003","2026-05-13",32900,72,"Prime","Declined"
"APP-A036CDA79CCD","D1003","2026-05-14",36400,72,"Near_Prime","Approved"
"APP-E20C848C3ED8","D1003","2026-05-14",42600,72,"Prime","Declined"
"APP-E328E6E32931","D1003","2026-05-14",39700,72,"Prime","Approved"
"APP-444D3917E2D3","D1003","2026-05-14",33200,72,"Prime","Booked"
"APP-5E88298F810E","D1003","2026-05-14",44500,72,"Prime","Declined"
"APP-802E8D67E374","D1003","2026-05-14",44400,72,"Near_Prime","Approved"
"APP-3E7332390170","D1003","2026-05-14",42400,72,"Prime","Declined"
"APP-E93A96066615","D1003","2026-05-14",38500,72,"Prime","Approved"
"APP-CAFC69187287","D1003","2026-05-14",53900,60,"Prime","Booked"
"APP-3473C5155DE7","D1003","2026-05-14",39100,60,"Prime","Booked"
"APP-8E3E4853C4DD","D1003","2026-05-15",41300,60,"Prime","Booked"
"APP-4048CE1CA84E","D1003","2026-05-15",47200,72,"Prime","Approved"
"APP-6637F6646A76","D1003","2026-05-15",50900,60,"Prime","Declined"
"APP-13DFE2D08DE1","D1003","2026-05-15",35000,48,"Near_Prime","Booked"
"APP-63DBC4211DF1","D1003","2026-05-15",36200,60,"Subprime","Declined"
"APP-3F2ECFA4D172","D1003","2026-05-15",37100,84,"Near_Prime","Declined"
"APP-17780F61B561","D1003","2026-05-15",46400,72,"Prime","Approved"
"APP-DD71D1BBABDE","D1003","2026-05-15",45700,72,"Prime","Approved"
"APP-CEBF6FCEFEC7","D1003","2026-05-15",53300,84,"Prime","Booked"
"APP-05B685CABC72","D1003","2026-05-16",38400,72,"Near_Prime","Declined"
"APP-44D9D8A9F85D","D1003","2026-05-16",40100,60,"Subprime","Declined"
"APP-E07D7A72177E","D1003","2026-05-16",43800,60,"Prime","Booked"
"APP-A3C22A390CD1","D1003","2026-05-16",41400,60,"Prime","Declined"
"APP-C39B117A2849","D1003","2026-05-16",38800,72,"Near_Prime","Declined"
"APP-280CA5DBBC0C","D1003","2026-05-16",35700,72,"Subprime","Booked"
"APP-5153356178B0","D1003","2026-05-16",34600,72,"Prime","Booked"
"APP-6384A904B41D","D1003","2026-05-17",51500,72,"Prime","Declined"
"APP-3B0D3C0B23D9","D1003","2026-05-17",41100,84,"Subprime","Declined"
"APP-AE0A698F5F4D","D1003","2026-05-17",47400,60,"Prime","Declined"
"APP-F18979DD27E5","D1003","2026-05-17",46200,72,"Subprime","Booked"
"APP-A3FACB96B427","D1003","2026-05-17",53800,84,"Prime","Declined"
"APP-E0CEBFE7D652","D1003","2026-05-18",36600,72,"Prime","Booked"
"APP-07E88903EBA0","D1003","2026-05-18",49400,72,"Prime","Booked"
"APP-25F326385312","D1003","2026-05-18",46200,48,"Prime","Declined"
"APP-26995FE1DFC5","D1003","2026-05-18",45300,72,"Near_Prime","Approved"
"APP-DF724BD1A798","D1003","2026-05-18",47400,72,"Near_Prime","Approved"
"APP-1871337D84E6","D1003","2026-05-18",41300,72,"Prime","Approved"
"APP-A05EFF03E080","D1003","2026-05-18",53000,48,"Prime","Booked"
"APP-906EF286F8C0","D1003","2026-05-18",38900,72,"Subprime","Approved"
"APP-3556E925114B","D1003","2026-05-18",45300,48,"Prime","Approved"
"APP-5C23852A75B5","D1003","2026-05-18",44800,60,"Prime","Booked"
"APP-E718D59C71DC","D1003","2026-05-19",42600,72,"Prime","Declined"
"APP-B18BCA4CB4AD","D1003","2026-05-19",32400,72,"Prime","Booked"
"APP-6FAAD2E238DA","D1003","2026-05-19",38100,72,"Prime","Approved"
"APP-6CACE78EE762","D1003","2026-05-19",38800,72,"Prime","Declined"
"APP-97B31EBB91EC","D1003","2026-05-19",37400,84,"Near_Prime","Approved"
"APP-2EC7E3F63418","D1003","2026-05-19",45700,84,"Prime","Booked"
"APP-ED12AA6C2205","D1003","2026-05-19",51500,48,"Prime","Declined"
"APP-239B60B9F9F1","D1003","2026-05-19",42400,72,"Prime","Booked"
"APP-63BAE2408A63","D1003","2026-05-19",41600,84,"Prime","Booked"
"APP-5CC6DBA1CF44","D1003","2026-05-19",49400,84,"Prime","Approved"
"APP-6F7C1479DBE2","D1003","2026-05-19",38000,84,"Near_Prime","Booked"
"APP-F97F475D83BF","D1003","2026-05-19",42400,60,"Near_Prime","Declined"
"APP-9EFE36CE28C3","D1003","2026-05-20",55500,84,"Prime","Approved"
"APP-CB92DB6ED5C7","D1003","2026-05-20",51700,84,"Subprime","Booked"
"APP-07802E4F60EC","D1003","2026-05-20",44200,84,"Near_Prime","Approved"
"APP-4D4B67CF5BBE","D1003","2026-05-20",44400,72,"Prime","Booked"
"APP-A16C3795259B","D1003","2026-05-20",39600,48,"Subprime","Approved"
"APP-12629D834DF2","D1003","2026-05-20",50700,84,"Prime","Approved"
"APP-5349BA434030","D1003","2026-05-20",32400,84,"Prime","Approved"
"APP-50F6A4D7572F","D1003","2026-05-20",46400,84,"Near_Prime","Booked"
"APP-8A7B2C477060","D1003","2026-05-20",46500,72,"Prime","Booked"
"APP-F58F5DDF13D0","D1003","2026-05-20",43900,72,"Prime","Approved"
"APP-FD31211D7383","D1003","2026-05-20",46200,72,"Prime","Declined"
"APP-0C93A61F9F60","D1003","2026-05-20",46200,84,"Prime","Declined"
"APP-B0C4EE468A10","D1003","2026-05-21",42100,72,"Prime","Booked"
"APP-D73386C88F10","D1003","2026-05-21",47100,84,"Prime","Booked"
"APP-ECE85DD9D2CF","D1003","2026-05-21",42600,60,"Prime","Booked"
"APP-62C3237F0F7A","D1003","2026-05-21",42000,72,"Near_Prime","Booked"
"APP-154FC7515CAE","D1003","2026-05-21",37500,84,"Prime","Approved"
"APP-E6FEFC9B61C0","D1003","2026-05-21",48200,84,"Prime","Booked"
"APP-F587AABA6EE1","D1003","2026-05-21",41900,72,"Prime","Booked"
"APP-D7C217B6398C","D1003","2026-05-21",51200,84,"Near_Prime","Declined"
"APP-06E2DFCBABDE","D1003","2026-05-21",48400,72,"Prime","Declined"
"APP-231DA51CF957","D1003","2026-05-21",40400,48,"Prime","Declined"
"APP-60B6445ADA8E","D1003","2026-05-21",32800,72,"Prime","Declined"
"APP-E1C8969D2B95","D1003","2026-05-21",43800,72,"Prime","Booked"
"APP-AC5D778C7980","D1003","2026-05-22",41300,72,"Prime","Booked"
"APP-E72B3F49A0E2","D1003","2026-05-22",42200,72,"Prime","Booked"
"APP-C7AE08791678","D1003","2026-05-22",53000,84,"Prime","Booked"
"APP-82E11AEE254B","D1003","2026-05-22",54300,84,"Prime","Approved"
"APP-9B57103649D4","D1003","2026-05-22",39000,72,"Prime","Declined"
"APP-E33700A0C95E","D1003","2026-05-22",46000,72,"Prime","Declined"
"APP-7F20E0AC6FBB","D1003","2026-05-22",41900,60,"Subprime","Approved"
"APP-0966D07EAED3","D1003","2026-05-22",41600,84,"Prime","Declined"
"APP-F9605F36CCE9","D1003","2026-05-22",51700,72,"Prime","Declined"
"APP-A59AF0CF240E","D1003","2026-05-23",45900,84,"Prime","Approved"
"APP-DE030E082410","D1003","2026-05-23",62200,72,"Prime","Declined"
"APP-CDF6E5D1FBE8","D1003","2026-05-23",39000,60,"Near_Prime","Declined"
"APP-11869EC9AEAC","D1003","2026-05-23",38900,84,"Subprime","Booked"
"APP-A1CC61D27515","D1003","2026-05-24",41400,84,"Prime","Declined"
"APP-793E259EFFA6","D1003","2026-05-24",43500,72,"Prime","Approved"
"APP-DB0AC82D3E10","D1003","2026-05-24",36000,60,"Subprime","Booked"
"APP-0AF71907EB2C","D1003","2026-05-24",44300,84,"Prime","Declined"
"APP-E6D051AE5D0A","D1003","2026-05-24",32900,72,"Prime","Booked"
"APP-D173B63B6941","D1003","2026-05-25",41700,48,"Prime","Declined"
"APP-944838DC4B3A","D1003","2026-05-25",46600,72,"Prime","Declined"
"APP-D6C7B85A75D1","D1003","2026-05-25",45700,72,"Prime","Booked"
"APP-9602342237C7","D1003","2026-05-25",40200,72,"Prime","Declined"
"APP-41BF309705D5","D1003","2026-05-25",45400,72,"Prime","Declined"
"APP-E17655303182","D1003","2026-05-25",46600,60,"Prime","Declined"
"APP-28B81F15A795","D1003","2026-05-25",40400,72,"Subprime","Booked"
"APP-7DA55650B445","D1003","2026-05-25",36800,60,"Subprime","Declined"
"APP-7F8C0B4F2584","D1003","2026-05-26",39900,60,"Prime","Booked"
"APP-DC5399C36ED4","D1003","2026-05-26",38200,72,"Near_Prime","Booked"
"APP-0A52FBEE5423","D1003","2026-05-26",44800,60,"Prime","Approved"
"APP-A5CE73F1A0A2","D1003","2026-05-26",35100,60,"Subprime","Declined"
"APP-3DF1AD8CE1FF","D1003","2026-05-26",48100,84,"Prime","Approved"
"APP-493C849AE9D0","D1003","2026-05-26",50500,72,"Prime","Booked"
"APP-5B229135E421","D1003","2026-05-26",40400,60,"Subprime","Booked"
"APP-776726CAFAF1","D1003","2026-05-26",47000,72,"Near_Prime","Declined"
"APP-92F4790BD995","D1003","2026-05-26",42000,48,"Prime","Approved"
"APP-1FBA14C0C141","D1003","2026-05-27",49900,72,"Near_Prime","Approved"
"APP-9F9C22E77477","D1003","2026-05-27",30800,60,"Near_Prime","Declined"
"APP-5912D6E022E2","D1003","2026-05-27",48000,72,"Prime","Declined"
"APP-CA653FFACA2F","D1003","2026-05-27",42300,60,"Prime","Declined"
"APP-7ADF06F9CF14","D1003","2026-05-27",41800,72,"Prime","Approved"
"APP-36E141CCE725","D1003","2026-05-27",43300,72,"Prime","Booked"
"APP-B019488D1FD1","D1003","2026-05-27",51600,84,"Prime","Approved"
"APP-8EE42FDCFBF2","D1003","2026-05-27",54600,60,"Near_Prime","Booked"
"APP-9E87397A3CDF","D1003","2026-05-27",47600,72,"Prime","Approved"
"APP-231774547824","D1003","2026-05-27",41700,84,"Prime","Declined"
"APP-78A18C15432E","D1003","2026-05-27",44600,60,"Near_Prime","Booked"
"APP-28CC1A10B7BD","D1003","2026-05-27",44900,60,"Prime","Booked"
"APP-BD842900F290","D1003","2026-05-28",42400,72,"Prime","Approved"
"APP-CFCD396EA346","D1003","2026-05-28",51100,72,"Prime","Declined"
"APP-20A29DB225E5","D1003","2026-05-28",39800,48,"Prime","Booked"
"APP-C265D01CDE81","D1003","2026-05-28",46200,60,"Near_Prime","Booked"
"APP-F864545F764B","D1003","2026-05-28",51700,72,"Prime","Declined"
"APP-020ABB5CB77C","D1003","2026-05-28",37800,84,"Prime","Booked"
"APP-68EB044F1206","D1003","2026-05-28",50100,72,"Near_Prime","Declined"
"APP-343D64C3B218","D1003","2026-05-29",33900,72,"Prime","Booked"
"APP-8EBB7E219F0B","D1003","2026-05-29",38400,72,"Prime","Booked"
"APP-FB9282087A25","D1003","2026-05-29",40800,72,"Prime","Booked"
"APP-6FDC4C715102","D1003","2026-05-29",49000,72,"Prime","Booked"
"APP-55BB1BB4D7D4","D1003","2026-05-29",39000,72,"Prime","Booked"
"APP-421E262FC32B","D1003","2026-05-29",48000,60,"Prime","Booked"
"APP-2A0AAB5C09D6","D1003","2026-05-29",38200,84,"Prime","Declined"
"APP-6E11886565DE","D1003","2026-05-29",53600,72,"Prime","Approved"
"APP-FAD88B4C27E0","D1003","2026-05-29",35400,60,"Near_Prime","Booked"
"APP-8C8899A26CCA","D1003","2026-05-30",37000,60,"Near_Prime","Booked"
"APP-FC3474EAD36C","D1003","2026-05-30",41300,72,"Subprime","Booked"
"APP-BD0F5491AB0E","D1003","2026-05-30",36600,60,"Near_Prime","Booked"
"APP-FAB9816328E8","D1003","2026-05-30",40500,72,"Near_Prime","Booked"
"APP-1ED8D2E9AF88","D1003","2026-05-30",49300,72,"Near_Prime","Approved"
"APP-23D229FA5E40","D1003","2026-05-30",41100,72,"Prime","Approved"
"APP-E36EF1671427","D1003","2026-05-31",36000,84,"Subprime","Declined"
"APP-5C995158FD9F","D1003","2026-05-31",53200,72,"Prime","Booked"
"APP-1A3F5F9230BB","D1003","2026-05-31",37900,72,"Prime","Declined"
"APP-9B92BD39B7B3","D1003","2026-05-31",46800,60,"Prime","Approved"
"APP-04AD138EB14C","D1003","2026-06-01",43600,84,"Prime","Approved"
"APP-6924D3B78E02","D1003","2026-06-01",51400,72,"Prime","Booked"
"APP-9E93C1F6DABF","D1003","2026-06-01",32600,84,"Subprime","Booked"
"APP-5E801A397EAD","D1003","2026-06-01",45800,72,"Prime","Booked"
"APP-02623C4013F8","D1003","2026-06-01",40100,72,"Prime","Booked"
"APP-FE6564A9A143","D1003","2026-06-01",57400,48,"Prime","Approved"
"APP-D1AB6E8BEE10","D1003","2026-06-01",53000,72,"Prime","Approved"
"APP-02C4F7DDC481","D1003","2026-06-01",43700,60,"Prime","Approved"
"APP-BE7497789F9F","D1003","2026-06-01",48200,60,"Prime","Booked"
"APP-C3C89BA8ECF0","D1003","2026-06-02",38400,72,"Near_Prime","Declined"
"APP-93FDCD4F7563","D1003","2026-06-02",40000,72,"Prime","Booked"
"APP-EA3BD975839B","D1003","2026-06-02",38600,60,"Near_Prime","Booked"
"APP-F01C133B8E92","D1003","2026-06-02",35800,84,"Prime","Booked"
"APP-058E79D9DD39","D1003","2026-06-02",39700,72,"Near_Prime","Booked"
"APP-281ABD01451B","D1003","2026-06-02",32600,84,"Subprime","Approved"
"APP-DEB8C0A534D3","D1003","2026-06-02",43400,72,"Near_Prime","Approved"
"APP-793D40636F9A","D1003","2026-06-02",43600,72,"Prime","Declined"
"APP-E4EAD0DCC1A3","D1003","2026-06-02",38400,72,"Near_Prime","Approved"
"APP-A06F0F52D8BE","D1003","2026-06-02",53100,48,"Prime","Approved"
"APP-9EAE62F876F0","D1003","2026-06-02",43600,72,"Subprime","Declined"
"APP-8B61BD41887E","D1003","2026-06-03",43400,72,"Prime","Booked"
"APP-780434D878CC","D1003","2026-06-03",44200,84,"Subprime","Approved"
"APP-F730BBA46044","D1003","2026-06-03",39100,72,"Prime","Approved"
"APP-E438172BB398","D1003","2026-06-03",32000,84,"Subprime","Booked"
"APP-5B987822CCB7","D1003","2026-06-03",43200,60,"Prime","Declined"
"APP-B535FF7BFBAC","D1003","2026-06-03",37500,72,"Prime","Booked"
"APP-2B4266926288","D1003","2026-06-03",51900,72,"Prime","Declined"
"APP-B2140C8B37B6","D1003","2026-06-03",45700,48,"Near_Prime","Declined"
"APP-1D1190D25247","D1003","2026-06-04",28000,72,"Prime","Declined"
"APP-762334B8DE6F","D1003","2026-06-04",39900,60,"Prime","Booked"
"APP-CFAA83F24DB8","D1003","2026-06-04",50200,72,"Prime","Approved"
"APP-FF45BEEFAD5A","D1003","2026-06-04",45700,60,"Prime","Booked"
"APP-B0DFE52C7CB1","D1003","2026-06-04",49900,60,"Subprime","Declined"
"APP-BD9036F7A84A","D1003","2026-06-04",40500,72,"Prime","Declined"
"APP-AE4C0BA61554","D1003","2026-06-04",31300,72,"Prime","Booked"
"APP-F78BEA326B20","D1003","2026-06-04",44000,60,"Prime","Booked"
"APP-D6DD1BCDA023","D1003","2026-06-04",51500,84,"Prime","Approved"
"APP-D76498546F7D","D1003","2026-06-04",34500,60,"Prime","Approved"
"APP-978F8AA177E0","D1003","2026-06-04",45100,60,"Prime","Booked"
"APP-EB150B0C1174","D1003","2026-06-04",42700,72,"Prime","Booked"
"APP-81F4C1FD4DC9","D1003","2026-06-05",50500,84,"Prime","Booked"
"APP-D50F5AF6BE04","D1003","2026-06-05",45400,72,"Prime","Booked"
"APP-A069493958F8","D1003","2026-06-05",46900,60,"Subprime","Declined"
"APP-823C82E34040","D1003","2026-06-05",40000,84,"Prime","Booked"
"APP-14C55241A808","D1003","2026-06-05",44500,72,"Prime","Approved"
"APP-1FF19E194BC8","D1003","2026-06-05",41700,72,"Subprime","Approved"
"APP-99A9058D1CDA","D1003","2026-06-05",53300,60,"Prime","Booked"
"APP-1774C6A00C14","D1003","2026-06-05",45100,60,"Prime","Declined"
"APP-AA5019E83EDB","D1003","2026-06-05",44900,84,"Prime","Booked"
"APP-B6ADC516D346","D1003","2026-06-05",43300,72,"Prime","Booked"
"APP-8625DB578244","D1003","2026-06-05",40000,84,"Prime","Declined"
"APP-6867010B9B27","D1003","2026-06-06",55500,72,"Prime","Booked"
"APP-B7B0F1EA7279","D1003","2026-06-06",51600,84,"Prime","Booked"
"APP-A1A7FB68F082","D1003","2026-06-06",43300,84,"Prime","Approved"
"APP-0F03FEA9E59B","D1003","2026-06-06",48200,60,"Prime","Approved"
"APP-FA084BAB1719","D1003","2026-06-06",34400,72,"Prime","Booked"
"APP-E98AD58C5FAF","D1003","2026-06-07",50900,60,"Prime","Declined"
"APP-B0E1E6335B01","D1003","2026-06-07",43100,60,"Prime","Booked"
"APP-AE40E3808FC1","D1003","2026-06-07",44700,60,"Prime","Booked"
"APP-674C3DE2B18E","D1003","2026-06-07",38200,72,"Near_Prime","Booked"
"APP-77CC587810A6","D1003","2026-06-07",34800,60,"Subprime","Declined"
"APP-6AB873681548","D1003","2026-06-07",46700,60,"Prime","Booked"
"APP-CC447489BDD2","D1003","2026-06-08",58000,72,"Prime","Declined"
"APP-7608DCDFBBEB","D1003","2026-06-08",39900,60,"Subprime","Booked"
"APP-51490F251594","D1003","2026-06-08",45100,72,"Prime","Booked"
"APP-24579E5F2066","D1003","2026-06-08",46400,72,"Prime","Declined"
"APP-3660676B1246","D1003","2026-06-08",42400,72,"Prime","Declined"
"APP-F4DD3956EE00","D1003","2026-06-08",37500,84,"Prime","Booked"
"APP-70AF5AFA09BD","D1003","2026-06-08",50500,60,"Prime","Booked"
"APP-FAFEF8417A1E","D1003","2026-06-08",36100,72,"Subprime","Approved"
"APP-B53623989BE4","D1003","2026-06-09",36500,72,"Subprime","Booked"
"APP-1C3DB6287154","D1003","2026-06-09",47000,84,"Prime","Declined"
"APP-86C4E2DA961D","D1003","2026-06-09",42100,72,"Prime","Booked"
"APP-01ABA6DA9915","D1003","2026-06-09",45700,84,"Prime","Declined"
"APP-F70606E41332","D1003","2026-06-09",46300,72,"Prime","Approved"
"APP-DEEA143A0E12","D1003","2026-06-09",36300,72,"Near_Prime","Booked"
"APP-AE825DA66EC7","D1003","2026-06-09",51600,60,"Prime","Declined"
"APP-E54ECB39A4CF","D1003","2026-06-09",39400,72,"Prime","Approved"
"APP-B8FFF361EA70","D1003","2026-06-09",40400,72,"Prime","Booked"
"APP-D01C4D38885A","D1003","2026-06-09",47800,60,"Near_Prime","Booked"
"APP-6249164E1605","D1003","2026-06-09",48300,60,"Prime","Declined"
"APP-29480AA21C50","D1003","2026-06-10",41300,72,"Near_Prime","Approved"
"APP-287B1ECD13CC","D1003","2026-06-10",45600,60,"Subprime","Declined"
"APP-8BE004F31A0A","D1003","2026-06-10",48200,48,"Prime","Booked"
"APP-CAD4745C590D","D1003","2026-06-10",51200,60,"Prime","Booked"
"APP-AC016794F4BA","D1003","2026-06-10",42600,84,"Prime","Declined"
"APP-13963055850C","D1003","2026-06-10",61200,72,"Prime","Booked"
"APP-2E110BC792DB","D1003","2026-06-10",39000,60,"Prime","Declined"
"APP-BE8E23020F4E","D1003","2026-06-10",43100,72,"Prime","Declined"
"APP-7BE1945E1DEB","D1003","2026-06-11",48200,60,"Near_Prime","Booked"
"APP-E0FBA2028CBA","D1003","2026-06-11",41000,72,"Prime","Booked"
"APP-84E6329180AC","D1003","2026-06-11",43600,48,"Near_Prime","Declined"
"APP-978B4ED127D8","D1003","2026-06-11",54900,84,"Prime","Booked"
"APP-FB0ABF5703BF","D1003","2026-06-11",50300,72,"Prime","Declined"
"APP-B8F70278F038","D1003","2026-06-11",43600,72,"Prime","Booked"
"APP-E5773387A764","D1003","2026-06-11",48700,72,"Prime","Declined"
"APP-DB625D599D33","D1003","2026-06-11",41700,72,"Prime","Declined"
"APP-C515608D2B73","D1003","2026-06-11",46400,48,"Prime","Approved"
"APP-A4573DF85F30","D1003","2026-06-11",46700,48,"Prime","Declined"
"APP-B4BD70A41AC2","D1003","2026-06-12",43200,84,"Prime","Booked"
"APP-1FC6202A1A80","D1003","2026-06-12",52400,48,"Prime","Approved"
"APP-6EBCB9FDD1EA","D1003","2026-06-12",53100,72,"Prime","Booked"
"APP-67D73A13CF4A","D1003","2026-06-12",45100,72,"Prime","Approved"
"APP-E15505A8EF7C","D1003","2026-06-12",37600,60,"Near_Prime","Booked"
"APP-0C1E668E4A81","D1003","2026-06-12",37200,60,"Prime","Approved"
"APP-07206A81C033","D1003","2026-06-12",48500,60,"Prime","Approved"
"APP-6BEBFC0A70AE","D1003","2026-06-12",41800,84,"Prime","Approved"
"APP-A8B17BB5ADE2","D1003","2026-06-12",47200,84,"Prime","Approved"
"APP-2314B73EC2BA","D1003","2026-06-12",40300,60,"Prime","Booked"
"APP-BFA3A7AFBFE0","D1003","2026-06-12",49400,72,"Prime","Declined"
"APP-6EFC15A2EAD1","D1003","2026-06-13",45300,84,"Prime","Booked"
"APP-4BB037FE68A1","D1003","2026-06-13",46500,72,"Prime","Booked"
"APP-AFB7564162B3","D1003","2026-06-13",55600,60,"Prime","Booked"
"APP-A40AB93F42D9","D1003","2026-06-13",32900,60,"Subprime","Approved"
"APP-EDE0F4AC2E21","D1003","2026-06-13",32200,84,"Prime","Approved"
"APP-6FBC5994A5C7","D1003","2026-06-14",35200,72,"Near_Prime","Booked"
"APP-5F0543ED2367","D1003","2026-06-14",43900,60,"Prime","Booked"
"APP-6FCCC9CE8F07","D1003","2026-06-14",33300,84,"Prime","Approved"
"APP-EFCDB86F455E","D1003","2026-06-14",49600,84,"Prime","Approved"
"APP-ED0215ED84DE","D1003","2026-06-14",47800,72,"Prime","Declined"
"APP-7439042FDB4A","D1003","2026-06-15",28700,72,"Subprime","Declined"
"APP-DCF4553C47EE","D1003","2026-06-15",35900,72,"Prime","Booked"
"APP-C3063BF3B9B0","D1003","2026-06-15",38100,72,"Subprime","Booked"
"APP-C2F86E56FEA4","D1003","2026-06-15",47600,60,"Prime","Approved"
"APP-8DD2E4F470F6","D1003","2026-06-15",39400,72,"Subprime","Booked"
"APP-F1785B35D183","D1003","2026-06-15",44100,72,"Prime","Booked"
"APP-7AE07D2899CB","D1003","2026-06-15",39000,48,"Prime","Approved"
"APP-383CD1761B12","D1003","2026-06-15",55900,60,"Prime","Booked"
"APP-EC0B35B0A519","D1003","2026-06-15",43900,72,"Prime","Approved"
"APP-91C562C9A526","D1003","2026-06-15",44700,72,"Prime","Booked"
"APP-116A488F0C2B","D1003","2026-06-15",49700,72,"Prime","Approved"
"APP-0113BC80FCAF","D1003","2026-06-15",36600,72,"Subprime","Approved"
"APP-705E32E8DEA8","D1003","2026-06-16",37500,84,"Prime","Booked"
"APP-1E296F08D7A2","D1003","2026-06-16",36200,72,"Prime","Declined"
"APP-44E1DC6DB4B1","D1003","2026-06-16",48300,60,"Subprime","Approved"
"APP-264C94AB958B","D1003","2026-06-16",61500,72,"Prime","Booked"
"APP-0CB3AB63E6F7","D1003","2026-06-16",50300,84,"Subprime","Approved"
"APP-9761A81F89C0","D1003","2026-06-16",41800,84,"Prime","Booked"
"APP-23AD853B4E62","D1003","2026-06-16",40300,72,"Prime","Declined"
"APP-7BA2B53E3A19","D1003","2026-06-16",46900,48,"Prime","Booked"
"APP-021EF5B66DEF","D1003","2026-06-16",49700,60,"Prime","Approved"
"APP-E89AAF4D54D4","D1003","2026-06-16",48300,84,"Prime","Approved"
"APP-E31BF8D63733","D1003","2026-06-17",43200,60,"Prime","Booked"
"APP-BD34B1EEB6D0","D1003","2026-06-17",46300,72,"Subprime","Declined"
"APP-123FBDDF83A3","D1003","2026-06-17",33700,84,"Subprime","Booked"
"APP-3163B5BB5CB9","D1003","2026-06-17",49500,84,"Prime","Declined"
"APP-1B18F17B5C17","D1003","2026-06-17",56300,84,"Prime","Declined"
"APP-7EFF54FE3C95","D1003","2026-06-17",48300,72,"Prime","Booked"
"APP-3CCF951FE1DB","D1003","2026-06-17",44200,84,"Prime","Approved"
"APP-CF4253CDC177","D1003","2026-06-17",50300,72,"Prime","Booked"
"APP-BB766DC9FF5B","D1003","2026-06-17",38600,84,"Subprime","Booked"
"APP-A87C6A5D45C7","D1003","2026-06-17",44700,60,"Prime","Declined"
"APP-8F8DD5DE4A2E","D1003","2026-06-17",35800,72,"Prime","Approved"
"APP-664BACDA3DBE","D1003","2026-06-18",36900,84,"Prime","Booked"
"APP-A658C02146AE","D1003","2026-06-18",50000,84,"Prime","Booked"
"APP-8EFE56D6F6AD","D1003","2026-06-18",45500,60,"Prime","Booked"
"APP-68436FB20B81","D1003","2026-06-18",49000,72,"Prime","Declined"
"APP-C5EB9773D491","D1003","2026-06-18",45100,60,"Prime","Booked"
"APP-14B321234D72","D1003","2026-06-18",42300,72,"Subprime","Declined"
"APP-BAA306CC8BB6","D1003","2026-06-18",46700,48,"Prime","Declined"
"APP-86A88F72A74A","D1003","2026-06-18",44100,72,"Prime","Booked"
"APP-453458E1CA31","D1003","2026-06-18",38500,72,"Near_Prime","Approved"
"APP-AA858DCC867C","D1003","2026-06-18",42100,84,"Prime","Booked"
"APP-FBFAC510775E","D1003","2026-06-18",42700,72,"Prime","Booked"
"APP-B3DB4D26D384","D1003","2026-06-18",51200,48,"Near_Prime","Booked"
"APP-3C647A50F5AB","D1003","2026-06-19",41400,48,"Prime","Declined"
"APP-431A0610A305","D1003","2026-06-19",42400,72,"Prime","Booked"
"APP-D0F8785E0AC3","D1003","2026-06-19",43600,84,"Prime","Booked"
"APP-9C0484A97B67","D1003","2026-06-19",44700,60,"Prime","Booked"
"APP-FD2EAACFFBA3","D1003","2026-06-19",47000,84,"Near_Prime","Declined"
"APP-F4D743D8CA80","D1003","2026-06-19",49300,48,"Subprime","Booked"
"APP-77FC1DCEF4F6","D1003","2026-06-19",38900,48,"Near_Prime","Declined"
"APP-4B0F139B9A63","D1003","2026-06-19",38600,72,"Prime","Booked"
"APP-AF6A4C43B8BB","D1003","2026-06-19",37300,72,"Prime","Booked"
"APP-D411EF4E7F9D","D1003","2026-06-19",59800,60,"Prime","Declined"
"APP-CA10FABAF826","D1003","2026-06-19",38600,72,"Near_Prime","Booked"
"APP-9E9717340A70","D1003","2026-06-19",39700,72,"Prime","Declined"
"APP-B82CB1AEFEB0","D1003","2026-06-20",40100,84,"Prime","Booked"
"APP-7C7B756803A7","D1003","2026-06-20",41300,84,"Prime","Booked"
"APP-87F42B3A8513","D1003","2026-06-20",56200,48,"Prime","Declined"
"APP-69269418FD4D","D1003","2026-06-20",52900,60,"Near_Prime","Approved"
"APP-1031FF9AD9C6","D1003","2026-06-20",47700,84,"Prime","Booked"
"APP-955CD507E4DD","D1003","2026-06-21",44600,48,"Prime","Approved"
"APP-F94E9014FF4A","D1003","2026-06-21",46900,60,"Prime","Approved"
"APP-F1CFB860FEF8","D1003","2026-06-21",43900,60,"Prime","Booked"
"APP-155A48EDBB5D","D1003","2026-06-21",45700,60,"Prime","Declined"
"APP-219022E9D5A7","D1003","2026-06-21",53500,48,"Prime","Approved"
"APP-845E3988ABF8","D1003","2026-06-22",45100,60,"Prime","Approved"
"APP-B7101224E5A8","D1003","2026-06-22",50900,84,"Prime","Approved"
"APP-5199DF4A160F","D1003","2026-06-22",44500,72,"Prime","Booked"
"APP-81E536817032","D1003","2026-06-22",46200,72,"Prime","Approved"
"APP-EAC730346846","D1003","2026-06-22",53100,60,"Prime","Declined"
"APP-64EAB7DAEB75","D1003","2026-06-22",47800,72,"Near_Prime","Declined"
"APP-469395ED86F0","D1003","2026-06-22",39400,84,"Subprime","Booked"
"APP-D6B17F367C4D","D1003","2026-06-22",45400,84,"Prime","Booked"
"APP-B06E11623D17","D1003","2026-06-22",50600,72,"Near_Prime","Approved"
"APP-5697F496305D","D1003","2026-06-22",44600,72,"Prime","Booked"
"APP-B2E1B2A80E5D","D1003","2026-06-22",47300,60,"Prime","Declined"
"APP-D28957303018","D1003","2026-06-23",49600,72,"Prime","Approved"
"APP-26BE2A4C245B","D1003","2026-06-23",51700,84,"Prime","Booked"
"APP-8E4090ADA9F1","D1003","2026-06-23",47300,72,"Prime","Booked"
"APP-EAA1CF7B3186","D1003","2026-06-23",51100,60,"Prime","Booked"
"APP-BF26DCE64BB9","D1003","2026-06-23",45600,72,"Prime","Declined"
"APP-851AC2A90431","D1003","2026-06-23",41600,60,"Prime","Booked"
"APP-902673869223","D1003","2026-06-23",46400,72,"Prime","Declined"
"APP-2BC59A3ADCD0","D1003","2026-06-23",40000,72,"Subprime","Booked"
"APP-1FA302CAF012","D1003","2026-06-23",35600,84,"Subprime","Approved"
"APP-164440492CE3","D1003","2026-06-23",40000,84,"Prime","Booked"
"APP-A7129A43F66C","D1003","2026-06-23",49900,84,"Prime","Booked"
"APP-396D98B3A0D8","D1003","2026-06-23",37600,72,"Prime","Declined"
"APP-549A2350182E","D1003","2026-06-24",41700,48,"Prime","Booked"
"APP-644ED5424D9D","D1003","2026-06-24",40800,48,"Prime","Approved"
"APP-FBCA6B3F0539","D1003","2026-06-24",43900,72,"Near_Prime","Declined"
"APP-98A47E85BA9C","D1003","2026-06-24",33600,84,"Subprime","Approved"
"APP-6093C286B5B9","D1003","2026-06-24",51100,72,"Prime","Approved"
"APP-D8EEC78B82CD","D1003","2026-06-24",34900,72,"Subprime","Booked"
"APP-9FB5554F1EB6","D1003","2026-06-24",61200,72,"Near_Prime","Booked"
"APP-7C32643D62CB","D1003","2026-06-24",46900,84,"Near_Prime","Approved"
"APP-3783267DDE88","D1003","2026-06-24",46900,60,"Prime","Approved"
"APP-0406181A1E21","D1003","2026-06-24",41500,48,"Subprime","Approved"
"APP-763305675768","D1003","2026-06-24",38300,72,"Subprime","Booked"
"APP-B84662B9B535","D1003","2026-06-24",47000,84,"Prime","Booked"
"APP-F9C50E0D0D6B","D1003","2026-06-25",45300,48,"Prime","Booked"
"APP-7605FB74805B","D1003","2026-06-25",34000,60,"Subprime","Booked"
"APP-460CE8727798","D1003","2026-06-25",39900,72,"Prime","Approved"
"APP-3BEEA1E3B496","D1004","2026-03-28",42000,84,"Prime","Booked"
"APP-E42A0DC73C3F","D1004","2026-03-28",37400,72,"Subprime","Approved"
"APP-701D104FE9A6","D1004","2026-03-28",46400,84,"Prime","Approved"
"APP-E40C494ECDD7","D1004","2026-03-28",41000,84,"Prime","Approved"
"APP-962FC06639A6","D1004","2026-03-28",44400,84,"Prime","Declined"
"APP-45C847AFCDFD","D1004","2026-03-28",40100,84,"Prime","Booked"
"APP-9D868BB0A20C","D1004","2026-03-29",45400,60,"Near_Prime","Declined"
"APP-ACB7B6663C4B","D1004","2026-03-29",41700,84,"Prime","Booked"
"APP-52EC5F83107E","D1004","2026-03-29",43900,72,"Prime","Booked"
"APP-E55E003299C1","D1004","2026-03-29",40000,72,"Near_Prime","Booked"
"APP-F8347E66AC2B","D1004","2026-03-29",37700,72,"Subprime","Declined"
"APP-F4FF2D371E1C","D1004","2026-03-30",41400,72,"Prime","Booked"
"APP-321763A6DBB1","D1004","2026-03-30",43800,72,"Prime","Approved"
"APP-841CED6A595E","D1004","2026-03-30",41000,60,"Prime","Booked"
"APP-550A33714965","D1004","2026-03-30",45200,84,"Prime","Declined"
"APP-0012E815CCD2","D1004","2026-03-30",38200,84,"Subprime","Booked"
"APP-FC1B2DC98F40","D1004","2026-03-30",44100,72,"Prime","Approved"
"APP-D9DC3FF10B23","D1004","2026-03-30",45100,48,"Prime","Booked"
"APP-C9FA44F548FA","D1004","2026-03-30",40800,72,"Near_Prime","Booked"
"APP-1BA41C7B08DC","D1004","2026-03-30",46300,72,"Near_Prime","Declined"
"APP-EF16C4241FAF","D1004","2026-03-30",45200,84,"Prime","Approved"
"APP-8A88B6CD20E4","D1004","2026-03-31",41300,72,"Prime","Booked"
"APP-727E9BF6E030","D1004","2026-03-31",50000,48,"Prime","Declined"
"APP-CE7119CB2822","D1004","2026-03-31",34800,72,"Subprime","Declined"
"APP-09B69611405D","D1004","2026-03-31",53000,72,"Prime","Booked"
"APP-45F8728A6B50","D1004","2026-03-31",38500,72,"Prime","Booked"
"APP-CE9953964682","D1004","2026-03-31",41500,84,"Prime","Booked"
"APP-31BB0A341C53","D1004","2026-03-31",33200,60,"Prime","Declined"
"APP-78E41531E232","D1004","2026-03-31",29900,72,"Subprime","Approved"
"APP-D8A91F97BC0D","D1004","2026-04-01",38800,60,"Prime","Booked"
"APP-9A65C8F9ED0E","D1004","2026-04-01",50800,72,"Near_Prime","Booked"
"APP-4DEAB7963523","D1004","2026-04-01",53100,60,"Near_Prime","Declined"
"APP-7315301A2125","D1004","2026-04-01",46600,72,"Prime","Declined"
"APP-19ED7D1CFD4C","D1004","2026-04-01",40700,72,"Prime","Declined"
"APP-28759795F82A","D1004","2026-04-01",33900,60,"Prime","Declined"
"APP-5DAFA24B95F4","D1004","2026-04-01",42900,72,"Near_Prime","Booked"
"APP-683738203ED0","D1004","2026-04-01",50300,84,"Prime","Booked"
"APP-DF6A146D48AE","D1004","2026-04-01",48700,60,"Prime","Declined"
"APP-1AD7FF04BFFE","D1004","2026-04-01",45900,84,"Prime","Booked"
"APP-8A386B68E338","D1004","2026-04-01",47500,60,"Prime","Approved"
"APP-32F67E27BE50","D1004","2026-04-02",44400,72,"Prime","Booked"
"APP-08229052F36E","D1004","2026-04-02",37600,72,"Near_Prime","Declined"
"APP-1F9CAE467F56","D1004","2026-04-02",47500,72,"Prime","Declined"
"APP-7A03A69E1EAC","D1004","2026-04-02",39800,72,"Subprime","Declined"
"APP-231D5F69C156","D1004","2026-04-02",43500,84,"Near_Prime","Declined"
"APP-CF7176CB8CD3","D1004","2026-04-02",42300,72,"Subprime","Approved"
"APP-9D97F5FE7B7A","D1004","2026-04-02",37200,72,"Subprime","Approved"
"APP-FC9875B09060","D1004","2026-04-02",43000,72,"Prime","Booked"
"APP-E160DB2C8330","D1004","2026-04-02",37300,84,"Prime","Booked"
"APP-405B3287F57F","D1004","2026-04-03",53500,60,"Prime","Booked"
"APP-78969B21EDC9","D1004","2026-04-03",33800,84,"Subprime","Approved"
"APP-3CC8611DF3DB","D1004","2026-04-03",47900,84,"Prime","Booked"
"APP-D21498CC042A","D1004","2026-04-03",41300,84,"Near_Prime","Approved"
"APP-83113B59D85D","D1004","2026-04-03",39300,72,"Prime","Declined"
"APP-AE7D31D46B40","D1004","2026-04-03",49300,48,"Prime","Declined"
"APP-B4AF7B988928","D1004","2026-04-03",37400,84,"Prime","Approved"
"APP-C84537FCF1A4","D1004","2026-04-03",41300,72,"Subprime","Approved"
"APP-097F5590CF1F","D1004","2026-04-03",47900,72,"Subprime","Booked"
"APP-2468EAFF483E","D1004","2026-04-03",40600,72,"Near_Prime","Booked"
"APP-580CF7937FA2","D1004","2026-04-03",35900,72,"Prime","Approved"
"APP-9C6B7982AB8A","D1004","2026-04-03",51700,72,"Subprime","Booked"
"APP-A543872C0159","D1004","2026-04-04",34800,72,"Near_Prime","Declined"
"APP-F5C442690B6B","D1004","2026-04-04",41300,60,"Prime","Booked"
"APP-91E58994029B","D1004","2026-04-04",48300,72,"Near_Prime","Booked"
"APP-15C3D721997E","D1004","2026-04-04",30700,60,"Prime","Booked"
"APP-D3EB1268D8DF","D1004","2026-04-05",50400,48,"Near_Prime","Declined"
"APP-9FBBD2637939","D1004","2026-04-05",45100,60,"Prime","Booked"
"APP-605FB491279B","D1004","2026-04-05",39100,84,"Prime","Declined"
"APP-6098D11921DA","D1004","2026-04-05",36900,72,"Prime","Booked"
"APP-ECE7F10AFCC8","D1004","2026-04-05",53400,84,"Prime","Declined"
"APP-132C653EE579","D1004","2026-04-05",48600,72,"Prime","Booked"
"APP-A0A28F1B8AB9","D1004","2026-04-06",45600,72,"Prime","Booked"
"APP-D1DC678227D5","D1004","2026-04-06",38900,84,"Prime","Booked"
"APP-179EE006B4F4","D1004","2026-04-06",43300,60,"Near_Prime","Booked"
"APP-D63C8797BE3D","D1004","2026-04-06",43800,60,"Near_Prime","Declined"
"APP-05E0378CF131","D1004","2026-04-06",45100,72,"Near_Prime","Approved"
"APP-B741C4FF48FC","D1004","2026-04-06",49700,84,"Prime","Booked"
"APP-55FFE3DDFE03","D1004","2026-04-06",47700,72,"Prime","Approved"
"APP-D171A408B00F","D1004","2026-04-07",42100,84,"Prime","Booked"
"APP-D6BA082B6E2E","D1004","2026-04-07",48400,60,"Prime","Declined"
"APP-D82DC2471937","D1004","2026-04-07",52900,72,"Prime","Declined"
"APP-ECAF67F42933","D1004","2026-04-07",55000,48,"Prime","Declined"
"APP-46B3080C9D10","D1004","2026-04-07",46100,72,"Prime","Booked"
"APP-64BD0BC3ECA1","D1004","2026-04-07",45400,84,"Prime","Approved"
"APP-91233E16EFD9","D1004","2026-04-07",43300,84,"Subprime","Booked"
"APP-FB6513C5BCFC","D1004","2026-04-07",30300,60,"Subprime","Booked"
"APP-9A7D78BF365B","D1004","2026-04-07",53100,72,"Prime","Booked"
"APP-9FC84EAFE2CE","D1004","2026-04-08",44700,72,"Prime","Declined"
"APP-6E593F5AC6FE","D1004","2026-04-08",44900,72,"Prime","Declined"
"APP-7763F54A9E40","D1004","2026-04-08",43300,72,"Prime","Booked"
"APP-8FA249481A40","D1004","2026-04-08",47800,72,"Prime","Approved"
"APP-7024AE7229FC","D1004","2026-04-08",42400,48,"Prime","Approved"
"APP-BDF0D4226469","D1004","2026-04-08",44400,72,"Prime","Approved"
"APP-6FD0F1182993","D1004","2026-04-08",44600,72,"Subprime","Declined"
"APP-4E43E2300B9D","D1004","2026-04-08",43200,84,"Near_Prime","Booked"
"APP-AEDFC9F3D5F4","D1004","2026-04-08",44600,72,"Prime","Declined"
"APP-93F1D2FF7361","D1004","2026-04-09",48600,84,"Prime","Booked"
"APP-BCED35E575D6","D1004","2026-04-09",43800,72,"Near_Prime","Booked"
"APP-F17F0F77B373","D1004","2026-04-09",41300,72,"Prime","Approved"
"APP-4FEA3F108A55","D1004","2026-04-09",44200,72,"Prime","Approved"
"APP-F8F0226C2068","D1004","2026-04-09",43200,60,"Near_Prime","Declined"
"APP-A10E169D5AD7","D1004","2026-04-09",44600,72,"Prime","Booked"
"APP-FD3B369EEA8C","D1004","2026-04-09",42600,84,"Subprime","Declined"
"APP-A11810EB1E19","D1004","2026-04-09",45300,72,"Prime","Booked"
"APP-2DD40A6ECCAF","D1004","2026-04-09",49200,84,"Near_Prime","Approved"
"APP-5A22C5D630DA","D1004","2026-04-09",40200,84,"Prime","Declined"
"APP-1D0FD965619A","D1004","2026-04-10",41400,84,"Near_Prime","Declined"
"APP-757ED5F3E841","D1004","2026-04-10",41100,60,"Subprime","Booked"
"APP-28E7CAD95BB9","D1004","2026-04-10",43300,84,"Prime","Approved"
"APP-2BF71E13DCC5","D1004","2026-04-10",37700,72,"Prime","Booked"
"APP-3EFE3CC2F34E","D1004","2026-04-10",42400,72,"Near_Prime","Approved"
"APP-73247DBE6009","D1004","2026-04-10",40200,60,"Near_Prime","Booked"
"APP-C1C2B5C1E51F","D1004","2026-04-10",46500,72,"Near_Prime","Booked"
"APP-427D4D8D3B36","D1004","2026-04-10",43600,84,"Prime","Declined"
"APP-57A61740639B","D1004","2026-04-10",43900,84,"Prime","Booked"
"APP-7E58DF0E39B0","D1004","2026-04-11",47500,72,"Subprime","Booked"
"APP-C1F90E3CE45A","D1004","2026-04-11",48900,72,"Near_Prime","Declined"
"APP-8EB3348F76CA","D1004","2026-04-11",54700,72,"Prime","Approved"
"APP-A52AB4BD05C1","D1004","2026-04-11",56800,72,"Prime","Approved"
"APP-84CB8F97B00E","D1004","2026-04-11",57400,84,"Prime","Approved"
"APP-8D8D354193D9","D1004","2026-04-11",51100,60,"Prime","Declined"
"APP-88A4D8437576","D1004","2026-04-12",42400,60,"Prime","Booked"
"APP-5DE3B6FC63BD","D1004","2026-04-12",51100,60,"Prime","Declined"
"APP-CF98A1B9D06A","D1004","2026-04-12",49800,60,"Prime","Booked"
"APP-6EB279A9733B","D1004","2026-04-12",42200,48,"Near_Prime","Booked"
"APP-090BBE6F360A","D1004","2026-04-12",41700,48,"Prime","Approved"
"APP-4EA49673FF4B","D1004","2026-04-12",44500,60,"Prime","Booked"
"APP-0064C08D83EF","D1004","2026-04-13",44300,84,"Prime","Booked"
"APP-9BEB244C3080","D1004","2026-04-13",49400,84,"Prime","Declined"
"APP-BCC23848E2F8","D1004","2026-04-13",41300,84,"Subprime","Declined"
"APP-9CD045812044","D1004","2026-04-13",44800,72,"Prime","Approved"
"APP-AE8C1CFA62B7","D1004","2026-04-13",49500,60,"Prime","Approved"
"APP-ECDA725DCE80","D1004","2026-04-13",52800,60,"Prime","Booked"
"APP-83373D5B2B7E","D1004","2026-04-13",36800,84,"Prime","Approved"
"APP-19CC7DFE36A6","D1004","2026-04-13",43500,48,"Prime","Booked"
"APP-4BB7F68A0DD7","D1004","2026-04-13",52200,84,"Near_Prime","Booked"
"APP-FD32B51E81AC","D1004","2026-04-13",55400,60,"Prime","Declined"
"APP-5BFD9CFC484C","D1004","2026-04-13",50000,60,"Prime","Booked"
"APP-26E974DE4615","D1004","2026-04-13",44200,60,"Near_Prime","Booked"
"APP-3686A1E99021","D1004","2026-04-14",42500,84,"Near_Prime","Booked"
"APP-E0CDE16364C9","D1004","2026-04-14",47200,60,"Prime","Booked"
"APP-9B274D302FB6","D1004","2026-04-14",33400,84,"Subprime","Booked"
"APP-0DACB629BBA0","D1004","2026-04-14",47300,60,"Near_Prime","Declined"
"APP-E56A73B7BA55","D1004","2026-04-14",42800,72,"Prime","Approved"
"APP-B5EC189B8285","D1004","2026-04-14",32500,72,"Prime","Declined"
"APP-3779752BF73B","D1004","2026-04-14",37100,48,"Prime","Declined"
"APP-E59435F0D1D9","D1004","2026-04-14",43700,72,"Prime","Booked"
"APP-4FD8520BF93D","D1004","2026-04-14",38700,84,"Near_Prime","Approved"
"APP-764B28CC5894","D1004","2026-04-14",41900,84,"Prime","Declined"
"APP-AC2C143C44DD","D1004","2026-04-15",52400,60,"Prime","Booked"
"APP-DEA4F7FA520F","D1004","2026-04-15",43500,60,"Prime","Booked"
"APP-9B2896C6AA12","D1004","2026-04-15",46300,72,"Prime","Booked"
"APP-3CCE3731DD1E","D1004","2026-04-15",48700,84,"Prime","Approved"
"APP-1413C4A3CAC2","D1004","2026-04-15",43600,72,"Prime","Approved"
"APP-B9318B1DAE12","D1004","2026-04-15",42100,72,"Prime","Booked"
"APP-4B05DBC76B9F","D1004","2026-04-15",41300,60,"Prime","Booked"
"APP-3F687293DBE4","D1004","2026-04-15",38600,72,"Near_Prime","Declined"
"APP-9A496D204091","D1004","2026-04-15",41600,72,"Prime","Booked"
"APP-5329F90E6AB0","D1004","2026-04-15",49900,84,"Prime","Booked"
"APP-4DA55F21703A","D1004","2026-04-15",40200,84,"Prime","Booked"
"APP-48B3D0208202","D1004","2026-04-16",42300,72,"Prime","Booked"
"APP-527EA0B1B45C","D1004","2026-04-16",39800,72,"Prime","Approved"
"APP-D3CCCD5A984E","D1004","2026-04-16",32700,72,"Prime","Declined"
"APP-3936F8418F3A","D1004","2026-04-16",45000,72,"Near_Prime","Booked"
"APP-1AC58196BACD","D1004","2026-04-16",36800,72,"Prime","Declined"
"APP-80EBA18298FD","D1004","2026-04-16",44500,84,"Near_Prime","Booked"
"APP-FFC4FF98F2A8","D1004","2026-04-16",44700,72,"Prime","Booked"
"APP-DFD940892226","D1004","2026-04-16",53800,72,"Prime","Approved"
"APP-282696786015","D1004","2026-04-16",37400,72,"Near_Prime","Booked"
"APP-72BE33606BE9","D1004","2026-04-16",55800,84,"Prime","Approved"
"APP-5B0846D94EAC","D1004","2026-04-16",38100,72,"Near_Prime","Approved"
"APP-E7D9507EB1D1","D1004","2026-04-16",44200,48,"Prime","Declined"
"APP-EF63988DFE55","D1004","2026-04-17",39600,72,"Subprime","Booked"
"APP-67B2AE3EDEC4","D1004","2026-04-17",35700,60,"Near_Prime","Declined"
"APP-BD5283B76019","D1004","2026-04-17",44000,72,"Prime","Approved"
"APP-415CAA52D3FC","D1004","2026-04-17",49000,72,"Prime","Booked"
"APP-48C7CFE16E0C","D1004","2026-04-17",48600,84,"Prime","Approved"
"APP-96A55C859E65","D1004","2026-04-17",38700,84,"Prime","Booked"
"APP-A034C906512C","D1004","2026-04-17",52900,72,"Prime","Booked"
"APP-5732C8B1633C","D1004","2026-04-17",46000,48,"Subprime","Booked"
"APP-D9C0F16DFC1F","D1004","2026-04-17",44900,84,"Prime","Booked"
"APP-B117E3ED197C","D1004","2026-04-18",43900,60,"Prime","Declined"
"APP-FF53E31773DB","D1004","2026-04-18",58000,72,"Prime","Booked"
"APP-FD7BD77DA9DA","D1004","2026-04-18",49400,72,"Prime","Approved"
"APP-43047CFD3325","D1004","2026-04-18",50600,72,"Prime","Booked"
"APP-B4AE8C6C8AD2","D1004","2026-04-18",35600,60,"Prime","Declined"
"APP-F81FF63E4069","D1004","2026-04-19",33800,72,"Near_Prime","Declined"
"APP-FEE52853926B","D1004","2026-04-19",44700,72,"Prime","Declined"
"APP-7A832EEBE859","D1004","2026-04-19",46300,60,"Subprime","Booked"
"APP-767DC4C742CB","D1004","2026-04-19",47800,48,"Prime","Booked"
"APP-554392CEA56B","D1004","2026-04-19",48100,48,"Prime","Booked"
"APP-A78B61210924","D1004","2026-04-19",38900,60,"Prime","Booked"
"APP-7D1AB1FAB3AA","D1004","2026-04-20",43400,72,"Prime","Declined"
"APP-E0285C5A4DD8","D1004","2026-04-20",36400,60,"Prime","Approved"
"APP-25AEDAD78177","D1004","2026-04-20",52700,84,"Prime","Booked"
"APP-2649C34CFA6F","D1004","2026-04-20",39900,84,"Near_Prime","Booked"
"APP-4E73349810BE","D1004","2026-04-20",46400,72,"Prime","Approved"
"APP-DEA21AAB8D93","D1004","2026-04-20",47500,60,"Near_Prime","Declined"
"APP-6DACFA7E438D","D1004","2026-04-20",45300,60,"Prime","Booked"
"APP-7C3FFC945375","D1004","2026-04-20",52300,84,"Prime","Declined"
"APP-FDB136E7B1C1","D1004","2026-04-20",44000,72,"Prime","Booked"
"APP-9A6C624459F4","D1004","2026-04-20",38400,60,"Prime","Declined"
"APP-213FB6CA2281","D1004","2026-04-21",39800,48,"Prime","Approved"
"APP-55DFF9C30737","D1004","2026-04-21",45500,84,"Prime","Declined"
"APP-DFAA424E347E","D1004","2026-04-21",48100,60,"Near_Prime","Booked"
"APP-6ECBF737D3F3","D1004","2026-04-21",31500,72,"Prime","Approved"
"APP-3D581CA16F20","D1004","2026-04-21",31300,72,"Prime","Booked"
"APP-F7F64765270D","D1004","2026-04-21",48200,60,"Prime","Approved"
"APP-D9C266755C27","D1004","2026-04-21",56500,84,"Prime","Approved"
"APP-6CF86D740C77","D1004","2026-04-21",49800,72,"Prime","Declined"
"APP-74C9234914B7","D1004","2026-04-22",46100,60,"Prime","Declined"
"APP-83929D4F5D68","D1004","2026-04-22",43800,72,"Near_Prime","Approved"
"APP-8CA837D77432","D1004","2026-04-22",42700,72,"Prime","Approved"
"APP-98ABECE3EF28","D1004","2026-04-22",44200,84,"Prime","Approved"
"APP-0C245C77F2F9","D1004","2026-04-22",46800,60,"Near_Prime","Declined"
"APP-8E6F7FEE6A05","D1004","2026-04-22",48300,60,"Near_Prime","Booked"
"APP-1BD1203DDC69","D1004","2026-04-22",40500,60,"Subprime","Booked"
"APP-54F55960CEA1","D1004","2026-04-22",30900,72,"Prime","Booked"
"APP-B09396CAFE66","D1004","2026-04-22",50200,72,"Prime","Booked"
"APP-457AA86B6CC4","D1004","2026-04-22",41900,84,"Near_Prime","Declined"
"APP-F505BE90E891","D1004","2026-04-22",33400,84,"Subprime","Approved"
"APP-5DC0D8F87A98","D1004","2026-04-23",43900,60,"Prime","Booked"
"APP-B89D16744BDF","D1004","2026-04-23",42600,60,"Prime","Declined"
"APP-D2B7F3C7AAD7","D1004","2026-04-23",45100,72,"Subprime","Booked"
"APP-8C359B57CABD","D1004","2026-04-23",42800,72,"Prime","Booked"
"APP-A09FE2E6E42B","D1004","2026-04-23",49200,84,"Prime","Booked"
"APP-C2FA0D9C72CD","D1004","2026-04-23",42600,72,"Near_Prime","Declined"
"APP-A18B2E296BDF","D1004","2026-04-23",49600,72,"Subprime","Booked"
"APP-1FE5E6820A6F","D1004","2026-04-23",40100,72,"Prime","Booked"
"APP-001F5287FFF0","D1004","2026-04-23",39700,72,"Prime","Approved"
"APP-CF29E2E581E9","D1004","2026-04-23",48100,60,"Prime","Declined"
"APP-F9535B37CB5A","D1004","2026-04-24",45300,72,"Prime","Approved"
"APP-AEFEBC54F397","D1004","2026-04-24",41400,72,"Subprime","Approved"
"APP-3C13A591F5AF","D1004","2026-04-24",40500,72,"Prime","Declined"
"APP-22D08E8048D5","D1004","2026-04-24",53000,72,"Prime","Declined"
"APP-AA2B39A75F52","D1004","2026-04-24",50300,72,"Near_Prime","Declined"
"APP-CDFCF55F69A7","D1004","2026-04-24",46600,72,"Prime","Declined"
"APP-49EBE8CE2B14","D1004","2026-04-24",37500,72,"Near_Prime","Declined"
"APP-3823E4DCC258","D1004","2026-04-24",35900,60,"Near_Prime","Approved"
"APP-9E824ACD0B8C","D1004","2026-04-24",42800,72,"Prime","Approved"
"APP-8FB7F4042C6D","D1004","2026-04-24",48500,72,"Prime","Booked"
"APP-40DEB47F012A","D1004","2026-04-25",52300,72,"Prime","Declined"
"APP-3BB78F15D0B3","D1004","2026-04-25",36000,72,"Near_Prime","Booked"
"APP-2AA2721270BD","D1004","2026-04-25",40800,84,"Prime","Declined"
"APP-C4A70268DA1B","D1004","2026-04-25",39900,84,"Near_Prime","Booked"
"APP-A55C35212554","D1004","2026-04-25",45300,84,"Prime","Approved"
"APP-71F3FFC1BEB5","D1004","2026-04-25",40200,72,"Prime","Booked"
"APP-8018D50EFD8E","D1004","2026-04-26",44600,48,"Prime","Booked"
"APP-12FBD97BD8A5","D1004","2026-04-26",33600,72,"Near_Prime","Booked"
"APP-794D8CCC346E","D1004","2026-04-26",44800,72,"Prime","Booked"
"APP-AE560708D25B","D1004","2026-04-26",39300,84,"Prime","Booked"
"APP-8D18A14A1058","D1004","2026-04-27",37500,72,"Prime","Declined"
"APP-B496EAA3E179","D1004","2026-04-27",39100,72,"Near_Prime","Declined"
"APP-3DA8B57A5836","D1004","2026-04-27",47400,72,"Prime","Declined"
"APP-01171D91C60D","D1004","2026-04-27",37700,60,"Near_Prime","Declined"
"APP-345E6AF8B6DF","D1004","2026-04-27",36700,48,"Prime","Approved"
"APP-CFA19BE20C6F","D1004","2026-04-27",36700,72,"Subprime","Declined"
"APP-9509A8C1161D","D1004","2026-04-27",47500,84,"Prime","Approved"
"APP-07CD2DD34979","D1004","2026-04-27",32000,72,"Prime","Booked"
"APP-C8C727F0EC53","D1004","2026-04-28",39300,48,"Near_Prime","Booked"
"APP-C5B4233D3013","D1004","2026-04-28",52500,60,"Prime","Booked"
"APP-A9F48AC5340B","D1004","2026-04-28",48600,84,"Prime","Declined"
"APP-461F40A39BF8","D1004","2026-04-28",44800,84,"Prime","Approved"
"APP-12BE01EDED36","D1004","2026-04-28",55600,84,"Prime","Booked"
"APP-5B0FAF758483","D1004","2026-04-28",42000,60,"Prime","Approved"
"APP-A0FCCF65974F","D1004","2026-04-28",43600,60,"Prime","Declined"
"APP-63BC0A59BF88","D1004","2026-04-28",40600,72,"Prime","Approved"
"APP-B585325A4570","D1004","2026-04-28",47600,60,"Prime","Booked"
"APP-1CCB1B3ADAE2","D1004","2026-04-29",39300,84,"Subprime","Booked"
"APP-CE2772527DA2","D1004","2026-04-29",44900,72,"Prime","Booked"
"APP-A23E5951FFF5","D1004","2026-04-29",48000,72,"Near_Prime","Declined"
"APP-5C64DAFA0D48","D1004","2026-04-29",38300,72,"Subprime","Booked"
"APP-42AA6340E0F3","D1004","2026-04-29",49500,72,"Prime","Approved"
"APP-F070D7D3AB24","D1004","2026-04-29",33200,72,"Subprime","Booked"
"APP-78A0FD208A62","D1004","2026-04-29",44600,72,"Prime","Declined"
"APP-AADB1A135AD1","D1004","2026-04-29",52200,72,"Prime","Booked"
"APP-CEEC5004DCCB","D1004","2026-04-29",26100,60,"Near_Prime","Approved"
"APP-5CB73B50F656","D1004","2026-04-29",43800,84,"Prime","Approved"
"APP-6EE8048E3715","D1004","2026-04-30",24700,60,"Subprime","Booked"
"APP-871649D04C5E","D1004","2026-04-30",48900,84,"Prime","Booked"
"APP-4E69379CF59A","D1004","2026-04-30",52300,84,"Prime","Booked"
"APP-AAB2122FCC94","D1004","2026-04-30",44500,84,"Near_Prime","Declined"
"APP-1FE8236087F2","D1004","2026-04-30",47900,84,"Near_Prime","Declined"
"APP-873D8B61B590","D1004","2026-04-30",40100,84,"Prime","Approved"
"APP-4690532522CB","D1004","2026-04-30",49000,60,"Prime","Booked"
"APP-857738C9B93E","D1004","2026-04-30",52700,60,"Prime","Booked"
"APP-9FC1E3A05AB3","D1004","2026-04-30",45600,60,"Prime","Declined"
"APP-45773207092B","D1004","2026-04-30",52100,72,"Prime","Booked"
"APP-8AF25958126A","D1004","2026-05-01",43900,72,"Subprime","Booked"
"APP-34CD7B908128","D1004","2026-05-01",45200,48,"Prime","Approved"
"APP-2594304A9B62","D1004","2026-05-01",37600,72,"Subprime","Booked"
"APP-FB4D4A94C2D6","D1004","2026-05-01",43800,72,"Prime","Declined"
"APP-ED328CC2EC97","D1004","2026-05-01",32900,84,"Near_Prime","Booked"
"APP-583B94853CD5","D1004","2026-05-01",44500,84,"Prime","Booked"
"APP-36512833EDDE","D1004","2026-05-01",47600,84,"Prime","Declined"
"APP-88D4D0D92F5B","D1004","2026-05-01",31100,48,"Subprime","Approved"
"APP-353FAA0ED994","D1004","2026-05-01",37700,72,"Subprime","Booked"
"APP-5EAAF0D99B90","D1004","2026-05-01",44900,84,"Prime","Booked"
"APP-875BC3054C8D","D1004","2026-05-02",45100,60,"Prime","Declined"
"APP-85B600A4DDF7","D1004","2026-05-02",48900,72,"Prime","Declined"
"APP-8D2869C99B6B","D1004","2026-05-02",37700,72,"Prime","Booked"
"APP-5E6AE22A544B","D1004","2026-05-02",47700,72,"Prime","Approved"
"APP-20A2EB30FBF2","D1004","2026-05-02",30900,84,"Subprime","Approved"
"APP-0DED3B8A23D4","D1004","2026-05-03",40900,72,"Prime","Booked"
"APP-D473859D9747","D1004","2026-05-03",43900,48,"Prime","Booked"
"APP-9603AE0147D5","D1004","2026-05-03",45700,84,"Subprime","Booked"
"APP-057E321B0F65","D1004","2026-05-03",35500,72,"Near_Prime","Declined"
"APP-7BB6D808F72A","D1004","2026-05-04",40100,84,"Prime","Booked"
"APP-2FB634DF5DC6","D1004","2026-05-04",38200,72,"Prime","Booked"
"APP-FAD036C5610F","D1004","2026-05-04",44000,60,"Prime","Declined"
"APP-38EE607B3259","D1004","2026-05-04",40200,84,"Subprime","Approved"
"APP-04913CC9E1E5","D1004","2026-05-04",51400,60,"Prime","Booked"
"APP-6F76BE13D840","D1004","2026-05-04",32700,72,"Prime","Declined"
"APP-4CF64C4FE84A","D1004","2026-05-04",37700,60,"Prime","Approved"
"APP-B1D0E11902C7","D1004","2026-05-04",36000,48,"Prime","Declined"
"APP-84E8640315BB","D1004","2026-05-04",39700,48,"Subprime","Approved"
"APP-432C8CFEE465","D1004","2026-05-05",52000,48,"Prime","Booked"
"APP-27F4E3D1D187","D1004","2026-05-05",50700,72,"Prime","Booked"
"APP-4967695138EF","D1004","2026-05-05",41600,60,"Prime","Booked"
"APP-F34DFD329000","D1004","2026-05-05",45000,48,"Prime","Approved"
"APP-674A46056605","D1004","2026-05-05",42600,72,"Prime","Booked"
"APP-864BD4D7C6A8","D1004","2026-05-05",43500,60,"Prime","Booked"
"APP-6040306758C6","D1004","2026-05-05",38800,60,"Subprime","Booked"
"APP-C68C89B4498E","D1004","2026-05-05",32600,48,"Prime","Booked"
"APP-C003855675EF","D1004","2026-05-05",42100,72,"Prime","Approved"
"APP-305954CC314B","D1004","2026-05-05",48900,60,"Prime","Booked"
"APP-1925ECD7F154","D1004","2026-05-05",48000,84,"Prime","Declined"
"APP-E7DBA1701F92","D1004","2026-05-06",39600,72,"Subprime","Declined"
"APP-1D7114CDC5A2","D1004","2026-05-06",43500,72,"Prime","Booked"
"APP-FED68BD5FA68","D1004","2026-05-06",40800,48,"Near_Prime","Booked"
"APP-26744A0D3377","D1004","2026-05-06",56100,72,"Prime","Booked"
"APP-DD83BA3E19E1","D1004","2026-05-06",34300,72,"Subprime","Approved"
"APP-D8D97869478F","D1004","2026-05-06",41200,72,"Subprime","Declined"
"APP-158766736931","D1004","2026-05-06",46900,84,"Prime","Approved"
"APP-4650A4CD4D8D","D1004","2026-05-06",42300,60,"Prime","Declined"
"APP-B74BA21F32B9","D1004","2026-05-06",46500,84,"Prime","Declined"
"APP-670A7C2D9088","D1004","2026-05-06",45400,84,"Prime","Declined"
"APP-6B88E133695A","D1004","2026-05-06",42100,72,"Near_Prime","Booked"
"APP-4F639C5C046C","D1004","2026-05-06",41000,84,"Prime","Approved"
"APP-2B5B95A07468","D1004","2026-05-07",41100,60,"Subprime","Declined"
"APP-AAA1B0674C3B","D1004","2026-05-07",47000,72,"Prime","Booked"
"APP-ED0ED5CF725F","D1004","2026-05-07",42700,72,"Prime","Booked"
"APP-41B966135C10","D1004","2026-05-07",35100,72,"Prime","Declined"
"APP-B6BAE36F7626","D1004","2026-05-07",39400,84,"Subprime","Booked"
"APP-649ACC758E68","D1004","2026-05-07",47300,72,"Prime","Approved"
"APP-9A8313819520","D1004","2026-05-07",30100,60,"Prime","Declined"
"APP-76037713242A","D1004","2026-05-07",49500,60,"Prime","Declined"
"APP-C545DB8AFBD7","D1004","2026-05-07",46600,60,"Near_Prime","Booked"
"APP-7E16F930480E","D1004","2026-05-07",27800,48,"Subprime","Booked"
"APP-C6EF9A46129D","D1004","2026-05-08",40600,84,"Near_Prime","Declined"
"APP-48CA2C279663","D1004","2026-05-08",49700,84,"Prime","Declined"
"APP-9921F0E5330C","D1004","2026-05-08",45400,84,"Prime","Approved"
"APP-BB80A1A851F3","D1004","2026-05-08",47000,84,"Near_Prime","Declined"
"APP-E873B5F3B551","D1004","2026-05-08",38900,60,"Prime","Booked"
"APP-396D9EA2B2F0","D1004","2026-05-08",51200,72,"Subprime","Booked"
"APP-25F23369571B","D1004","2026-05-08",45300,72,"Prime","Declined"
"APP-319EA01E1355","D1004","2026-05-08",38100,72,"Near_Prime","Declined"
"APP-BB0D2A725506","D1004","2026-05-08",47000,72,"Prime","Booked"
"APP-B4D99BC41143","D1004","2026-05-08",34900,60,"Near_Prime","Declined"
"APP-7DB39C6B821D","D1004","2026-05-08",41000,48,"Near_Prime","Declined"
"APP-7ABA50C8B584","D1004","2026-05-09",47900,60,"Prime","Approved"
"APP-8749F2A57BEA","D1004","2026-05-09",44700,48,"Prime","Declined"
"APP-5EF0BA1422E0","D1004","2026-05-09",44800,72,"Prime","Declined"
"APP-9E3F8333C2E4","D1004","2026-05-09",33100,72,"Subprime","Booked"
"APP-4276CBFC245F","D1004","2026-05-10",36500,60,"Prime","Booked"
"APP-28EB3F96C3F1","D1004","2026-05-10",40800,72,"Prime","Declined"
"APP-A00FE9A717BE","D1004","2026-05-10",48200,72,"Near_Prime","Approved"
"APP-F03A3E826C3F","D1004","2026-05-10",46300,84,"Prime","Booked"
"APP-927C6FA6C758","D1004","2026-05-11",47900,60,"Prime","Booked"
"APP-6C7AA08B0CE7","D1004","2026-05-11",36700,72,"Prime","Declined"
"APP-B4C82F121CB4","D1004","2026-05-11",45300,60,"Prime","Booked"
"APP-48831D6F1E76","D1004","2026-05-11",38200,72,"Prime","Approved"
"APP-AF15CB56B96A","D1004","2026-05-11",51400,60,"Near_Prime","Approved"
"APP-20D1F4E9CC52","D1004","2026-05-11",31700,72,"Prime","Booked"
"APP-0B2C3535A259","D1004","2026-05-11",46100,48,"Prime","Booked"
"APP-5CF2B4E50527","D1004","2026-05-11",48600,60,"Prime","Approved"
"APP-8E8B21296924","D1004","2026-05-11",53600,84,"Prime","Declined"
"APP-4411733D9C86","D1004","2026-05-11",40100,60,"Prime","Booked"
"APP-17760ED4A9BE","D1004","2026-05-11",37400,72,"Prime","Booked"
"APP-4415DBFE096D","D1004","2026-05-11",43100,72,"Subprime","Declined"
"APP-736C022EA03B","D1004","2026-05-12",42100,84,"Prime","Approved"
"APP-852FAB14D8C7","D1004","2026-05-12",44800,72,"Prime","Booked"
"APP-F474D8D47E33","D1004","2026-05-12",44500,72,"Subprime","Approved"
"APP-63C0A971698A","D1004","2026-05-12",52400,72,"Near_Prime","Declined"
"APP-A7C3105A09AD","D1004","2026-05-12",40700,60,"Prime","Approved"
"APP-84F4ECE2FE5B","D1004","2026-05-12",40200,60,"Subprime","Declined"
"APP-1DE83537763C","D1004","2026-05-12",45900,48,"Prime","Booked"
"APP-0C622AF3DD27","D1004","2026-05-12",47800,48,"Prime","Booked"
"APP-DCE1B367161E","D1004","2026-05-13",43900,60,"Prime","Approved"
"APP-EEBC184DC770","D1004","2026-05-13",42600,72,"Prime","Declined"
"APP-079871B44BCC","D1004","2026-05-13",59600,60,"Prime","Declined"
"APP-8E0C6BA35439","D1004","2026-05-13",42700,84,"Prime","Booked"
"APP-C9839128A471","D1004","2026-05-13",50700,72,"Prime","Booked"
"APP-66FCFEA138CF","D1004","2026-05-13",52100,84,"Prime","Booked"
"APP-329BE22F1B09","D1004","2026-05-13",37700,60,"Prime","Booked"
"APP-2E58C238932C","D1004","2026-05-13",46200,60,"Prime","Approved"
"APP-C3D9126135A0","D1004","2026-05-13",41400,72,"Near_Prime","Approved"
"APP-6832BFC29F05","D1004","2026-05-14",45600,60,"Prime","Booked"
"APP-511AAF27E8B1","D1004","2026-05-14",41400,84,"Prime","Booked"
"APP-A3501F224F9D","D1004","2026-05-14",53500,84,"Prime","Approved"
"APP-ECFF820B26DD","D1004","2026-05-14",45600,60,"Prime","Declined"
"APP-62A3F0785618","D1004","2026-05-14",56700,72,"Prime","Booked"
"APP-08B9286EA126","D1004","2026-05-14",47700,72,"Near_Prime","Booked"
"APP-3920879E290D","D1004","2026-05-14",40400,72,"Prime","Booked"
"APP-A046EAAFB816","D1004","2026-05-14",32800,84,"Prime","Booked"
"APP-3699A68696C9","D1004","2026-05-15",42600,60,"Prime","Approved"
"APP-5C409F48414F","D1004","2026-05-15",43900,48,"Near_Prime","Booked"
"APP-68A2045A4527","D1004","2026-05-15",36700,48,"Subprime","Declined"
"APP-46C1E7AF9DDE","D1004","2026-05-15",54400,60,"Prime","Booked"
"APP-319099983150","D1004","2026-05-15",32800,72,"Prime","Approved"
"APP-D237BC1B8CBD","D1004","2026-05-15",37700,84,"Prime","Booked"
"APP-BE194AAAF2EE","D1004","2026-05-15",51400,60,"Prime","Declined"
"APP-05A7561C1A38","D1004","2026-05-16",37400,60,"Near_Prime","Declined"
"APP-798BBF82BE31","D1004","2026-05-16",47400,84,"Near_Prime","Booked"
"APP-85D209D8235B","D1004","2026-05-16",37700,72,"Subprime","Declined"
"APP-51DC651BC050","D1004","2026-05-16",45400,60,"Near_Prime","Booked"
"APP-6B7D7BDBE121","D1004","2026-05-17",54200,60,"Prime","Declined"
"APP-57A86C2C7C09","D1004","2026-05-17",38100,72,"Prime","Booked"
"APP-AA071CF8E5EF","D1004","2026-05-17",41300,72,"Prime","Booked"
"APP-DE34CF75B87A","D1004","2026-05-17",45300,72,"Prime","Declined"
"APP-5B4BE7F1CE4C","D1004","2026-05-17",41200,72,"Prime","Booked"
"APP-2D7810D06595","D1004","2026-05-18",44100,60,"Prime","Approved"
"APP-7837828B4DBA","D1004","2026-05-18",48700,48,"Near_Prime","Booked"
"APP-08CC6423226B","D1004","2026-05-18",45900,72,"Near_Prime","Declined"
"APP-B9000D1DD99B","D1004","2026-05-18",38000,72,"Near_Prime","Declined"
"APP-36D004AF588B","D1004","2026-05-18",40300,72,"Near_Prime","Declined"
"APP-D471ADF06974","D1004","2026-05-18",59100,60,"Prime","Declined"
"APP-299E39F50692","D1004","2026-05-18",32000,60,"Subprime","Declined"
"APP-F6209029C3B8","D1004","2026-05-18",56400,84,"Prime","Booked"
"APP-4A14CA8A1E16","D1004","2026-05-19",39600,84,"Prime","Booked"
"APP-C228978672C0","D1004","2026-05-19",38100,60,"Prime","Declined"
"APP-09C2D3CF53C3","D1004","2026-05-19",44300,72,"Prime","Booked"
"APP-03BA3C0D3293","D1004","2026-05-19",53300,60,"Prime","Approved"
"APP-E0DB3A118A1F","D1004","2026-05-19",48700,60,"Prime","Approved"
"APP-C4E2EB2ED409","D1004","2026-05-19",30000,84,"Prime","Approved"
"APP-04318DCBF953","D1004","2026-05-19",34600,48,"Prime","Booked"
"APP-F1DEC2E51BF7","D1004","2026-05-19",52500,60,"Prime","Approved"
"APP-1D3416314A99","D1004","2026-05-19",38800,60,"Prime","Booked"
"APP-2DC4A6A5CE38","D1004","2026-05-19",45200,60,"Prime","Booked"
"APP-52C7D1367E13","D1004","2026-05-19",38500,60,"Prime","Approved"
"APP-C6F37F7686A1","D1004","2026-05-19",48500,84,"Near_Prime","Declined"
"APP-8C7C1A6AEC68","D1004","2026-05-20",49200,60,"Prime","Booked"
"APP-153C6A0B9D28","D1004","2026-05-20",52700,72,"Prime","Booked"
"APP-9907BB336519","D1004","2026-05-20",47400,60,"Prime","Declined"
"APP-10EBC898ACB2","D1004","2026-05-20",41200,84,"Near_Prime","Booked"
"APP-93148BC0CA1E","D1004","2026-05-20",48700,60,"Prime","Booked"
"APP-6674FC4A5455","D1004","2026-05-20",36000,72,"Prime","Declined"
"APP-0D9DB191C141","D1004","2026-05-20",40000,72,"Near_Prime","Booked"
"APP-842F64718D94","D1004","2026-05-20",50700,72,"Prime","Declined"
"APP-72D1C079BB35","D1004","2026-05-20",40600,60,"Prime","Approved"
"APP-5EE8A9CA9F3B","D1004","2026-05-21",40800,72,"Prime","Booked"
"APP-67269187403D","D1004","2026-05-21",51000,84,"Prime","Booked"
"APP-AAC1B36DFE0B","D1004","2026-05-21",33900,72,"Near_Prime","Booked"
"APP-053D5B2DD42B","D1004","2026-05-21",36600,84,"Subprime","Booked"
"APP-B80A94E5E532","D1004","2026-05-21",40400,84,"Prime","Declined"
"APP-9C72C9C21851","D1004","2026-05-21",59500,84,"Near_Prime","Approved"
"APP-15B270CFFAE9","D1004","2026-05-21",39700,72,"Subprime","Booked"
"APP-20E122DF5A52","D1004","2026-05-21",43400,72,"Prime","Approved"
"APP-E046866A5DAB","D1004","2026-05-22",46300,72,"Prime","Approved"
"APP-D4B8DFB02738","D1004","2026-05-22",42500,72,"Prime","Declined"
"APP-E1C386102329","D1004","2026-05-22",52200,72,"Prime","Booked"
"APP-2D769685809F","D1004","2026-05-22",39600,84,"Prime","Declined"
"APP-81CE654F6B4A","D1004","2026-05-22",46100,60,"Subprime","Approved"
"APP-CFDE442C4689","D1004","2026-05-22",33000,72,"Subprime","Approved"
"APP-A008EA75FA37","D1004","2026-05-22",45500,84,"Prime","Booked"
"APP-0808177A6599","D1004","2026-05-22",39300,48,"Prime","Declined"
"APP-348C7796162B","D1004","2026-05-22",54200,72,"Prime","Booked"
"APP-7AA12622F1F7","D1004","2026-05-23",51500,84,"Prime","Approved"
"APP-A2F918D7D646","D1004","2026-05-23",47100,72,"Prime","Declined"
"APP-DA9E45382FA1","D1004","2026-05-23",48500,60,"Prime","Booked"
"APP-87F74A8E43C2","D1004","2026-05-23",45300,72,"Subprime","Approved"
"APP-386C52DA33C2","D1004","2026-05-23",31500,72,"Prime","Booked"
"APP-C9550F88D587","D1004","2026-05-24",36500,72,"Subprime","Booked"
"APP-0EE9CA8663C8","D1004","2026-05-24",48600,60,"Near_Prime","Declined"
"APP-D5635591E198","D1004","2026-05-24",42100,84,"Subprime","Booked"
"APP-8CD55DE5A658","D1004","2026-05-24",61000,60,"Prime","Approved"
"APP-FB83F9554A56","D1004","2026-05-24",48100,72,"Prime","Booked"
"APP-EF49DDB2E17A","D1004","2026-05-25",54600,72,"Prime","Declined"
"APP-C952370BF0B7","D1004","2026-05-25",46000,84,"Prime","Declined"
"APP-61C5936E9CA2","D1004","2026-05-25",43400,60,"Prime","Declined"
"APP-B0C4C4DDF899","D1004","2026-05-25",43300,72,"Near_Prime","Declined"
"APP-294DD1F7525A","D1004","2026-05-25",49100,84,"Prime","Booked"
"APP-16DB3679E525","D1004","2026-05-25",41900,84,"Prime","Declined"
"APP-09919A0254A4","D1004","2026-05-25",40300,60,"Prime","Approved"
"APP-F0FF5C17F2A3","D1004","2026-05-25",47100,60,"Near_Prime","Booked"
"APP-8881692E47FC","D1004","2026-05-25",42200,72,"Near_Prime","Approved"
"APP-12ADA33AC3EE","D1004","2026-05-26",42800,72,"Prime","Booked"
"APP-F1AE2F511866","D1004","2026-05-26",39900,72,"Prime","Booked"
"APP-F7E4B2DD7955","D1004","2026-05-26",40500,72,"Subprime","Booked"
"APP-12D01CBA1A37","D1004","2026-05-26",41600,72,"Near_Prime","Booked"
"APP-0508E33CA5A0","D1004","2026-05-26",48300,72,"Prime","Booked"
"APP-ABB901807EF6","D1004","2026-05-26",38700,72,"Subprime","Booked"
"APP-2F350F18347E","D1004","2026-05-26",47300,72,"Prime","Approved"
"APP-BCCF566D4B3B","D1004","2026-05-26",43800,48,"Near_Prime","Declined"
"APP-65A2A3947313","D1004","2026-05-26",43100,72,"Near_Prime","Declined"
"APP-ED27ECFB2B7D","D1004","2026-05-27",39000,72,"Subprime","Approved"
"APP-C90FA28507E4","D1004","2026-05-27",36900,48,"Subprime","Declined"
"APP-B0A1C46CE6C3","D1004","2026-05-27",45100,60,"Prime","Declined"
"APP-5CE8B715C66B","D1004","2026-05-27",35000,84,"Prime","Declined"
"APP-7B82A87A221E","D1004","2026-05-27",52100,84,"Prime","Approved"
"APP-3CDD3EEA89D5","D1004","2026-05-27",32800,84,"Subprime","Booked"
"APP-C570FEC0C61F","D1004","2026-05-27",41000,84,"Near_Prime","Approved"
"APP-2B3078DEBBD9","D1004","2026-05-27",41000,84,"Near_Prime","Approved"
"APP-53AD5BEF4203","D1004","2026-05-28",40100,72,"Subprime","Declined"
"APP-E413763ED248","D1004","2026-05-28",33000,72,"Prime","Approved"
"APP-8D4155E2E394","D1004","2026-05-28",39500,72,"Near_Prime","Booked"
"APP-A7499C2FAEEC","D1004","2026-05-28",43900,72,"Near_Prime","Booked"
"APP-A3CBFB9471AC","D1004","2026-05-28",45400,60,"Prime","Booked"
"APP-EF8C0B4B82CE","D1004","2026-05-28",46300,72,"Prime","Approved"
"APP-80F289B1E104","D1004","2026-05-28",48500,84,"Prime","Booked"
"APP-90CE3458B7E7","D1004","2026-05-28",43300,72,"Prime","Approved"
"APP-CA063F88EE6B","D1004","2026-05-29",41200,60,"Prime","Booked"
"APP-894797665B3C","D1004","2026-05-29",49500,60,"Prime","Booked"
"APP-70716B0570CF","D1004","2026-05-29",47600,72,"Prime","Declined"
"APP-9829CF8DEAA4","D1004","2026-05-29",43600,72,"Prime","Booked"
"APP-F4B67C0C8ADF","D1004","2026-05-29",44000,60,"Prime","Declined"
"APP-A65EDA2AE2FC","D1004","2026-05-29",58900,60,"Prime","Booked"
"APP-8A3203D4ED46","D1004","2026-05-29",45300,72,"Subprime","Approved"
"APP-6C809425F0B2","D1004","2026-05-29",45600,84,"Prime","Booked"
"APP-527E071C26A9","D1004","2026-05-29",36200,72,"Subprime","Booked"
"APP-9CD2F865CFB3","D1004","2026-05-30",43200,60,"Near_Prime","Booked"
"APP-490D2B218406","D1004","2026-05-30",46000,72,"Prime","Declined"
"APP-3DEAFA231F96","D1004","2026-05-30",39900,72,"Prime","Booked"
"APP-00D6FCBCD2E0","D1004","2026-05-30",52900,84,"Prime","Booked"
"APP-231129080181","D1004","2026-05-30",40200,72,"Prime","Booked"
"APP-CD7179FB351C","D1004","2026-05-30",41500,72,"Subprime","Approved"
"APP-F5046ED98368","D1004","2026-05-31",55900,72,"Prime","Booked"
"APP-D5D200EDFEA6","D1004","2026-05-31",43000,72,"Subprime","Booked"
"APP-32DB0BF1F485","D1004","2026-05-31",43400,84,"Subprime","Approved"
"APP-6CD96308856A","D1004","2026-05-31",49100,72,"Near_Prime","Booked"
"APP-F0CED0615C0A","D1004","2026-05-31",29500,72,"Subprime","Declined"
"APP-F3B864E9B72C","D1004","2026-06-01",40200,84,"Subprime","Declined"
"APP-3F556ACDE8C5","D1004","2026-06-01",39900,72,"Prime","Approved"
"APP-B9EDD3841B86","D1004","2026-06-01",37600,84,"Subprime","Booked"
"APP-B18C961AF669","D1004","2026-06-01",36700,84,"Subprime","Booked"
"APP-E70BB7F227E1","D1004","2026-06-01",39900,72,"Subprime","Approved"
"APP-4F1F17C1EADC","D1004","2026-06-01",39200,72,"Prime","Booked"
"APP-A7077796EC9A","D1004","2026-06-01",29200,84,"Prime","Approved"
"APP-20EC90DEDC17","D1004","2026-06-01",49300,84,"Prime","Booked"
"APP-2A5ECCEB2AB1","D1004","2026-06-01",41300,84,"Prime","Declined"
"APP-25248387F965","D1004","2026-06-01",44900,72,"Near_Prime","Declined"
"APP-74B67134EDF6","D1004","2026-06-02",34800,72,"Prime","Booked"
"APP-7658087B6427","D1004","2026-06-02",37200,72,"Prime","Declined"
"APP-2BE66F37D6F3","D1004","2026-06-02",44700,60,"Near_Prime","Declined"
"APP-2AC1A5672D59","D1004","2026-06-02",47500,72,"Prime","Booked"
"APP-78251E243A2D","D1004","2026-06-02",40900,72,"Prime","Booked"
"APP-5895F97CCD2E","D1004","2026-06-02",37600,72,"Prime","Booked"
"APP-65BE883EAFCC","D1004","2026-06-02",45100,84,"Prime","Declined"
"APP-F74EA2CA26FF","D1004","2026-06-02",49000,60,"Prime","Declined"
"APP-4CB8B7DEBCCA","D1004","2026-06-03",35000,60,"Subprime","Approved"
"APP-24DD09C6F893","D1004","2026-06-03",42600,84,"Prime","Approved"
"APP-BE82AAD67EF7","D1004","2026-06-03",44100,84,"Prime","Booked"
"APP-503B2D21CD4D","D1004","2026-06-03",53500,84,"Prime","Booked"
"APP-E5A5AE7C0A3D","D1004","2026-06-03",39000,72,"Prime","Approved"
"APP-F18124AB7B68","D1004","2026-06-03",38600,72,"Prime","Booked"
"APP-847AF268F9CE","D1004","2026-06-03",46800,84,"Prime","Declined"
"APP-6640EB620A85","D1004","2026-06-03",34200,60,"Prime","Declined"
"APP-990AA7146BDF","D1004","2026-06-03",44600,60,"Prime","Booked"
"APP-2E1B19EA4823","D1004","2026-06-03",45300,72,"Prime","Declined"
"APP-809DD5419055","D1004","2026-06-03",50000,72,"Prime","Booked"
"APP-38D943273E42","D1004","2026-06-04",30300,72,"Subprime","Booked"
"APP-CBE459A248B5","D1004","2026-06-04",41700,48,"Prime","Declined"
"APP-820A8FC59DC5","D1004","2026-06-04",29700,72,"Subprime","Booked"
"APP-FE971B3C3B7C","D1004","2026-06-04",44000,60,"Near_Prime","Booked"
"APP-24704BB4DB93","D1004","2026-06-04",40500,84,"Subprime","Booked"
"APP-F94461DE32EB","D1004","2026-06-04",51500,60,"Prime","Booked"
"APP-F6D0EF6E3A55","D1004","2026-06-04",42900,72,"Prime","Booked"
"APP-F92EE69001B1","D1004","2026-06-04",42500,60,"Prime","Approved"
"APP-9B458AE9A6FC","D1004","2026-06-04",46100,84,"Near_Prime","Booked"
"APP-E39F7EF368D3","D1004","2026-06-05",43600,72,"Prime","Declined"
"APP-286B26CEFCC3","D1004","2026-06-05",50600,72,"Prime","Booked"
"APP-CBC88F5CE942","D1004","2026-06-05",41300,72,"Subprime","Declined"
"APP-A2AB159D328C","D1004","2026-06-05",41800,84,"Prime","Booked"
"APP-CCAE034EA5FD","D1004","2026-06-05",43500,72,"Prime","Approved"
"APP-64102AE85C1C","D1004","2026-06-05",39300,72,"Near_Prime","Declined"
"APP-5C9B8B8D66B0","D1004","2026-06-05",37000,60,"Subprime","Declined"
"APP-45F8D69E1F73","D1004","2026-06-05",36200,60,"Subprime","Approved"
"APP-AD9AB56695F4","D1004","2026-06-06",40300,48,"Prime","Booked"
"APP-6B3B4E0B8AAB","D1004","2026-06-06",45900,60,"Prime","Booked"
"APP-211F63C09AC2","D1004","2026-06-06",35600,72,"Prime","Booked"
"APP-79CD2B8009FD","D1004","2026-06-06",40100,84,"Near_Prime","Approved"
"APP-3F5DB282C25A","D1004","2026-06-06",36200,60,"Subprime","Declined"
"APP-8D52651D354D","D1004","2026-06-07",50300,84,"Prime","Booked"
"APP-08E0FAD2224F","D1004","2026-06-07",38300,72,"Subprime","Approved"
"APP-BD9AC184D3DC","D1004","2026-06-07",57000,84,"Prime","Booked"
"APP-396D58F02ECC","D1004","2026-06-07",42400,72,"Prime","Booked"
"APP-48B59F49EEAC","D1004","2026-06-08",47600,60,"Prime","Declined"
"APP-087173B6D0C5","D1004","2026-06-08",40100,72,"Subprime","Approved"
"APP-2F7C4F6B85C8","D1004","2026-06-08",43300,72,"Prime","Booked"
"APP-35491E9EA075","D1004","2026-06-08",60400,72,"Prime","Approved"
"APP-76D0BBA95D66","D1004","2026-06-08",50100,84,"Prime","Booked"
"APP-475480BD1A4F","D1004","2026-06-08",32200,72,"Prime","Booked"
"APP-C93D467F675D","D1004","2026-06-08",40000,72,"Subprime","Declined"
"APP-9CFD76917AC1","D1004","2026-06-08",44400,72,"Subprime","Booked"
"APP-EF9A77863970","D1004","2026-06-09",49600,72,"Near_Prime","Booked"
"APP-AFA56C7DFF80","D1004","2026-06-09",43300,60,"Prime","Booked"
"APP-AAF20908387E","D1004","2026-06-09",48300,72,"Prime","Booked"
"APP-53326592085E","D1004","2026-06-09",43900,84,"Prime","Booked"
"APP-10DD89CBA88E","D1004","2026-06-09",42700,60,"Prime","Declined"
"APP-32C676144990","D1004","2026-06-09",44000,84,"Subprime","Booked"
"APP-7B72D53630C1","D1004","2026-06-09",50700,84,"Prime","Booked"
"APP-D6F32D08C0C2","D1004","2026-06-09",43300,84,"Subprime","Booked"
"APP-AAF0124B58E9","D1004","2026-06-09",40900,84,"Subprime","Booked"
"APP-41C0EDDCCA10","D1004","2026-06-09",54100,84,"Prime","Booked"
"APP-5CFFFCE53D2F","D1004","2026-06-09",43900,84,"Prime","Booked"
"APP-AA1B20DA7438","D1004","2026-06-10",46000,60,"Near_Prime","Approved"
"APP-728E11ED8C2F","D1004","2026-06-10",28200,60,"Near_Prime","Booked"
"APP-553461EBF6FC","D1004","2026-06-10",46300,60,"Prime","Declined"
"APP-A7EAE20DBC64","D1004","2026-06-10",45200,72,"Prime","Declined"
"APP-5370FFCD9203","D1004","2026-06-10",43200,72,"Prime","Declined"
"APP-3E914A013D22","D1004","2026-06-10",43600,84,"Near_Prime","Approved"
"APP-D55E6D47556E","D1004","2026-06-10",35300,60,"Prime","Booked"
"APP-827797A1BF01","D1004","2026-06-10",63200,72,"Prime","Approved"
"APP-8FD429734AD7","D1004","2026-06-10",45400,60,"Prime","Approved"
"APP-C64ABADDF8C6","D1004","2026-06-10",49100,60,"Prime","Declined"
"APP-F666AE841FBF","D1004","2026-06-10",37700,72,"Prime","Approved"
"APP-19A4CB76AE22","D1004","2026-06-11",42800,60,"Prime","Declined"
"APP-CE68EFDBD465","D1004","2026-06-11",44600,84,"Prime","Approved"
"APP-18BBEA5B8F78","D1004","2026-06-11",44800,84,"Prime","Declined"
"APP-493B7486CDEE","D1004","2026-06-11",42300,72,"Near_Prime","Approved"
"APP-2C27B58F976A","D1004","2026-06-11",43300,84,"Prime","Declined"
"APP-B732A03240AD","D1004","2026-06-11",44700,60,"Near_Prime","Booked"
"APP-0C1EE0C471C9","D1004","2026-06-11",43000,84,"Prime","Booked"
"APP-A9096F1F5BE3","D1004","2026-06-11",51500,84,"Prime","Declined"
"APP-742B2AE172D5","D1004","2026-06-11",42500,60,"Prime","Declined"
"APP-5DDE6FBE03A9","D1004","2026-06-11",39300,48,"Prime","Approved"
"APP-325DD3B4544F","D1004","2026-06-11",40100,60,"Prime","Approved"
"APP-792B82E3646A","D1004","2026-06-12",51600,72,"Near_Prime","Booked"
"APP-A3C17247BC09","D1004","2026-06-12",51900,60,"Prime","Booked"
"APP-72DC5B21BA8F","D1004","2026-06-12",49200,84,"Prime","Booked"
"APP-9CA1E50BFF8B","D1004","2026-06-12",47000,72,"Prime","Booked"
"APP-C74E13837F35","D1004","2026-06-12",55200,72,"Prime","Booked"
"APP-177D300959C9","D1004","2026-06-12",55100,72,"Prime","Booked"
"APP-18A162CBC1BB","D1004","2026-06-12",41600,48,"Prime","Booked"
"APP-DC1AC9701239","D1004","2026-06-12",42700,84,"Prime","Booked"
"APP-4F46C1D892BF","D1004","2026-06-12",41500,72,"Subprime","Approved"
"APP-582E689C4449","D1004","2026-06-12",41100,72,"Prime","Booked"
"APP-799F294D3998","D1004","2026-06-12",33500,60,"Subprime","Booked"
"APP-B920131B7CDF","D1004","2026-06-12",32800,60,"Prime","Approved"
"APP-01390906EE4C","D1004","2026-06-13",50900,48,"Prime","Approved"
"APP-151A89C660BC","D1004","2026-06-13",33900,60,"Subprime","Booked"
"APP-DC48DEDDB71F","D1004","2026-06-13",53800,72,"Prime","Approved"
"APP-CBC0B9402812","D1004","2026-06-13",43300,60,"Prime","Declined"
"APP-92C118AE8C46","D1004","2026-06-14",49200,60,"Prime","Booked"
"APP-3A89868D7222","D1004","2026-06-14",33300,84,"Subprime","Declined"
"APP-161A65616CE5","D1004","2026-06-14",47500,72,"Prime","Declined"
"APP-B18DE1D68FE5","D1004","2026-06-14",40200,84,"Subprime","Declined"
"APP-87763D2D88BE","D1004","2026-06-14",42400,84,"Prime","Approved"
"APP-0FC6FE7EB92C","D1004","2026-06-15",40300,60,"Subprime","Declined"
"APP-50656B03A6BE","D1004","2026-06-15",48200,72,"Prime","Booked"
"APP-2E64F578F3E2","D1004","2026-06-15",50000,72,"Prime","Declined"
"APP-4F212F824205","D1004","2026-06-15",41600,60,"Prime","Approved"
"APP-E0932909031B","D1004","2026-06-15",43800,72,"Subprime","Approved"
"APP-BCA0C131F4F0","D1004","2026-06-15",46100,72,"Prime","Approved"
"APP-A5CFB48B9734","D1004","2026-06-15",55200,84,"Prime","Booked"
"APP-CFDC78A8BC17","D1004","2026-06-15",36900,72,"Subprime","Approved"
"APP-3D2D10EF0B4A","D1004","2026-06-15",45700,60,"Prime","Booked"
"APP-20B4E53228CE","D1004","2026-06-15",44700,60,"Prime","Approved"
"APP-164FA7734138","D1004","2026-06-16",40500,72,"Prime","Booked"
"APP-A2ABD4863608","D1004","2026-06-16",35400,72,"Subprime","Declined"
"APP-41405D671D4B","D1004","2026-06-16",44800,60,"Prime","Approved"
"APP-D176A4D5AA7B","D1004","2026-06-16",45400,72,"Prime","Booked"
"APP-03AD281D789C","D1004","2026-06-16",51800,84,"Near_Prime","Booked"
"APP-E030660FDB01","D1004","2026-06-16",48600,72,"Prime","Declined"
"APP-83FEF03B2957","D1004","2026-06-16",44300,60,"Near_Prime","Approved"
"APP-B99024F928BF","D1004","2026-06-17",35100,84,"Near_Prime","Booked"
"APP-8F5928036579","D1004","2026-06-17",33900,84,"Subprime","Declined"
"APP-85043DAD4621","D1004","2026-06-17",34800,72,"Prime","Booked"
"APP-458AEE196FDF","D1004","2026-06-17",40400,72,"Prime","Booked"
"APP-A30868A44A9D","D1004","2026-06-17",43500,48,"Subprime","Booked"
"APP-BF8127689F92","D1004","2026-06-17",33700,72,"Prime","Declined"
"APP-7375E2CDF267","D1004","2026-06-17",46800,72,"Prime","Declined"
"APP-C18E678571FF","D1004","2026-06-17",40500,48,"Subprime","Declined"
"APP-075E6644F0B7","D1004","2026-06-17",45500,60,"Prime","Declined"
"APP-E9566533E806","D1004","2026-06-17",43900,60,"Prime","Booked"
"APP-9C56BC1E820A","D1004","2026-06-17",53500,84,"Near_Prime","Approved"
"APP-849E9E24CD0C","D1004","2026-06-18",44700,60,"Prime","Declined"
"APP-E57C4897EC33","D1004","2026-06-18",34000,60,"Prime","Declined"
"APP-B9CDB2A4495B","D1004","2026-06-18",44100,72,"Prime","Declined"
"APP-C15698028625","D1004","2026-06-18",37400,84,"Prime","Declined"
"APP-DF7ACBE146B5","D1004","2026-06-18",47300,72,"Prime","Approved"
"APP-A865F8548EB7","D1004","2026-06-18",51600,60,"Prime","Booked"
"APP-2602C3CA42BD","D1004","2026-06-18",46300,60,"Prime","Declined"
"APP-B8D269069B5C","D1004","2026-06-18",50000,72,"Prime","Booked"
"APP-2807AFFD0D71","D1004","2026-06-18",44900,72,"Prime","Booked"
"APP-0743EA9A91D1","D1004","2026-06-18",26100,48,"Prime","Declined"
"APP-D60F381C6E79","D1004","2026-06-19",49300,60,"Prime","Booked"
"APP-ED1FA1BD1A8E","D1004","2026-06-19",52900,72,"Prime","Approved"
"APP-42114A453846","D1004","2026-06-19",41300,60,"Prime","Booked"
"APP-8086C096ADDF","D1004","2026-06-19",47700,48,"Prime","Declined"
"APP-4740EFCFA139","D1004","2026-06-19",45400,72,"Prime","Booked"
"APP-5D52C4776C78","D1004","2026-06-19",47600,72,"Prime","Booked"
"APP-B2B9F0766A2A","D1004","2026-06-19",45200,60,"Prime","Approved"
"APP-BB47A29688C1","D1004","2026-06-19",40100,72,"Prime","Booked"
"APP-A2DF4379E0FB","D1004","2026-06-19",39500,72,"Subprime","Booked"
"APP-E3BC5175D52B","D1004","2026-06-19",48900,84,"Prime","Booked"
"APP-F22354AE29DB","D1004","2026-06-19",39000,48,"Near_Prime","Approved"
"APP-68BC5B4D92B1","D1004","2026-06-19",47500,48,"Prime","Booked"
"APP-387DC163DB21","D1004","2026-06-20",44800,48,"Prime","Booked"
"APP-B8571CB0E746","D1004","2026-06-20",48400,84,"Prime","Booked"
"APP-C9210AF05116","D1004","2026-06-20",38200,72,"Prime","Approved"
"APP-E33662646403","D1004","2026-06-20",42900,60,"Near_Prime","Declined"
"APP-E07CE5B7C835","D1004","2026-06-20",45400,48,"Prime","Booked"
"APP-F6662BA87950","D1004","2026-06-20",43700,84,"Prime","Approved"
"APP-9432C8704BE2","D1004","2026-06-21",36700,72,"Subprime","Approved"
"APP-2E3DCBF67A3B","D1004","2026-06-21",36900,84,"Near_Prime","Booked"
"APP-23546482B1E5","D1004","2026-06-21",45700,72,"Prime","Booked"
"APP-B532108ACBCA","D1004","2026-06-21",44100,72,"Prime","Booked"
"APP-6BA5684E8657","D1004","2026-06-21",42300,84,"Near_Prime","Declined"
"APP-FA19C0B1AD34","D1004","2026-06-21",39500,72,"Near_Prime","Declined"
"APP-BC6A7371B5AF","D1004","2026-06-22",31400,72,"Prime","Booked"
"APP-F4F376B44AD2","D1004","2026-06-22",42000,72,"Subprime","Booked"
"APP-2C4D4BA98B8F","D1004","2026-06-22",42600,72,"Prime","Declined"
"APP-C61E55FB4386","D1004","2026-06-22",43200,72,"Near_Prime","Booked"
"APP-BE8B2B4573B4","D1004","2026-06-22",49300,72,"Prime","Booked"
"APP-13933A71905D","D1004","2026-06-22",37600,72,"Prime","Booked"
"APP-D10B664ED845","D1004","2026-06-22",44200,84,"Near_Prime","Approved"
"APP-7F4BD4444736","D1004","2026-06-22",50200,84,"Prime","Booked"
"APP-D2EB976675B3","D1004","2026-06-22",39300,72,"Prime","Approved"
"APP-C386CBD318F0","D1004","2026-06-22",56600,72,"Prime","Booked"
"APP-CD455807D959","D1004","2026-06-22",44300,72,"Prime","Booked"
"APP-C979C315CF08","D1004","2026-06-23",42300,72,"Prime","Booked"
"APP-41F2EF7F0929","D1004","2026-06-23",42800,84,"Prime","Approved"
"APP-F2A41AEA3EEA","D1004","2026-06-23",39600,84,"Prime","Booked"
"APP-5106E51AADE4","D1004","2026-06-23",33600,60,"Prime","Booked"
"APP-252E67B84C54","D1004","2026-06-23",33500,72,"Subprime","Booked"
"APP-6CB1EAB4B0B1","D1004","2026-06-23",45800,84,"Prime","Booked"
"APP-671221B33634","D1004","2026-06-23",41000,60,"Prime","Declined"
"APP-0FA9C7878A91","D1004","2026-06-23",47600,60,"Prime","Approved"
"APP-FDC8FBAAF9A0","D1004","2026-06-23",37600,72,"Prime","Declined"
"APP-54DEE0DAD1AF","D1004","2026-06-23",58400,48,"Prime","Approved"
"APP-3D78D387420D","D1004","2026-06-24",46000,72,"Prime","Booked"
"APP-652B839B8609","D1004","2026-06-24",60700,84,"Prime","Booked"
"APP-22BB6098E6DE","D1004","2026-06-24",41200,72,"Prime","Approved"
"APP-557DF4EC8126","D1004","2026-06-24",51800,72,"Prime","Booked"
"APP-9564705138D4","D1004","2026-06-24",30100,60,"Prime","Booked"
"APP-E7D37A0532C0","D1004","2026-06-24",44500,60,"Prime","Booked"
"APP-140E15D93C2B","D1004","2026-06-24",35100,48,"Prime","Declined"
"APP-05634919CA11","D1004","2026-06-24",47100,84,"Prime","Booked"
"APP-CE3AB7419A50","D1004","2026-06-24",34100,84,"Prime","Approved"
"APP-5434D9802FB2","D1004","2026-06-25",46700,84,"Prime","Approved"
"APP-4E86F7F60B33","D1004","2026-06-25",31300,84,"Subprime","Declined"
"APP-63E55ACFEFEB","D1004","2026-06-25",50700,84,"Prime","Declined"
"APP-D329664D3335","D1004","2026-06-25",40600,72,"Prime","Declined"
"APP-56B5444187B1","D1004","2026-06-25",48400,72,"Prime","Booked"
"APP-3133D3F51B50","D1004","2026-06-25",47200,84,"Near_Prime","Approved"
"APP-DFC825CAC7EB","D1004","2026-06-25",37800,72,"Near_Prime","Declined"
"APP-7037FB3E079E","D1004","2026-06-25",40800,72,"Subprime","Declined"
"APP-6370B20C8603","D1004","2026-06-25",29300,60,"Prime","Declined"
"APP-85D3B5CCEA80","D1004","2026-06-25",38900,60,"Prime","Approved"
"APP-9C16A84C8B8C","D1005","2026-03-28",57800,84,"Near_Prime","Booked"
"APP-9AFADB490A7C","D1005","2026-03-28",60200,84,"Prime","Declined"
"APP-D1757344424E","D1005","2026-03-28",46600,60,"Prime","Approved"
"APP-D2F92C3E73FB","D1005","2026-03-28",56400,48,"Near_Prime","Booked"
"APP-9794C9A3A60F","D1005","2026-03-29",37000,60,"Prime","Booked"
"APP-55FC04AA0D4E","D1005","2026-03-29",58500,84,"Prime","Declined"
"APP-2C30F83E784B","D1005","2026-03-29",43200,72,"Near_Prime","Declined"
"APP-57FFB148CA7B","D1005","2026-03-29",39800,60,"Near_Prime","Booked"
"APP-C207387559B5","D1005","2026-03-29",39700,48,"Subprime","Booked"
"APP-AF99B2E95091","D1005","2026-03-30",49700,48,"Prime","Booked"
"APP-958E939F6372","D1005","2026-03-30",33900,72,"Prime","Booked"
"APP-7366BAF71A6B","D1005","2026-03-30",56100,72,"Prime","Approved"
"APP-B1836FE27600","D1005","2026-03-30",61000,60,"Prime","Declined"
"APP-FB4D9C86BC79","D1005","2026-03-30",57600,72,"Prime","Declined"
"APP-A5442DE992ED","D1005","2026-03-30",40100,84,"Prime","Declined"
"APP-E913279C8C50","D1005","2026-03-30",51800,72,"Prime","Declined"
"APP-415EE5562781","D1005","2026-03-31",48700,84,"Prime","Booked"
"APP-F0A4646236CA","D1005","2026-03-31",45100,60,"Near_Prime","Booked"
"APP-50202AC1A0BB","D1005","2026-03-31",40100,72,"Near_Prime","Booked"
"APP-D611AB31BB01","D1005","2026-03-31",57300,84,"Near_Prime","Booked"
"APP-DA751B7B70E1","D1005","2026-03-31",52300,72,"Prime","Booked"
"APP-DC6CD66AC86C","D1005","2026-03-31",49700,84,"Prime","Declined"
"APP-958C37D0FC29","D1005","2026-03-31",48000,72,"Prime","Booked"
"APP-B5CF19C43F88","D1005","2026-03-31",39700,60,"Prime","Booked"
"APP-B4308F77523D","D1005","2026-03-31",47200,72,"Near_Prime","Declined"
"APP-AB428045EE63","D1005","2026-03-31",37800,60,"Subprime","Booked"
"APP-389A841E15B0","D1005","2026-03-31",58800,84,"Prime","Approved"
"APP-1D305A4E97B9","D1005","2026-04-01",36500,72,"Near_Prime","Booked"
"APP-5A460DD686BE","D1005","2026-04-01",47500,84,"Prime","Booked"
"APP-3225F78503A1","D1005","2026-04-01",45500,84,"Near_Prime","Booked"
"APP-D083F9487351","D1005","2026-04-01",62400,60,"Prime","Approved"
"APP-ED72F1D91871","D1005","2026-04-01",40600,72,"Prime","Booked"
"APP-4BDF598B99C5","D1005","2026-04-01",55300,48,"Prime","Declined"
"APP-4F6E83854129","D1005","2026-04-01",51100,60,"Subprime","Booked"
"APP-66A822E425DF","D1005","2026-04-01",49400,72,"Prime","Declined"
"APP-B355DB3F3603","D1005","2026-04-01",34700,72,"Prime","Booked"
"APP-6C65619DC714","D1005","2026-04-01",37900,60,"Subprime","Approved"
"APP-7E5FE5B8488E","D1005","2026-04-01",61200,72,"Prime","Booked"
"APP-3429E93E8116","D1005","2026-04-01",46300,72,"Prime","Declined"
"APP-CE5C48AA88CD","D1005","2026-04-02",42000,48,"Subprime","Booked"
"APP-AB8205F2A62A","D1005","2026-04-02",54000,72,"Prime","Booked"
"APP-979112D73284","D1005","2026-04-02",44300,84,"Subprime","Booked"
"APP-D9F813699FF2","D1005","2026-04-02",41700,84,"Prime","Booked"
"APP-2E2DF73A19D0","D1005","2026-04-02",41600,72,"Subprime","Booked"
"APP-DA9471B31674","D1005","2026-04-02",42800,72,"Prime","Booked"
"APP-D28F0350B51A","D1005","2026-04-02",53100,48,"Prime","Booked"
"APP-DD1F43CB6FE9","D1005","2026-04-03",37800,48,"Subprime","Booked"
"APP-00BAAA55189F","D1005","2026-04-03",51700,60,"Near_Prime","Booked"
"APP-0C6EF728CF93","D1005","2026-04-03",46800,72,"Subprime","Booked"
"APP-CB23846050A3","D1005","2026-04-03",38700,72,"Prime","Approved"
"APP-411D4751B53F","D1005","2026-04-03",58300,60,"Prime","Declined"
"APP-CFAFAEADE937","D1005","2026-04-03",39700,84,"Prime","Approved"
"APP-CEA2D0BCFD6B","D1005","2026-04-03",37400,60,"Subprime","Declined"
"APP-199048F65C82","D1005","2026-04-03",45900,72,"Near_Prime","Booked"
"APP-CE048C1A2462","D1005","2026-04-03",49200,84,"Prime","Booked"
"APP-E455C862CED0","D1005","2026-04-03",49300,60,"Near_Prime","Declined"
"APP-E17656B3860C","D1005","2026-04-04",48000,72,"Subprime","Approved"
"APP-AC5C3BC67160","D1005","2026-04-04",47300,72,"Prime","Declined"
"APP-784B7C95293C","D1005","2026-04-04",54200,72,"Prime","Declined"
"APP-15BD04CDBA43","D1005","2026-04-04",57600,72,"Prime","Declined"
"APP-1456710180BE","D1005","2026-04-05",43700,72,"Prime","Booked"
"APP-8880BE0F4943","D1005","2026-04-05",49400,72,"Prime","Booked"
"APP-C708E5409AED","D1005","2026-04-05",48800,84,"Near_Prime","Booked"
"APP-276F572AF036","D1005","2026-04-05",44500,84,"Near_Prime","Booked"
"APP-E71F2F1005A8","D1005","2026-04-05",62700,60,"Prime","Booked"
"APP-CD9C40C746E5","D1005","2026-04-06",50300,60,"Near_Prime","Declined"
"APP-12FA587D6FD9","D1005","2026-04-06",46000,84,"Prime","Booked"
"APP-10477D91AFB4","D1005","2026-04-06",67400,60,"Prime","Booked"
"APP-D6548C946E05","D1005","2026-04-06",57200,48,"Prime","Approved"
"APP-39C9CA4D4926","D1005","2026-04-06",62800,84,"Prime","Approved"
"APP-A223648C1670","D1005","2026-04-06",55500,60,"Prime","Declined"
"APP-6C7F83B6D6A3","D1005","2026-04-06",50500,60,"Prime","Booked"
"APP-DBDCA1A7972C","D1005","2026-04-06",44800,60,"Prime","Booked"
"APP-7D347745483B","D1005","2026-04-06",50400,60,"Near_Prime","Approved"
"APP-42E30D8E8285","D1005","2026-04-07",57900,72,"Near_Prime","Booked"
"APP-D942B53F9C11","D1005","2026-04-07",38700,84,"Prime","Booked"
"APP-16DE4BC0AF11","D1005","2026-04-07",55900,72,"Prime","Booked"
"APP-1AC7FA3D7011","D1005","2026-04-07",47700,84,"Prime","Booked"
"APP-9D2E157F3F1B","D1005","2026-04-07",35700,60,"Subprime","Approved"
"APP-475E5F3616C2","D1005","2026-04-07",55800,72,"Near_Prime","Approved"
"APP-0040FFC2AB4A","D1005","2026-04-07",54400,72,"Prime","Booked"
"APP-ADF0429EA4E9","D1005","2026-04-07",55300,48,"Prime","Booked"
"APP-7108968ACDAD","D1005","2026-04-07",58800,72,"Prime","Booked"
"APP-1AC9594E1766","D1005","2026-04-08",62500,72,"Prime","Approved"
"APP-D3DDB0C54E71","D1005","2026-04-08",49200,72,"Prime","Booked"
"APP-9250B75AA3DB","D1005","2026-04-08",44500,84,"Prime","Declined"
"APP-0204B3558AF5","D1005","2026-04-08",45300,60,"Prime","Booked"
"APP-C74EEB72A361","D1005","2026-04-08",51200,84,"Prime","Booked"
"APP-9AB5CB2E20FE","D1005","2026-04-08",52800,72,"Near_Prime","Booked"
"APP-0518E42E88C1","D1005","2026-04-08",52900,60,"Prime","Declined"
"APP-37A46036131B","D1005","2026-04-08",45300,72,"Prime","Declined"
"APP-C84052F94028","D1005","2026-04-08",52200,72,"Prime","Approved"
"APP-BDD008AF9434","D1005","2026-04-08",45400,72,"Prime","Declined"
"APP-0F3623542C28","D1005","2026-04-09",48500,60,"Subprime","Booked"
"APP-805D34D70DBD","D1005","2026-04-09",44200,72,"Prime","Approved"
"APP-470F229E887C","D1005","2026-04-09",35000,48,"Subprime","Booked"
"APP-CEC7C31F84C6","D1005","2026-04-09",57100,72,"Prime","Booked"
"APP-74443D4F3BB3","D1005","2026-04-09",69300,60,"Prime","Booked"
"APP-5DD538634952","D1005","2026-04-09",49900,72,"Prime","Approved"
"APP-98A9EA693CEE","D1005","2026-04-09",42700,84,"Prime","Approved"
"APP-284E851D380E","D1005","2026-04-10",50600,84,"Prime","Approved"
"APP-1E6E6C56F3AB","D1005","2026-04-10",48700,72,"Prime","Booked"
"APP-2C716AD21ACE","D1005","2026-04-10",58400,60,"Prime","Approved"
"APP-2C16F89E2DD7","D1005","2026-04-10",43200,72,"Prime","Booked"
"APP-D100D325B0A7","D1005","2026-04-10",48000,72,"Near_Prime","Booked"
"APP-7998AB64437C","D1005","2026-04-10",31400,72,"Subprime","Declined"
"APP-8442F1444BC1","D1005","2026-04-10",55100,84,"Prime","Approved"
"APP-D5FFE936A9C7","D1005","2026-04-10",32300,72,"Prime","Approved"
"APP-035299E7C2B2","D1005","2026-04-11",39800,60,"Prime","Declined"
"APP-FE37799C7892","D1005","2026-04-11",48500,60,"Prime","Booked"
"APP-C979876E9C2B","D1005","2026-04-11",45100,60,"Prime","Declined"
"APP-C033E9CF117A","D1005","2026-04-11",37700,72,"Prime","Booked"
"APP-58C9526F358F","D1005","2026-04-11",53400,72,"Near_Prime","Approved"
"APP-2FA8DFF2C176","D1005","2026-04-12",43500,84,"Near_Prime","Approved"
"APP-D0D9C6F072DA","D1005","2026-04-12",48200,84,"Prime","Booked"
"APP-01FD64211027","D1005","2026-04-12",35700,60,"Subprime","Approved"
"APP-F202CA590C91","D1005","2026-04-12",51300,48,"Prime","Booked"
"APP-5B1B7472644E","D1005","2026-04-12",59000,72,"Near_Prime","Declined"
"APP-EF90BD252D33","D1005","2026-04-13",39400,72,"Prime","Booked"
"APP-4D0BDB301160","D1005","2026-04-13",49800,84,"Prime","Booked"
"APP-4F92BB3DEB51","D1005","2026-04-13",48700,60,"Prime","Booked"
"APP-388DB29172D2","D1005","2026-04-13",35800,72,"Subprime","Approved"
"APP-4AE71225AE86","D1005","2026-04-13",41800,72,"Prime","Booked"
"APP-85519CB45C2F","D1005","2026-04-13",53400,72,"Prime","Booked"
"APP-DB7DBA2BC392","D1005","2026-04-13",69200,72,"Prime","Declined"
"APP-0D3CBD7327A4","D1005","2026-04-13",61000,84,"Near_Prime","Booked"
"APP-06AE1CA1E49B","D1005","2026-04-13",42300,60,"Subprime","Declined"
"APP-F6D73D4AD1FF","D1005","2026-04-13",44200,72,"Subprime","Approved"
"APP-4A9A97AE2089","D1005","2026-04-14",43600,60,"Subprime","Booked"
"APP-8D3039A0EC89","D1005","2026-04-14",53100,60,"Prime","Booked"
"APP-30E4D57DC6D2","D1005","2026-04-14",45500,48,"Subprime","Booked"
"APP-B192CEF4CE44","D1005","2026-04-14",44500,60,"Prime","Approved"
"APP-D4DABABB0EBF","D1005","2026-04-14",37300,72,"Prime","Booked"
"APP-2D39F4C83694","D1005","2026-04-14",48900,60,"Prime","Declined"
"APP-6A23F94B90F4","D1005","2026-04-14",46000,72,"Prime","Booked"
"APP-94752DAAA84D","D1005","2026-04-14",65600,72,"Prime","Booked"
"APP-A45E4CF741D5","D1005","2026-04-15",49100,84,"Prime","Booked"
"APP-A1C6322019BE","D1005","2026-04-15",41900,60,"Subprime","Approved"
"APP-DDAB06A3FD88","D1005","2026-04-15",38400,84,"Subprime","Approved"
"APP-E2CCFF44108F","D1005","2026-04-15",32800,72,"Subprime","Booked"
"APP-BC43F7C4A819","D1005","2026-04-15",29400,60,"Subprime","Declined"
"APP-538F76F7F2C1","D1005","2026-04-15",43000,72,"Prime","Declined"
"APP-D02714EEF885","D1005","2026-04-15",42600,72,"Prime","Approved"
"APP-7594249605E9","D1005","2026-04-15",43800,84,"Prime","Booked"
"APP-D58672E9BE96","D1005","2026-04-15",49300,72,"Prime","Booked"
"APP-5E640F457FE7","D1005","2026-04-15",36600,60,"Prime","Approved"
"APP-0612D238625E","D1005","2026-04-15",33700,48,"Prime","Booked"
"APP-A026F3BA0ADA","D1005","2026-04-15",58000,60,"Prime","Booked"
"APP-02895D8D84EC","D1005","2026-04-16",50300,84,"Prime","Booked"
"APP-1AEEF7E1431E","D1005","2026-04-16",45400,48,"Prime","Booked"
"APP-836125DDB375","D1005","2026-04-16",45500,72,"Prime","Declined"
"APP-27C53AD2F972","D1005","2026-04-16",60600,72,"Prime","Declined"
"APP-73A1128CE9CC","D1005","2026-04-16",57600,60,"Near_Prime","Declined"
"APP-6F362A32C3F0","D1005","2026-04-16",50600,72,"Prime","Approved"
"APP-AE0AFC6F478C","D1005","2026-04-16",47300,72,"Near_Prime","Declined"
"APP-4F963FFD12B4","D1005","2026-04-16",56000,72,"Prime","Approved"
"APP-1AC25C88167C","D1005","2026-04-17",39900,60,"Subprime","Approved"
"APP-5C919EF6E509","D1005","2026-04-17",55400,72,"Near_Prime","Booked"
"APP-5E845B009381","D1005","2026-04-17",55200,48,"Near_Prime","Approved"
"APP-213BE71E2483","D1005","2026-04-17",32800,72,"Prime","Declined"
"APP-BB7407142379","D1005","2026-04-17",57300,60,"Prime","Approved"
"APP-CE136A307838","D1005","2026-04-17",52400,84,"Subprime","Approved"
"APP-8F3EA4AF46D9","D1005","2026-04-17",43400,72,"Prime","Approved"
"APP-034DB1B3D110","D1005","2026-04-17",53900,72,"Subprime","Booked"
"APP-BC7E638B55FA","D1005","2026-04-17",38200,60,"Near_Prime","Booked"
"APP-BA0E77BB41D0","D1005","2026-04-17",61400,84,"Prime","Declined"
"APP-D927B1D66C4D","D1005","2026-04-17",48200,84,"Near_Prime","Approved"
"APP-092001292490","D1005","2026-04-18",36100,60,"Near_Prime","Booked"
"APP-017DEC7446A6","D1005","2026-04-18",40200,60,"Prime","Declined"
"APP-0708CAD7EC14","D1005","2026-04-18",49400,60,"Prime","Declined"
"APP-D70960D36E8E","D1005","2026-04-18",47000,72,"Near_Prime","Booked"
"APP-8244A67910F8","D1005","2026-04-18",42100,72,"Near_Prime","Booked"
"APP-0C50576ED483","D1005","2026-04-19",56700,84,"Prime","Approved"
"APP-CC5257543102","D1005","2026-04-19",54200,72,"Prime","Approved"
"APP-4AF9F6D419D8","D1005","2026-04-19",46000,60,"Prime","Booked"
"APP-58F1B92164D9","D1005","2026-04-19",63500,72,"Prime","Declined"
"APP-5F8DC68CCB07","D1005","2026-04-19",52000,84,"Near_Prime","Booked"
"APP-583F81613081","D1005","2026-04-19",46600,72,"Prime","Declined"
"APP-7897ACC80AED","D1005","2026-04-20",53200,84,"Near_Prime","Approved"
"APP-8D283ACB6D72","D1005","2026-04-20",47800,72,"Near_Prime","Approved"
"APP-4E0DFC9AECF1","D1005","2026-04-20",66300,84,"Prime","Declined"
"APP-37BB045B3CBA","D1005","2026-04-20",51000,84,"Near_Prime","Booked"
"APP-9CDB513B0E18","D1005","2026-04-20",57600,84,"Prime","Booked"
"APP-43B41DF9931A","D1005","2026-04-20",38700,60,"Prime","Declined"
"APP-F866BA485991","D1005","2026-04-20",49100,48,"Prime","Booked"
"APP-007B77510B81","D1005","2026-04-20",48500,60,"Near_Prime","Approved"
"APP-0310BA559A32","D1005","2026-04-20",44100,72,"Near_Prime","Booked"
"APP-D738F1349A63","D1005","2026-04-21",41600,60,"Subprime","Declined"
"APP-2AC2CDF7D89F","D1005","2026-04-21",52800,48,"Prime","Declined"
"APP-0BF83B554EB6","D1005","2026-04-21",49300,72,"Prime","Booked"
"APP-8105BECF5FA1","D1005","2026-04-21",40200,72,"Subprime","Booked"
"APP-224521F4B441","D1005","2026-04-21",60400,60,"Prime","Booked"
"APP-B7563AD44D94","D1005","2026-04-21",38400,72,"Subprime","Booked"
"APP-FD0CD39B39C0","D1005","2026-04-21",48000,84,"Prime","Booked"
"APP-1E9A5816D761","D1005","2026-04-21",40100,60,"Subprime","Booked"
"APP-031B059FD090","D1005","2026-04-21",36500,72,"Near_Prime","Booked"
"APP-1CF87A41BADA","D1005","2026-04-21",55400,84,"Prime","Booked"
"APP-6912F2BFF5FC","D1005","2026-04-22",56500,72,"Prime","Approved"
"APP-60B7C78AF3B3","D1005","2026-04-22",42400,60,"Subprime","Booked"
"APP-D843018CE489","D1005","2026-04-22",50500,72,"Near_Prime","Declined"
"APP-F0F687195707","D1005","2026-04-22",45700,72,"Prime","Declined"
"APP-C2E090D396E4","D1005","2026-04-22",50700,60,"Prime","Booked"
"APP-C4374731D64E","D1005","2026-04-22",49500,72,"Prime","Approved"
"APP-C9D307DA5923","D1005","2026-04-22",63500,84,"Prime","Booked"
"APP-089FD7FC0FE8","D1005","2026-04-22",48400,60,"Near_Prime","Booked"
"APP-FD118D79DFC4","D1005","2026-04-22",44400,72,"Prime","Booked"
"APP-F39790F1CE03","D1005","2026-04-23",44500,60,"Subprime","Approved"
"APP-A17AC854B5EA","D1005","2026-04-23",54600,72,"Near_Prime","Booked"
"APP-ABBD2BB05DAA","D1005","2026-04-23",52900,60,"Subprime","Booked"
"APP-9C911F7E1FE6","D1005","2026-04-23",47000,48,"Prime","Booked"
"APP-820A74DA5F85","D1005","2026-04-23",61700,72,"Prime","Booked"
"APP-A683E35579EA","D1005","2026-04-23",55700,84,"Prime","Booked"
"APP-5DB23EDD612D","D1005","2026-04-23",42100,60,"Prime","Approved"
"APP-B604EF17D86E","D1005","2026-04-23",53900,84,"Prime","Booked"
"APP-D2532DF81285","D1005","2026-04-23",52100,72,"Near_Prime","Booked"
"APP-71342E6CF9F3","D1005","2026-04-23",55800,48,"Prime","Booked"
"APP-94D8F0E1EB70","D1005","2026-04-23",43800,72,"Prime","Declined"
"APP-C5A9BF3AD057","D1005","2026-04-24",47300,72,"Prime","Declined"
"APP-325A709C40AD","D1005","2026-04-24",51600,72,"Near_Prime","Booked"
"APP-2A2FA9982AF2","D1005","2026-04-24",71500,48,"Prime","Declined"
"APP-1A469484DE47","D1005","2026-04-24",63500,72,"Prime","Booked"
"APP-879DCA1223AD","D1005","2026-04-24",48600,72,"Prime","Booked"
"APP-A5269F68C462","D1005","2026-04-24",63900,60,"Prime","Approved"
"APP-0D3D6B041B10","D1005","2026-04-24",39700,84,"Prime","Approved"
"APP-AA5FB1ED696E","D1005","2026-04-24",46100,60,"Subprime","Booked"
"APP-B744F62841AA","D1005","2026-04-24",38800,72,"Prime","Booked"
"APP-BF1EF83FAFBE","D1005","2026-04-24",45000,60,"Prime","Booked"
"APP-E2419AE35577","D1005","2026-04-24",43300,72,"Subprime","Declined"
"APP-86B73C99A8FA","D1005","2026-04-25",46300,84,"Subprime","Declined"
"APP-D3A589B0372F","D1005","2026-04-25",58000,60,"Prime","Booked"
"APP-AB5EA3D7FF32","D1005","2026-04-25",44100,60,"Subprime","Booked"
"APP-17C3D2D747A9","D1005","2026-04-25",58600,84,"Prime","Booked"
"APP-5C896D68CD1A","D1005","2026-04-25",43600,60,"Subprime","Approved"
"APP-0EFBB5D29B8E","D1005","2026-04-26",38100,84,"Subprime","Booked"
"APP-A0B43C5A97D2","D1005","2026-04-26",53400,84,"Prime","Declined"
"APP-D8678ACC276E","D1005","2026-04-26",52700,60,"Subprime","Booked"
"APP-FB76E8940E31","D1005","2026-04-26",40300,72,"Prime","Declined"
"APP-179188258226","D1005","2026-04-26",45500,72,"Prime","Declined"
"APP-5F6AAFFE2781","D1005","2026-04-27",41700,72,"Prime","Booked"
"APP-548013CB49BD","D1005","2026-04-27",43500,84,"Subprime","Booked"
"APP-6854B7A82AA5","D1005","2026-04-27",46000,60,"Near_Prime","Declined"
"APP-1473A8B93087","D1005","2026-04-27",53800,72,"Near_Prime","Booked"
"APP-C5EB2CFE1CA9","D1005","2026-04-27",37300,72,"Prime","Approved"
"APP-1F57AD08CA3D","D1005","2026-04-27",34900,72,"Prime","Booked"
"APP-067E85FD2777","D1005","2026-04-27",38900,84,"Subprime","Declined"
"APP-4A670D20AF48","D1005","2026-04-27",53000,72,"Prime","Booked"
"APP-67D900EAD0F9","D1005","2026-04-27",38700,72,"Prime","Booked"
"APP-C5F544F0B8F2","D1005","2026-04-28",51300,60,"Prime","Declined"
"APP-2D58CEA28AC9","D1005","2026-04-28",42900,60,"Prime","Declined"
"APP-849F540535A5","D1005","2026-04-28",50600,84,"Prime","Booked"
"APP-008D0D5AAB05","D1005","2026-04-28",44200,84,"Prime","Booked"
"APP-D778E266A7F9","D1005","2026-04-28",46300,48,"Prime","Booked"
"APP-5357FF65E1C5","D1005","2026-04-28",48700,72,"Prime","Approved"
"APP-23D33470918F","D1005","2026-04-28",53800,72,"Prime","Approved"
"APP-35FD1E2F3963","D1005","2026-04-28",38700,72,"Subprime","Booked"
"APP-EBC85889230D","D1005","2026-04-29",49000,72,"Near_Prime","Declined"
"APP-F1D24E894ECB","D1005","2026-04-29",48300,72,"Prime","Declined"
"APP-21F8FCB66169","D1005","2026-04-29",36400,72,"Subprime","Booked"
"APP-076902C60ACE","D1005","2026-04-29",44400,72,"Near_Prime","Booked"
"APP-7DC3C18B3FE7","D1005","2026-04-29",46000,72,"Near_Prime","Declined"
"APP-65E62323F4AE","D1005","2026-04-29",49600,84,"Near_Prime","Booked"
"APP-DE37984D3B80","D1005","2026-04-29",48400,72,"Prime","Declined"
"APP-0630F61A7DB6","D1005","2026-04-29",46600,72,"Near_Prime","Booked"
"APP-FDA36D9B9E2D","D1005","2026-04-29",48200,60,"Prime","Approved"
"APP-DF6A4C69FDEA","D1005","2026-04-29",41500,72,"Near_Prime","Declined"
"APP-EE4BE1782D69","D1005","2026-04-29",45300,72,"Prime","Booked"
"APP-5D742447F0BE","D1005","2026-04-30",60200,60,"Prime","Declined"
"APP-142CE9BF7808","D1005","2026-04-30",56100,72,"Prime","Approved"
"APP-E553D88C1D7A","D1005","2026-04-30",65600,72,"Prime","Booked"
"APP-9894EC9CC94F","D1005","2026-04-30",59700,84,"Prime","Booked"
"APP-206E88CE6450","D1005","2026-04-30",35500,84,"Prime","Booked"
"APP-8719FC897114","D1005","2026-04-30",41000,72,"Subprime","Declined"
"APP-D755BA92303E","D1005","2026-04-30",39100,72,"Prime","Booked"
"APP-8153A193CEDF","D1005","2026-04-30",72100,72,"Prime","Booked"
"APP-CCC93D90A4A4","D1005","2026-05-01",35200,48,"Near_Prime","Booked"
"APP-24E1683C01BA","D1005","2026-05-01",47700,60,"Prime","Booked"
"APP-B55E128F0442","D1005","2026-05-01",52300,72,"Prime","Declined"
"APP-8CAEB42DDBC2","D1005","2026-05-01",43800,60,"Prime","Booked"
"APP-F21033BFD4F5","D1005","2026-05-01",44500,60,"Prime","Declined"
"APP-BB286BF659FF","D1005","2026-05-01",50300,48,"Near_Prime","Approved"
"APP-F0127F58C712","D1005","2026-05-01",43400,60,"Prime","Booked"
"APP-9066AFC000F6","D1005","2026-05-01",54600,72,"Prime","Declined"
"APP-351A8117F5A0","D1005","2026-05-01",54700,84,"Near_Prime","Booked"
"APP-EB2CB9ADEAE4","D1005","2026-05-02",41000,60,"Subprime","Booked"
"APP-D297F37E90EF","D1005","2026-05-02",53300,84,"Near_Prime","Booked"
"APP-5AC9006CFAFA","D1005","2026-05-02",55400,72,"Prime","Approved"
"APP-72A9D41B828D","D1005","2026-05-02",59300,60,"Prime","Declined"
"APP-E230E0A2E36F","D1005","2026-05-02",59300,48,"Prime","Booked"
"APP-EDAA1E3886AF","D1005","2026-05-03",40500,84,"Prime","Declined"
"APP-312504312578","D1005","2026-05-03",41300,60,"Subprime","Declined"
"APP-ACE2E3DEA250","D1005","2026-05-03",49000,72,"Subprime","Approved"
"APP-221BC37C7712","D1005","2026-05-03",41700,60,"Prime","Declined"
"APP-12D6BB433E80","D1005","2026-05-04",45500,60,"Prime","Booked"
"APP-0EB4B6D8A970","D1005","2026-05-04",59300,72,"Prime","Booked"
"APP-ED3F77D9466A","D1005","2026-05-04",34700,72,"Prime","Declined"
"APP-E94DD13D2D96","D1005","2026-05-04",62500,84,"Prime","Booked"
"APP-52F10D6CF2D3","D1005","2026-05-04",47700,60,"Prime","Approved"
"APP-7269AD02D076","D1005","2026-05-04",52700,72,"Prime","Approved"
"APP-1CAA83BA331F","D1005","2026-05-04",52700,72,"Prime","Approved"
"APP-FBADFE96E7DC","D1005","2026-05-04",38300,72,"Subprime","Declined"
"APP-DC4A05D81E5F","D1005","2026-05-05",36700,60,"Near_Prime","Declined"
"APP-3E0DEF8A03DC","D1005","2026-05-05",50600,72,"Prime","Booked"
"APP-EDCEF96EA2FA","D1005","2026-05-05",43200,72,"Prime","Booked"
"APP-ACE04597E934","D1005","2026-05-05",49600,72,"Prime","Booked"
"APP-53003937DDAE","D1005","2026-05-05",47300,84,"Prime","Declined"
"APP-0028A2DCCAA5","D1005","2026-05-05",40500,48,"Prime","Declined"
"APP-0FFC69A567BF","D1005","2026-05-05",52900,84,"Prime","Booked"
"APP-7DB9786BCB4A","D1005","2026-05-05",39900,60,"Subprime","Declined"
"APP-81F693A97DBD","D1005","2026-05-06",36300,72,"Subprime","Booked"
"APP-B36A15D9B5C8","D1005","2026-05-06",53200,60,"Prime","Booked"
"APP-69052FA4A64B","D1005","2026-05-06",54500,72,"Prime","Booked"
"APP-C27E2F8EC450","D1005","2026-05-06",46100,60,"Prime","Declined"
"APP-7541ADF4E8F3","D1005","2026-05-06",52900,60,"Near_Prime","Booked"
"APP-AE88016FD9D5","D1005","2026-05-06",46600,72,"Near_Prime","Declined"
"APP-808915D9A9B1","D1005","2026-05-06",42100,48,"Prime","Declined"
"APP-AFF4DC2F2B3E","D1005","2026-05-06",35900,84,"Subprime","Approved"
"APP-5DC94D74A17F","D1005","2026-05-07",57200,72,"Prime","Booked"
"APP-253D475797F2","D1005","2026-05-07",37600,84,"Prime","Approved"
"APP-292B353AA064","D1005","2026-05-07",53200,84,"Near_Prime","Booked"
"APP-3C7620800DB0","D1005","2026-05-07",60400,60,"Prime","Booked"
"APP-26372C5421A8","D1005","2026-05-07",53700,48,"Near_Prime","Declined"
"APP-531B93500E47","D1005","2026-05-07",48300,84,"Subprime","Declined"
"APP-2B965E273032","D1005","2026-05-07",31500,60,"Subprime","Approved"
"APP-38A9E5BBB2A5","D1005","2026-05-07",53400,72,"Near_Prime","Booked"
"APP-93DF6B8DBD81","D1005","2026-05-07",47400,60,"Near_Prime","Approved"
"APP-CB163BBD8FA4","D1005","2026-05-07",44700,72,"Near_Prime","Booked"
"APP-8D686B4D9C4A","D1005","2026-05-08",41300,60,"Near_Prime","Declined"
"APP-968F72A320F4","D1005","2026-05-08",39300,60,"Prime","Booked"
"APP-FC19E492D6C3","D1005","2026-05-08",59300,84,"Prime","Declined"
"APP-F5B365372B83","D1005","2026-05-08",51200,48,"Prime","Declined"
"APP-BCDC76C1988E","D1005","2026-05-08",59400,72,"Prime","Approved"
"APP-6017DD4CD730","D1005","2026-05-08",48300,84,"Near_Prime","Booked"
"APP-CFD06538D2E3","D1005","2026-05-08",46000,72,"Prime","Approved"
"APP-2D8A404C3248","D1005","2026-05-08",38000,48,"Prime","Declined"
"APP-09023B632BD5","D1005","2026-05-08",49300,84,"Near_Prime","Booked"
"APP-271820BE2D9B","D1005","2026-05-08",50000,72,"Prime","Booked"
"APP-233667D9D595","D1005","2026-05-08",48600,48,"Prime","Approved"
"APP-E561CCBA1640","D1005","2026-05-09",40200,84,"Prime","Approved"
"APP-6B8256BE5BA3","D1005","2026-05-09",40400,72,"Prime","Approved"
"APP-C20A80647BA1","D1005","2026-05-09",42000,84,"Prime","Booked"
"APP-2AEF6BDC2E13","D1005","2026-05-09",60900,72,"Prime","Booked"
"APP-7C48EEE6DF61","D1005","2026-05-09",32800,48,"Subprime","Booked"
"APP-99B5C9836EB4","D1005","2026-05-10",58900,48,"Prime","Booked"
"APP-A1B86B258FC4","D1005","2026-05-10",47400,72,"Subprime","Booked"
"APP-1C2E8222ADD0","D1005","2026-05-10",42000,84,"Near_Prime","Booked"
"APP-F68DAB3C2B57","D1005","2026-05-10",35100,72,"Prime","Booked"
"APP-C3EA62619DA6","D1005","2026-05-11",60800,72,"Prime","Booked"
"APP-56E0BD0B5368","D1005","2026-05-11",40700,48,"Prime","Booked"
"APP-CC8389022193","D1005","2026-05-11",30300,72,"Prime","Declined"
"APP-40D5F5130510","D1005","2026-05-11",52500,72,"Prime","Declined"
"APP-147E5B796890","D1005","2026-05-11",39400,72,"Prime","Booked"
"APP-2CE1CFB7EC87","D1005","2026-05-11",56400,72,"Prime","Approved"
"APP-F134149BC697","D1005","2026-05-11",40500,60,"Prime","Approved"
"APP-0CDADC5DF9A5","D1005","2026-05-11",67500,72,"Prime","Declined"
"APP-C6CAFA56D80B","D1005","2026-05-11",36900,84,"Subprime","Booked"
"APP-B164851E0D13","D1005","2026-05-12",66000,72,"Prime","Booked"
"APP-CCCB31DD8647","D1005","2026-05-12",54300,84,"Prime","Declined"
"APP-9757B8D40796","D1005","2026-05-12",46200,72,"Near_Prime","Booked"
"APP-49D00E19E9CC","D1005","2026-05-12",44100,60,"Prime","Booked"
"APP-ADC689BC1067","D1005","2026-05-12",46000,48,"Near_Prime","Booked"
"APP-000DCE188B30","D1005","2026-05-12",42300,84,"Subprime","Booked"
"APP-C69867CF36B6","D1005","2026-05-12",50700,60,"Subprime","Approved"
"APP-F2B0DEEA7442","D1005","2026-05-12",52400,72,"Prime","Approved"
"APP-1970EF1929FD","D1005","2026-05-12",49700,60,"Prime","Approved"
"APP-B4839144A330","D1005","2026-05-13",51500,84,"Prime","Declined"
"APP-21FB4165DCE0","D1005","2026-05-13",40500,60,"Near_Prime","Booked"
"APP-4BBDA854ABDC","D1005","2026-05-13",51000,84,"Near_Prime","Declined"
"APP-5EA3079F80C2","D1005","2026-05-13",43800,84,"Prime","Declined"
"APP-944AC6E842DA","D1005","2026-05-13",54400,72,"Prime","Approved"
"APP-98BA1E7578BC","D1005","2026-05-13",60600,84,"Prime","Approved"
"APP-C6E13CD0B057","D1005","2026-05-13",44500,60,"Prime","Booked"
"APP-F673055CA4BE","D1005","2026-05-13",52700,60,"Prime","Declined"
"APP-A2D676372E1E","D1005","2026-05-13",36200,84,"Prime","Booked"
"APP-DFC5554B2FDB","D1005","2026-05-13",50100,60,"Prime","Declined"
"APP-CD5D0214CFD8","D1005","2026-05-14",55000,48,"Prime","Declined"
"APP-B05E857EE58C","D1005","2026-05-14",41800,72,"Near_Prime","Declined"
"APP-A7A649DC5022","D1005","2026-05-14",34300,72,"Prime","Approved"
"APP-222D688F8B3E","D1005","2026-05-14",42900,84,"Subprime","Booked"
"APP-56743BFB6D1A","D1005","2026-05-14",59500,60,"Prime","Booked"
"APP-155415867818","D1005","2026-05-14",46800,72,"Near_Prime","Booked"
"APP-C0B8194E36B8","D1005","2026-05-14",55700,72,"Prime","Declined"
"APP-0139232E4809","D1005","2026-05-14",44700,84,"Prime","Booked"
"APP-4BD134A153B4","D1005","2026-05-14",58400,84,"Prime","Approved"
"APP-7A8EEFF951B9","D1005","2026-05-14",42700,72,"Near_Prime","Approved"
"APP-2F3A473E8EDC","D1005","2026-05-14",36600,72,"Subprime","Declined"
"APP-D9B68CB2CDDB","D1005","2026-05-15",46100,72,"Subprime","Approved"
"APP-85336AAC8032","D1005","2026-05-15",44200,84,"Near_Prime","Booked"
"APP-26ACBF824166","D1005","2026-05-15",53300,84,"Prime","Booked"
"APP-DE399EB6F677","D1005","2026-05-15",62300,60,"Prime","Booked"
"APP-0C4A73F607B8","D1005","2026-05-15",54400,72,"Prime","Approved"
"APP-07758DFFA65D","D1005","2026-05-15",55500,72,"Prime","Approved"
"APP-D67400387582","D1005","2026-05-15",54500,60,"Prime","Booked"
"APP-283AC700B3D0","D1005","2026-05-15",43400,60,"Prime","Booked"
"APP-DA8792717D73","D1005","2026-05-15",51000,72,"Prime","Booked"
"APP-89932EB74463","D1005","2026-05-15",45500,84,"Subprime","Declined"
"APP-169331C73EC7","D1005","2026-05-15",55100,48,"Prime","Declined"
"APP-8320352D7767","D1005","2026-05-16",58500,72,"Prime","Booked"
"APP-6A1977346CCE","D1005","2026-05-16",50800,72,"Prime","Booked"
"APP-319717EF5F67","D1005","2026-05-16",44100,60,"Near_Prime","Declined"
"APP-408575EA100E","D1005","2026-05-16",44900,60,"Prime","Approved"
"APP-79D003A43257","D1005","2026-05-16",67200,84,"Prime","Approved"
"APP-08C22DE8EC3D","D1005","2026-05-17",45100,72,"Prime","Approved"
"APP-7E3FF472772F","D1005","2026-05-17",53600,72,"Prime","Booked"
"APP-3DA9D81C94DC","D1005","2026-05-17",53200,84,"Prime","Approved"
"APP-16932E8412CA","D1005","2026-05-17",33900,60,"Near_Prime","Booked"
"APP-8AB0FB8A7A6B","D1005","2026-05-18",49300,60,"Prime","Booked"
"APP-22B4E105D275","D1005","2026-05-18",65900,84,"Prime","Booked"
"APP-C5D4AD7B63B5","D1005","2026-05-18",47400,72,"Near_Prime","Approved"
"APP-2DE8DAEB3065","D1005","2026-05-18",47700,84,"Prime","Booked"
"APP-1E4FBD2140F0","D1005","2026-05-18",43800,60,"Prime","Declined"
"APP-B1C0E3F662C1","D1005","2026-05-18",37600,60,"Prime","Booked"
"APP-12214A4A9641","D1005","2026-05-18",42200,60,"Prime","Declined"
"APP-2C522D46C96F","D1005","2026-05-18",53100,72,"Prime","Approved"
"APP-AA6948AC6EBC","D1005","2026-05-18",43400,48,"Near_Prime","Booked"
"APP-D8003FCA32BB","D1005","2026-05-18",51300,84,"Prime","Booked"
"APP-7A40EF6602C9","D1005","2026-05-18",72700,72,"Prime","Approved"
"APP-3D1CC41332CE","D1005","2026-05-18",35000,84,"Subprime","Booked"
"APP-682BA2636DCD","D1005","2026-05-19",63200,72,"Prime","Declined"
"APP-7BC234B3C754","D1005","2026-05-19",43400,72,"Prime","Declined"
"APP-B6660DAF0154","D1005","2026-05-19",38000,48,"Subprime","Approved"
"APP-0C79C1535C34","D1005","2026-05-19",37700,72,"Prime","Declined"
"APP-2DA4C6F0BF35","D1005","2026-05-19",34300,60,"Subprime","Declined"
"APP-5EB551AC505A","D1005","2026-05-19",59100,72,"Prime","Approved"
"APP-792EDC532E23","D1005","2026-05-19",46700,72,"Subprime","Booked"
"APP-0524A058D241","D1005","2026-05-19",54100,72,"Prime","Declined"
"APP-982370BDDF04","D1005","2026-05-20",33900,72,"Near_Prime","Booked"
"APP-17B9B3FA47BD","D1005","2026-05-20",42400,84,"Near_Prime","Booked"
"APP-5B42F91472E0","D1005","2026-05-20",58000,84,"Prime","Booked"
"APP-DF630624D615","D1005","2026-05-20",41700,60,"Subprime","Declined"
"APP-17A5BFEF0A40","D1005","2026-05-20",54000,72,"Prime","Approved"
"APP-9BAA2D46A97B","D1005","2026-05-20",51300,60,"Prime","Approved"
"APP-7E420378C359","D1005","2026-05-20",29700,60,"Prime","Approved"
"APP-244CD2291D91","D1005","2026-05-20",50800,84,"Prime","Declined"
"APP-3157127B6939","D1005","2026-05-20",45300,60,"Prime","Approved"
"APP-7847F8FF94D4","D1005","2026-05-20",54700,72,"Prime","Booked"
"APP-EAE0A0602053","D1005","2026-05-20",32200,72,"Prime","Approved"
"APP-DDF9B567C64A","D1005","2026-05-21",39900,60,"Prime","Booked"
"APP-B203973B5A7C","D1005","2026-05-21",56200,72,"Prime","Booked"
"APP-F992668BAF7B","D1005","2026-05-21",44700,84,"Prime","Booked"
"APP-E4F828C90C9A","D1005","2026-05-21",46300,60,"Subprime","Booked"
"APP-2419D6933BD2","D1005","2026-05-21",44600,72,"Prime","Booked"
"APP-6F4BEF3FB2A9","D1005","2026-05-21",45800,84,"Subprime","Booked"
"APP-B3E4CC1ACD7C","D1005","2026-05-21",41700,84,"Subprime","Declined"
"APP-8241E695EA48","D1005","2026-05-21",58500,60,"Near_Prime","Declined"
"APP-5F17C71CCE95","D1005","2026-05-21",57500,48,"Near_Prime","Approved"
"APP-C675155AE3CD","D1005","2026-05-22",41300,72,"Prime","Approved"
"APP-EED501D4006A","D1005","2026-05-22",39200,72,"Subprime","Approved"
"APP-BD988820BD4E","D1005","2026-05-22",49600,84,"Prime","Declined"
"APP-289296AC6F13","D1005","2026-05-22",40600,72,"Near_Prime","Declined"
"APP-CB85CEE77D40","D1005","2026-05-22",50800,84,"Prime","Declined"
"APP-94A056F81EDA","D1005","2026-05-22",41600,60,"Near_Prime","Booked"
"APP-7D809FEEC1A2","D1005","2026-05-22",47000,60,"Prime","Booked"
"APP-6AE6EE83C0CE","D1005","2026-05-22",37000,84,"Prime","Declined"
"APP-8BA349D5A51E","D1005","2026-05-23",49900,84,"Prime","Approved"
"APP-67E2C55904DC","D1005","2026-05-23",43100,84,"Prime","Booked"
"APP-A20F088E8EED","D1005","2026-05-23",48900,72,"Subprime","Booked"
"APP-BCE96D16B92B","D1005","2026-05-23",45700,72,"Prime","Booked"
"APP-CBEB6B57AACF","D1005","2026-05-23",41200,60,"Prime","Booked"
"APP-28E0D74676FC","D1005","2026-05-23",49600,84,"Prime","Approved"
"APP-5E6374E5F09F","D1005","2026-05-24",57000,60,"Near_Prime","Approved"
"APP-B329A15D8C9F","D1005","2026-05-24",54100,72,"Prime","Approved"
"APP-04B7828A10A9","D1005","2026-05-24",41100,84,"Subprime","Declined"
"APP-FB6230A4069D","D1005","2026-05-24",43500,72,"Prime","Declined"
"APP-6C0ED953C2A2","D1005","2026-05-24",44300,84,"Prime","Booked"
"APP-B7F92B9FD31B","D1005","2026-05-24",35500,72,"Near_Prime","Declined"
"APP-C861FF38CAEC","D1005","2026-05-25",43100,60,"Near_Prime","Approved"
"APP-047E80BA5D87","D1005","2026-05-25",50300,60,"Prime","Booked"
"APP-D3E0F4DECECC","D1005","2026-05-25",51400,60,"Subprime","Booked"
"APP-CBB6DAB957D0","D1005","2026-05-25",48500,72,"Prime","Declined"
"APP-772407AB911A","D1005","2026-05-25",46500,72,"Subprime","Declined"
"APP-C3A26C446E20","D1005","2026-05-25",39600,72,"Subprime","Approved"
"APP-B184F4105188","D1005","2026-05-25",45600,60,"Prime","Approved"
"APP-77DAB2812098","D1005","2026-05-26",55300,72,"Prime","Booked"
"APP-223873DB3E95","D1005","2026-05-26",46100,72,"Prime","Booked"
"APP-EF4A610677D7","D1005","2026-05-26",47000,72,"Prime","Approved"
"APP-19F7BE103199","D1005","2026-05-26",44900,72,"Prime","Approved"
"APP-34DB75D73EA4","D1005","2026-05-26",36200,60,"Prime","Approved"
"APP-09B08EEA4255","D1005","2026-05-26",38100,72,"Prime","Declined"
"APP-FBF45FF565D1","D1005","2026-05-26",46500,84,"Prime","Booked"
"APP-4C8EA0AB8BB0","D1005","2026-05-26",36500,48,"Subprime","Booked"
"APP-2F7E34281211","D1005","2026-05-26",54300,72,"Prime","Booked"
"APP-D21331036651","D1005","2026-05-27",44000,72,"Subprime","Booked"
"APP-CD82C4755B67","D1005","2026-05-27",63700,84,"Prime","Booked"
"APP-B7DC3204B6F6","D1005","2026-05-27",51800,60,"Subprime","Booked"
"APP-6E5F7A117CE1","D1005","2026-05-27",47600,72,"Subprime","Declined"
"APP-53EE26452CBE","D1005","2026-05-27",47200,60,"Prime","Declined"
"APP-6153B1265061","D1005","2026-05-27",59200,84,"Prime","Booked"
"APP-5CB744FA0111","D1005","2026-05-27",47700,72,"Near_Prime","Declined"
"APP-640D0E00393A","D1005","2026-05-28",43200,48,"Subprime","Booked"
"APP-1428BF961B45","D1005","2026-05-28",58800,72,"Prime","Booked"
"APP-5617945591BB","D1005","2026-05-28",54700,72,"Near_Prime","Booked"
"APP-393C873FF129","D1005","2026-05-28",42000,60,"Near_Prime","Booked"
"APP-A70C71866A95","D1005","2026-05-28",53800,72,"Prime","Approved"
"APP-7C12EA671252","D1005","2026-05-28",58300,72,"Prime","Booked"
"APP-DB952DF142F6","D1005","2026-05-28",41900,72,"Subprime","Booked"
"APP-DDFBE83EBF81","D1005","2026-05-28",37100,48,"Near_Prime","Booked"
"APP-977B5DAB39D0","D1005","2026-05-28",49400,72,"Subprime","Declined"
"APP-2DA25D7E4A2B","D1005","2026-05-29",49100,60,"Prime","Approved"
"APP-BFBDBE9519FE","D1005","2026-05-29",39800,72,"Prime","Booked"
"APP-64345D198892","D1005","2026-05-29",41800,60,"Near_Prime","Approved"
"APP-AFAF26AD4710","D1005","2026-05-29",29700,72,"Prime","Declined"
"APP-C0D37F568E9A","D1005","2026-05-29",51400,84,"Prime","Approved"
"APP-30AD0CFD63C7","D1005","2026-05-29",48400,60,"Prime","Booked"
"APP-4A0550AFAFDB","D1005","2026-05-29",44300,60,"Prime","Booked"
"APP-C1337C1503FB","D1005","2026-05-29",49300,72,"Near_Prime","Booked"
"APP-8A190980D9FB","D1005","2026-05-29",38800,60,"Subprime","Booked"
"APP-BFB7A3479FD2","D1005","2026-05-29",45400,84,"Prime","Booked"
"APP-BC5AA8417F06","D1005","2026-05-30",43000,72,"Prime","Booked"
"APP-A5DC014B351E","D1005","2026-05-30",49200,72,"Near_Prime","Booked"
"APP-CA9DE4ED0D05","D1005","2026-05-30",64900,72,"Prime","Booked"
"APP-0E87F9EA0A51","D1005","2026-05-30",63500,72,"Prime","Booked"
"APP-13B3AC651B1A","D1005","2026-05-31",52700,72,"Near_Prime","Booked"
"APP-E4971B54ACAC","D1005","2026-05-31",46100,60,"Prime","Declined"
"APP-95C7C5807C11","D1005","2026-05-31",40900,72,"Prime","Approved"
"APP-A88995B2CE06","D1005","2026-05-31",65600,84,"Near_Prime","Booked"
"APP-E4158D0AF2CC","D1005","2026-05-31",65500,60,"Prime","Approved"
"APP-9FA082E91B7B","D1005","2026-05-31",38600,72,"Subprime","Booked"
"APP-C1D94060F0D4","D1005","2026-06-01",57700,72,"Prime","Booked"
"APP-856138C15F19","D1005","2026-06-01",21900,60,"Prime","Booked"
"APP-21F6E0DD9918","D1005","2026-06-01",53400,72,"Prime","Declined"
"APP-AE0FE0F76039","D1005","2026-06-01",53800,72,"Prime","Booked"
"APP-3A4B2D6B5B42","D1005","2026-06-01",48800,72,"Near_Prime","Booked"
"APP-1BBD84074E37","D1005","2026-06-01",39800,84,"Subprime","Booked"
"APP-A8C072A838CE","D1005","2026-06-01",61600,84,"Near_Prime","Approved"
"APP-4BCA66750D03","D1005","2026-06-01",69500,84,"Prime","Approved"
"APP-8DD21A63AF55","D1005","2026-06-02",40100,60,"Near_Prime","Approved"
"APP-3DBA0E4B28CD","D1005","2026-06-02",56900,84,"Prime","Booked"
"APP-E76DFE50FC61","D1005","2026-06-02",40700,48,"Prime","Booked"
"APP-FCBFB74EDFCC","D1005","2026-06-02",54500,72,"Prime","Approved"
"APP-1275733CD1CA","D1005","2026-06-02",47900,84,"Prime","Approved"
"APP-EFCCA0995AD5","D1005","2026-06-02",54800,48,"Prime","Booked"
"APP-D3B789EE4969","D1005","2026-06-02",63400,60,"Prime","Approved"
"APP-BE0F43408E49","D1005","2026-06-02",68000,84,"Near_Prime","Declined"
"APP-86A3549CF077","D1005","2026-06-02",58400,60,"Prime","Declined"
"APP-FA593DD4532A","D1005","2026-06-02",47900,60,"Near_Prime","Booked"
"APP-7F2B791D48B9","D1005","2026-06-02",47400,72,"Subprime","Booked"
"APP-9074D9546E8F","D1005","2026-06-03",34900,72,"Near_Prime","Booked"
"APP-867E7425904F","D1005","2026-06-03",39800,72,"Subprime","Declined"
"APP-58D2202F6BBA","D1005","2026-06-03",40600,84,"Prime","Approved"
"APP-3A5856EDFE22","D1005","2026-06-03",47900,72,"Near_Prime","Approved"
"APP-49087631F811","D1005","2026-06-03",56500,84,"Prime","Booked"
"APP-A7D8703B4B54","D1005","2026-06-03",55000,48,"Prime","Booked"
"APP-85463101A7DC","D1005","2026-06-03",42500,48,"Prime","Booked"
"APP-6436E9DC8B20","D1005","2026-06-03",55600,60,"Subprime","Approved"
"APP-C52EAF8F4FBB","D1005","2026-06-03",43300,72,"Near_Prime","Booked"
"APP-23B6C1F2DF42","D1005","2026-06-04",65300,84,"Prime","Booked"
"APP-2017D2B952B5","D1005","2026-06-04",37800,72,"Prime","Booked"
"APP-C6CF3D471311","D1005","2026-06-04",48600,72,"Subprime","Booked"
"APP-86579880CEC7","D1005","2026-06-04",54500,72,"Prime","Declined"
"APP-5429715DE07C","D1005","2026-06-04",43900,48,"Near_Prime","Approved"
"APP-9A8098B92360","D1005","2026-06-04",60300,84,"Near_Prime","Booked"
"APP-6B1900D41A01","D1005","2026-06-04",53500,48,"Prime","Booked"
"APP-B7AB72CF98E1","D1005","2026-06-04",54500,72,"Prime","Booked"
"APP-7DA0871439C4","D1005","2026-06-05",46000,60,"Near_Prime","Booked"
"APP-288755F668A0","D1005","2026-06-05",45200,84,"Prime","Declined"
"APP-B4FA1B0A3C70","D1005","2026-06-05",60100,60,"Prime","Declined"
"APP-AEF83C783C00","D1005","2026-06-05",38800,60,"Prime","Approved"
"APP-1BDC316520E5","D1005","2026-06-05",41800,84,"Near_Prime","Booked"
"APP-E2550474A7DF","D1005","2026-06-05",48900,72,"Subprime","Approved"
"APP-A02975A69565","D1005","2026-06-05",63200,72,"Prime","Approved"
"APP-71516E10F325","D1005","2026-06-05",28800,60,"Subprime","Declined"
"APP-795EE9F4C670","D1005","2026-06-05",42500,84,"Near_Prime","Booked"
"APP-F370FFC6BA57","D1005","2026-06-05",57600,60,"Prime","Approved"
"APP-A15AE7B464AF","D1005","2026-06-06",44200,72,"Prime","Booked"
"APP-3439900F4FDE","D1005","2026-06-06",51100,72,"Prime","Booked"
"APP-4A1DECC3E3C3","D1005","2026-06-06",47400,60,"Subprime","Booked"
"APP-B59E3AA684BE","D1005","2026-06-06",49000,72,"Near_Prime","Approved"
"APP-F846A1A22904","D1005","2026-06-06",42600,72,"Prime","Approved"
"APP-2D618AE1EB25","D1005","2026-06-07",54500,60,"Prime","Approved"
"APP-2304B9916F6B","D1005","2026-06-07",33500,72,"Subprime","Approved"
"APP-7B5D43F6E8FA","D1005","2026-06-07",37100,72,"Prime","Approved"
"APP-AD486363A6A2","D1005","2026-06-07",48400,72,"Prime","Booked"
"APP-0D022A8009DD","D1005","2026-06-08",47100,72,"Prime","Booked"
"APP-E62A2B97738A","D1005","2026-06-08",51400,60,"Prime","Booked"
"APP-23CAF2666A56","D1005","2026-06-08",49600,48,"Prime","Declined"
"APP-539D23FBADBE","D1005","2026-06-08",45000,84,"Prime","Approved"
"APP-6971A9ECC1A4","D1005","2026-06-08",41100,72,"Prime","Declined"
"APP-21CD9DBE47C9","D1005","2026-06-08",43600,72,"Near_Prime","Booked"
"APP-F0D8C06BDA03","D1005","2026-06-08",56700,72,"Prime","Declined"
"APP-FDE47E18F29B","D1005","2026-06-08",44700,48,"Prime","Booked"
"APP-C046F03C6D2B","D1005","2026-06-09",52900,72,"Near_Prime","Declined"
"APP-FAC039793861","D1005","2026-06-09",28800,84,"Near_Prime","Booked"
"APP-15CEBFB91A4D","D1005","2026-06-09",45800,72,"Prime","Booked"
"APP-929CF2272F0C","D1005","2026-06-09",43300,60,"Subprime","Booked"
"APP-ED785BD6D577","D1005","2026-06-09",46500,72,"Prime","Declined"
"APP-5CB30DD20D6B","D1005","2026-06-09",55400,84,"Prime","Approved"
"APP-CCD27DC02E72","D1005","2026-06-09",55800,72,"Near_Prime","Booked"
"APP-23B663BFE00A","D1005","2026-06-09",43800,72,"Subprime","Booked"
"APP-2685528AA41E","D1005","2026-06-09",51600,48,"Prime","Declined"
"APP-FC14163F29E6","D1005","2026-06-09",59300,72,"Prime","Approved"
"APP-BC3BCC7970EA","D1005","2026-06-09",34600,48,"Subprime","Booked"
"APP-2952B5DC573E","D1005","2026-06-10",53100,60,"Prime","Approved"
"APP-A838E47515FC","D1005","2026-06-10",51900,60,"Near_Prime","Booked"
"APP-1D9E30D54FE9","D1005","2026-06-10",54200,48,"Prime","Approved"
"APP-391651DC3676","D1005","2026-06-10",60300,60,"Prime","Declined"
"APP-72112539023F","D1005","2026-06-10",55600,60,"Near_Prime","Approved"
"APP-35D6484AC309","D1005","2026-06-10",63500,48,"Prime","Declined"
"APP-C679D02D014E","D1005","2026-06-10",45800,72,"Near_Prime","Booked"
"APP-CC6934B9BE1C","D1005","2026-06-10",52400,72,"Prime","Booked"
"APP-DB8F5FC5F86C","D1005","2026-06-10",53800,84,"Subprime","Approved"
"APP-1382E1882B6F","D1005","2026-06-10",53000,60,"Prime","Booked"
"APP-F706E9063F48","D1005","2026-06-11",58800,60,"Prime","Approved"
"APP-84662B5186D3","D1005","2026-06-11",52100,84,"Prime","Booked"
"APP-F5EF46D553FA","D1005","2026-06-11",57300,84,"Prime","Booked"
"APP-4FB84C46C477","D1005","2026-06-11",51300,48,"Prime","Booked"
"APP-C77F98DA5D88","D1005","2026-06-11",35400,72,"Prime","Declined"
"APP-F0339CCA8BE0","D1005","2026-06-11",61700,84,"Prime","Booked"
"APP-C3E8B63BA6D3","D1005","2026-06-11",47900,72,"Subprime","Booked"
"APP-D6872532FA1D","D1005","2026-06-11",56800,84,"Prime","Booked"
"APP-09B3CD789FA8","D1005","2026-06-11",60100,60,"Near_Prime","Booked"
"APP-FD1528CE2F87","D1005","2026-06-11",42800,72,"Subprime","Booked"
"APP-6E4305294341","D1005","2026-06-11",34100,60,"Prime","Declined"
"APP-4B81E36B0787","D1005","2026-06-12",47700,72,"Subprime","Booked"
"APP-BEED7557D785","D1005","2026-06-12",39900,72,"Prime","Declined"
"APP-D127A2AF29B6","D1005","2026-06-12",58700,72,"Prime","Declined"
"APP-3F4C23A77F83","D1005","2026-06-12",40700,84,"Subprime","Booked"
"APP-2738DF0B5F18","D1005","2026-06-12",42500,60,"Subprime","Approved"
"APP-F152BCF697AA","D1005","2026-06-12",47100,84,"Prime","Declined"
"APP-5EED2B652E4C","D1005","2026-06-12",46500,60,"Subprime","Approved"
"APP-8BB27E513048","D1005","2026-06-12",56000,72,"Near_Prime","Declined"
"APP-09AA39AD927A","D1005","2026-06-13",35400,84,"Prime","Approved"
"APP-9E8650FF2FBD","D1005","2026-06-13",48300,60,"Near_Prime","Booked"
"APP-1C7BAB84F3B0","D1005","2026-06-13",55300,84,"Near_Prime","Booked"
"APP-53BBDC378231","D1005","2026-06-13",38800,72,"Prime","Approved"
"APP-46A21C9A2E4F","D1005","2026-06-13",49100,72,"Near_Prime","Booked"
"APP-3C2640AB01AC","D1005","2026-06-13",35000,72,"Subprime","Approved"
"APP-DAACA51FE2EA","D1005","2026-06-14",49000,60,"Prime","Booked"
"APP-4C4E9A070F40","D1005","2026-06-14",49800,84,"Prime","Booked"
"APP-5CA0C013F176","D1005","2026-06-14",49300,72,"Near_Prime","Booked"
"APP-0288C818B857","D1005","2026-06-14",47800,72,"Prime","Booked"
"APP-7E194A6C579C","D1005","2026-06-14",72600,72,"Prime","Booked"
"APP-6CD3179DBE90","D1005","2026-06-15",51400,72,"Prime","Declined"
"APP-81B015A34EB8","D1005","2026-06-15",52400,84,"Prime","Booked"
"APP-1DF129A4332C","D1005","2026-06-15",40400,72,"Subprime","Booked"
"APP-F7D2D83F84D9","D1005","2026-06-15",47800,60,"Near_Prime","Declined"
"APP-EB53CF2E2E9B","D1005","2026-06-15",45600,72,"Prime","Booked"
"APP-0EA759AF57AF","D1005","2026-06-15",38500,84,"Subprime","Booked"
"APP-6B636916C774","D1005","2026-06-15",47300,72,"Prime","Booked"
"APP-CD0748B8E40C","D1005","2026-06-15",53600,84,"Prime","Declined"
"APP-3D0C9276290D","D1005","2026-06-15",45000,72,"Prime","Booked"
"APP-0EBA3EC80575","D1005","2026-06-15",43600,60,"Near_Prime","Booked"
"APP-DF19CDEBCDD4","D1005","2026-06-16",49700,72,"Prime","Approved"
"APP-7F12DA5EC999","D1005","2026-06-16",50300,48,"Prime","Booked"
"APP-E75FF3B225B2","D1005","2026-06-16",42400,60,"Subprime","Booked"
"APP-4AA38EEE37B7","D1005","2026-06-16",40300,48,"Prime","Approved"
"APP-4DF1E31C3DA3","D1005","2026-06-16",53000,72,"Prime","Booked"
"APP-23656B8541B5","D1005","2026-06-16",43200,72,"Prime","Declined"
"APP-14BBBFBC76A5","D1005","2026-06-16",49800,72,"Prime","Booked"
"APP-17F79E867B76","D1005","2026-06-16",47500,84,"Prime","Booked"
"APP-001918881D6C","D1005","2026-06-17",34800,72,"Subprime","Booked"
"APP-67ACC3CF5EDE","D1005","2026-06-17",57500,72,"Prime","Booked"
"APP-FD14C6DD9260","D1005","2026-06-17",40500,72,"Prime","Approved"
"APP-C1ED890A36A9","D1005","2026-06-17",51700,72,"Prime","Booked"
"APP-F8DAC62ED388","D1005","2026-06-17",54600,60,"Near_Prime","Booked"
"APP-E5936EE30A8F","D1005","2026-06-17",53000,60,"Prime","Approved"
"APP-7B9DB58E2D5B","D1005","2026-06-17",36400,48,"Subprime","Booked"
"APP-A102FE0C9E58","D1005","2026-06-17",42600,72,"Prime","Booked"
"APP-DE7EDBD31E13","D1005","2026-06-17",29700,72,"Prime","Approved"
"APP-D3475080C194","D1005","2026-06-17",57900,84,"Prime","Booked"
"APP-D4C8BD2E1E70","D1005","2026-06-18",54600,72,"Prime","Booked"
"APP-E9DFD5050466","D1005","2026-06-18",51200,84,"Prime","Booked"
"APP-62E3D99A217E","D1005","2026-06-18",55100,72,"Near_Prime","Booked"
"APP-BE7CAB567AFD","D1005","2026-06-18",48700,84,"Prime","Booked"
"APP-C42D7E9C53EF","D1005","2026-06-18",55300,72,"Prime","Booked"
"APP-82890796F444","D1005","2026-06-18",36500,60,"Subprime","Booked"
"APP-83C1672021B2","D1005","2026-06-18",55100,84,"Prime","Booked"
"APP-99C2E5433344","D1005","2026-06-18",44500,72,"Prime","Approved"
"APP-6BC314E2B67A","D1005","2026-06-18",50300,60,"Prime","Declined"
"APP-6511856B79AE","D1005","2026-06-19",44700,84,"Near_Prime","Booked"
"APP-3A618A470986","D1005","2026-06-19",47900,72,"Prime","Booked"
"APP-EF905B748C7C","D1005","2026-06-19",36600,84,"Subprime","Booked"
"APP-523B4D20094F","D1005","2026-06-19",43000,84,"Near_Prime","Booked"
"APP-84D71044D761","D1005","2026-06-19",46500,48,"Prime","Approved"
"APP-82971A0C4640","D1005","2026-06-19",39800,72,"Prime","Booked"
"APP-5CB1FF72875F","D1005","2026-06-19",53900,60,"Near_Prime","Declined"
"APP-FB56C1DEF290","D1005","2026-06-19",43900,72,"Prime","Booked"
"APP-EA90349A0388","D1005","2026-06-19",49300,60,"Prime","Booked"
"APP-497D468BF836","D1005","2026-06-20",54800,48,"Prime","Declined"
"APP-DCA27673CFEF","D1005","2026-06-20",54700,72,"Prime","Declined"
"APP-B82F73D3D6C2","D1005","2026-06-20",39000,72,"Subprime","Booked"
"APP-4B9B69F8B975","D1005","2026-06-20",62600,48,"Prime","Declined"
"APP-70817C30A722","D1005","2026-06-20",47600,72,"Prime","Declined"
"APP-985ABD62D30B","D1005","2026-06-20",49700,48,"Prime","Approved"
"APP-3B6580E1E95D","D1005","2026-06-21",45600,84,"Near_Prime","Booked"
"APP-878025A89EDC","D1005","2026-06-21",50000,48,"Prime","Approved"
"APP-9B58CC9A1C3C","D1005","2026-06-21",57200,72,"Prime","Declined"
"APP-AD8D92B906E3","D1005","2026-06-21",32400,84,"Prime","Booked"
"APP-94F452E61FBF","D1005","2026-06-22",43100,72,"Prime","Booked"
"APP-832495573B11","D1005","2026-06-22",56800,60,"Prime","Approved"
"APP-991276AE2EB3","D1005","2026-06-22",40000,48,"Prime","Booked"
"APP-CA38AFCAAA65","D1005","2026-06-22",62100,60,"Prime","Booked"
"APP-CAB8797D0EB7","D1005","2026-06-22",40900,84,"Prime","Declined"
"APP-CFCA3E44DC9C","D1005","2026-06-22",47600,72,"Prime","Declined"
"APP-1F3B01C5D685","D1005","2026-06-22",49900,72,"Near_Prime","Declined"
"APP-BDB25F375BDC","D1005","2026-06-22",53000,48,"Prime","Booked"
"APP-D28AEFAA97DC","D1005","2026-06-23",45200,72,"Prime","Booked"
"APP-A68C189B3E69","D1005","2026-06-23",45100,72,"Prime","Declined"
"APP-88AE949C101A","D1005","2026-06-23",40500,60,"Subprime","Approved"
"APP-D1749C5FF1CB","D1005","2026-06-23",60200,84,"Prime","Approved"
"APP-7CB1163921DA","D1005","2026-06-23",42100,72,"Prime","Declined"
"APP-E0B57A17F1D7","D1005","2026-06-23",46000,60,"Near_Prime","Declined"
"APP-02FAEF6E1D15","D1005","2026-06-23",31700,72,"Subprime","Approved"
"APP-DFCCDD0D5EF1","D1005","2026-06-23",42200,60,"Subprime","Booked"
"APP-A816F1182351","D1005","2026-06-23",42800,84,"Prime","Booked"
"APP-ABD141CCDE91","D1005","2026-06-23",43000,84,"Prime","Booked"
"APP-7AC408544B75","D1005","2026-06-23",54800,84,"Near_Prime","Booked"
"APP-1984E52F43D6","D1005","2026-06-23",49800,84,"Prime","Booked"
"APP-085A89CFAB8F","D1005","2026-06-24",55500,72,"Prime","Approved"
"APP-778F45ABA0EB","D1005","2026-06-24",55900,72,"Near_Prime","Declined"
"APP-7FFDCD486DD2","D1005","2026-06-24",33200,72,"Prime","Declined"
"APP-4A3060AC721D","D1005","2026-06-24",37800,60,"Near_Prime","Booked"
"APP-3287B5ABADE9","D1005","2026-06-24",41900,72,"Prime","Declined"
"APP-B9A18223C55A","D1005","2026-06-24",48800,60,"Prime","Booked"
"APP-89D01F17A833","D1005","2026-06-24",49100,84,"Prime","Approved"
"APP-C1FCCB8A7620","D1005","2026-06-24",47300,84,"Prime","Booked"
"APP-82FC0CF209A4","D1005","2026-06-24",48400,72,"Prime","Booked"
"APP-D9A8C3F3E69B","D1005","2026-06-24",35400,72,"Subprime","Approved"
"APP-57E7385D2D89","D1005","2026-06-25",44700,72,"Near_Prime","Declined"
"APP-63221F588890","D1005","2026-06-25",52200,60,"Near_Prime","Booked"
"APP-D9F9F34DB401","D1005","2026-06-25",48000,72,"Prime","Booked"
"APP-38B1F7B67D18","D1005","2026-06-25",37200,60,"Near_Prime","Declined"
"APP-E367444CC78A","D1005","2026-06-25",35700,60,"Prime","Approved"
"APP-0321E47B681B","D1005","2026-06-25",57200,72,"Prime","Booked"
"APP-C03FC8239327","D1005","2026-06-25",50200,48,"Near_Prime","Declined"
"APP-9BEE70D6AB21","D1005","2026-06-25",37000,84,"Subprime","Approved"
"APP-A8E14799FD91","D1005","2026-06-25",47800,72,"Prime","Booked"
"APP-2BA672C858E9","D1005","2026-06-25",50000,60,"Prime","Approved"
"APP-5BAB753DABC2","D1005","2026-06-25",51900,72,"Subprime","Booked"
"APP-C0B285E60E04","D1005","2026-06-25",35400,60,"Prime","Approved"
"APP-F1793B9C92E1","D1005","2026-06-25",56400,48,"Prime","Booked"
"APP-159E212EFF39","D4471","2026-03-28",38800,72,"Prime","Declined"
"APP-A503AFAAD5C4","D4471","2026-03-28",46800,72,"Prime","Approved"
"APP-86BEA993A479","D4471","2026-03-28",38300,72,"Near_Prime","Booked"
"APP-DD521D721A54","D4471","2026-03-28",47000,84,"Prime","Declined"
"APP-7B2371B5B6C9","D4471","2026-03-28",52600,48,"Prime","Declined"
"APP-8ACA0EC5A174","D4471","2026-03-28",46700,72,"Prime","Booked"
"APP-C90DF7B21372","D4471","2026-03-28",39200,72,"Subprime","Declined"
"APP-4372305CE31F","D4471","2026-03-29",41600,60,"Prime","Declined"
"APP-E2604AB632BD","D4471","2026-03-29",40800,72,"Near_Prime","Booked"
"APP-5D61FD0C8DB2","D4471","2026-03-29",51900,84,"Prime","Declined"
"APP-B1971A249FB7","D4471","2026-03-29",39300,72,"Subprime","Booked"
"APP-18B731F1A121","D4471","2026-03-30",49000,84,"Near_Prime","Booked"
"APP-594A55DE2595","D4471","2026-03-30",46200,84,"Prime","Approved"
"APP-51BCE892A57B","D4471","2026-03-30",33400,72,"Prime","Booked"
"APP-20CB39FA2283","D4471","2026-03-30",39300,60,"Prime","Declined"
"APP-DD8CAD5F04D1","D4471","2026-03-30",41600,60,"Near_Prime","Approved"
"APP-628D38010FE1","D4471","2026-03-30",40000,72,"Prime","Booked"
"APP-851AD10DFA6F","D4471","2026-03-30",47800,48,"Near_Prime","Booked"
"APP-36FA1812A1A6","D4471","2026-03-30",57600,84,"Prime","Approved"
"APP-7F124779457B","D4471","2026-03-30",57800,48,"Prime","Declined"
"APP-52851A52EAA2","D4471","2026-03-31",40400,72,"Near_Prime","Approved"
"APP-A5DDA594A4BF","D4471","2026-03-31",41900,84,"Prime","Approved"
"APP-0F144D207537","D4471","2026-03-31",40100,72,"Prime","Booked"
"APP-C41D9EB36712","D4471","2026-03-31",42000,72,"Prime","Booked"
"APP-7AC29D774A58","D4471","2026-03-31",50300,72,"Prime","Declined"
"APP-C26155D50138","D4471","2026-03-31",45700,48,"Prime","Booked"
"APP-3637D8E448BA","D4471","2026-03-31",40000,60,"Subprime","Approved"
"APP-E9C60B1817DA","D4471","2026-03-31",61100,60,"Prime","Booked"
"APP-A3598244276F","D4471","2026-04-01",29200,84,"Near_Prime","Approved"
"APP-FCC893851F83","D4471","2026-04-01",38200,60,"Near_Prime","Declined"
"APP-549941732F46","D4471","2026-04-01",50400,60,"Near_Prime","Approved"
"APP-660CA3409B74","D4471","2026-04-01",41900,84,"Subprime","Booked"
"APP-1AEFAF8D5FE8","D4471","2026-04-01",43900,84,"Prime","Approved"
"APP-6BAC5A8D5386","D4471","2026-04-01",44100,72,"Prime","Booked"
"APP-05A2D54ED63A","D4471","2026-04-01",42700,84,"Prime","Approved"
"APP-A34C809B061F","D4471","2026-04-01",50900,84,"Near_Prime","Declined"
"APP-2AFDFD12C63F","D4471","2026-04-01",37600,72,"Prime","Booked"
"APP-5C8A9228FA18","D4471","2026-04-01",35100,84,"Near_Prime","Booked"
"APP-A27267046582","D4471","2026-04-01",36900,60,"Prime","Approved"
"APP-C96D05157C1A","D4471","2026-04-02",37400,84,"Subprime","Declined"
"APP-8D48A47A473C","D4471","2026-04-02",43700,72,"Subprime","Booked"
"APP-11DB4B970CB1","D4471","2026-04-02",41100,84,"Subprime","Booked"
"APP-B12FA7BEEFF0","D4471","2026-04-02",49900,60,"Subprime","Booked"
"APP-62C6392C2FAA","D4471","2026-04-02",40000,72,"Subprime","Declined"
"APP-B05D56A4D99A","D4471","2026-04-02",38700,72,"Prime","Approved"
"APP-88D92C9C31A2","D4471","2026-04-02",56200,84,"Prime","Booked"
"APP-0E98C89BDAB5","D4471","2026-04-02",43300,72,"Prime","Booked"
"APP-EF4C9470A1A8","D4471","2026-04-02",44700,48,"Near_Prime","Booked"
"APP-622210ED0B04","D4471","2026-04-02",36500,84,"Prime","Declined"
"APP-C26F372B7B56","D4471","2026-04-02",41800,60,"Prime","Booked"
"APP-90B67172B4D9","D4471","2026-04-03",39400,72,"Prime","Approved"
"APP-AA49F955CF20","D4471","2026-04-03",34500,72,"Prime","Booked"
"APP-42D7658A91A0","D4471","2026-04-03",41000,60,"Near_Prime","Declined"
"APP-0B18EC111017","D4471","2026-04-03",34700,60,"Prime","Approved"
"APP-3F52BE646B24","D4471","2026-04-03",41600,84,"Prime","Booked"
"APP-3E6404F853BC","D4471","2026-04-03",48100,84,"Prime","Approved"
"APP-B6C5A1D1CA52","D4471","2026-04-03",49000,72,"Near_Prime","Booked"
"APP-B22F0D963148","D4471","2026-04-03",45300,72,"Prime","Booked"
"APP-F900660BC7F5","D4471","2026-04-03",51500,72,"Prime","Approved"
"APP-B929FFEF66C0","D4471","2026-04-03",50200,84,"Prime","Booked"
"APP-9C860D3FDBE4","D4471","2026-04-03",44400,84,"Prime","Booked"
"APP-07EAC9EDFE92","D4471","2026-04-04",36200,60,"Subprime","Booked"
"APP-E368C422FA9D","D4471","2026-04-04",51600,84,"Prime","Booked"
"APP-32F3856CBE2B","D4471","2026-04-04",44300,84,"Prime","Declined"
"APP-B31CC066BBFA","D4471","2026-04-04",39400,72,"Prime","Booked"
"APP-A2CAA711D416","D4471","2026-04-04",34900,72,"Subprime","Approved"
"APP-E3E969A82851","D4471","2026-04-05",45600,84,"Subprime","Approved"
"APP-1AAAD24797CD","D4471","2026-04-05",38100,72,"Prime","Approved"
"APP-AC8C89180E1D","D4471","2026-04-05",36600,72,"Near_Prime","Booked"
"APP-7E62B9BEA9BF","D4471","2026-04-05",25000,84,"Prime","Booked"
"APP-B164E85C5C4B","D4471","2026-04-05",39600,72,"Subprime","Approved"
"APP-36B075A38844","D4471","2026-04-05",42000,72,"Prime","Booked"
"APP-50741A20810D","D4471","2026-04-06",50400,72,"Prime","Booked"
"APP-5D252B20D518","D4471","2026-04-06",35200,60,"Prime","Declined"
"APP-C84EE2236580","D4471","2026-04-06",31800,60,"Subprime","Declined"
"APP-7FFA0987CF06","D4471","2026-04-06",45100,72,"Prime","Declined"
"APP-D54AF7E1DAF7","D4471","2026-04-06",38300,84,"Near_Prime","Declined"
"APP-638CE27E531A","D4471","2026-04-06",42300,72,"Prime","Booked"
"APP-3C9536C9EF4E","D4471","2026-04-06",40900,60,"Prime","Approved"
"APP-35E551D84E9A","D4471","2026-04-06",47700,72,"Prime","Approved"
"APP-3C50EF149CBC","D4471","2026-04-07",46400,60,"Near_Prime","Approved"
"APP-3B06FA257A01","D4471","2026-04-07",34700,72,"Prime","Approved"
"APP-3345FEC14E11","D4471","2026-04-07",50800,84,"Prime","Declined"
"APP-7EBCBBC126CD","D4471","2026-04-07",51200,72,"Prime","Booked"
"APP-9F4A603EC84A","D4471","2026-04-07",45300,60,"Prime","Approved"
"APP-9E973F1FFCBC","D4471","2026-04-07",46700,72,"Near_Prime","Declined"
"APP-D79AF8573D9B","D4471","2026-04-07",53300,84,"Prime","Declined"
"APP-7EABCD3C2C62","D4471","2026-04-07",49400,84,"Near_Prime","Booked"
"APP-46C1ABBCC323","D4471","2026-04-07",36600,84,"Prime","Booked"
"APP-694FF8460540","D4471","2026-04-07",53900,84,"Near_Prime","Approved"
"APP-A664E19BEA53","D4471","2026-04-08",45500,72,"Prime","Declined"
"APP-AD14D8716DAC","D4471","2026-04-08",47300,72,"Near_Prime","Approved"
"APP-2FDABFDF3F73","D4471","2026-04-08",42300,84,"Prime","Declined"
"APP-EFE40A2FFC3E","D4471","2026-04-08",45700,84,"Prime","Booked"
"APP-E60F8F1B5194","D4471","2026-04-08",42800,72,"Prime","Booked"
"APP-62969510333B","D4471","2026-04-08",45900,72,"Near_Prime","Declined"
"APP-1C2C1454498C","D4471","2026-04-08",44400,84,"Prime","Booked"
"APP-C76D955155E7","D4471","2026-04-08",48200,60,"Prime","Declined"
"APP-A32C0001E292","D4471","2026-04-08",54900,84,"Prime","Booked"
"APP-407746C0412F","D4471","2026-04-08",54100,84,"Prime","Booked"
"APP-29544CC7F88F","D4471","2026-04-09",34200,72,"Subprime","Booked"
"APP-42F24ECE18B9","D4471","2026-04-09",42600,60,"Subprime","Booked"
"APP-30006359947D","D4471","2026-04-09",45800,72,"Prime","Declined"
"APP-E66398C5370E","D4471","2026-04-09",44400,84,"Prime","Booked"
"APP-4F1015A4FB93","D4471","2026-04-09",30600,72,"Prime","Declined"
"APP-32F58AB9EF8A","D4471","2026-04-09",47400,60,"Prime","Approved"
"APP-5A7A2BB4B2D3","D4471","2026-04-09",39700,60,"Subprime","Declined"
"APP-02C51CFB57A6","D4471","2026-04-09",31600,48,"Prime","Booked"
"APP-EA83430A8C01","D4471","2026-04-09",49100,60,"Prime","Approved"
"APP-5E9FE88A67B9","D4471","2026-04-09",43800,84,"Prime","Booked"
"APP-C2E7DBAF9846","D4471","2026-04-10",55000,72,"Prime","Declined"
"APP-89BAAC9572C7","D4471","2026-04-10",49300,84,"Prime","Declined"
"APP-89292DA544CC","D4471","2026-04-10",38600,60,"Near_Prime","Declined"
"APP-398D91197713","D4471","2026-04-10",33800,60,"Prime","Booked"
"APP-E4A16AD20A43","D4471","2026-04-10",62200,72,"Prime","Booked"
"APP-C008EDE25C07","D4471","2026-04-10",53100,84,"Subprime","Booked"
"APP-EE22D27478F6","D4471","2026-04-10",42700,84,"Prime","Declined"
"APP-A5981D24E0C2","D4471","2026-04-10",42100,72,"Prime","Declined"
"APP-619178B69998","D4471","2026-04-11",25300,72,"Subprime","Approved"
"APP-3D8559A5C879","D4471","2026-04-11",52000,60,"Near_Prime","Booked"
"APP-8A1FF56FBF93","D4471","2026-04-11",43500,72,"Prime","Approved"
"APP-A412E684AE32","D4471","2026-04-11",36900,72,"Subprime","Approved"
"APP-FE8A6C08C174","D4471","2026-04-11",53100,84,"Prime","Booked"
"APP-4A8BCF553BF2","D4471","2026-04-11",49600,60,"Prime","Approved"
"APP-9ED0845E8209","D4471","2026-04-12",47100,72,"Prime","Booked"
"APP-861833585CE1","D4471","2026-04-12",45500,60,"Prime","Declined"
"APP-00B79A9ECF85","D4471","2026-04-12",39200,60,"Subprime","Declined"
"APP-F356E5D1A207","D4471","2026-04-12",38700,72,"Subprime","Booked"
"APP-2B9AEF629485","D4471","2026-04-12",43500,84,"Near_Prime","Declined"
"APP-F7F54D14E1F6","D4471","2026-04-13",37400,60,"Prime","Booked"
"APP-35C241FC0F7B","D4471","2026-04-13",38400,72,"Near_Prime","Approved"
"APP-B2B2C87E52D9","D4471","2026-04-13",41300,48,"Prime","Declined"
"APP-0ED4FA8A282F","D4471","2026-04-13",42400,84,"Prime","Declined"
"APP-5A4046A65997","D4471","2026-04-13",36200,60,"Subprime","Approved"
"APP-6CECBE6BB871","D4471","2026-04-13",47600,84,"Prime","Approved"
"APP-05074190E381","D4471","2026-04-13",54000,84,"Prime","Declined"
"APP-CCB718B1F611","D4471","2026-04-13",54600,84,"Near_Prime","Declined"
"APP-F4840951D362","D4471","2026-04-13",35200,60,"Prime","Booked"
"APP-61A0FF764FE0","D4471","2026-04-13",45800,84,"Prime","Approved"
"APP-05D49E29231F","D4471","2026-04-14",41100,48,"Prime","Declined"
"APP-8389D2BD05D2","D4471","2026-04-14",40600,48,"Prime","Declined"
"APP-FD6FCF569020","D4471","2026-04-14",40100,72,"Subprime","Approved"
"APP-FB8F87FB1374","D4471","2026-04-14",39700,84,"Prime","Booked"
"APP-F285F1214452","D4471","2026-04-14",44700,48,"Prime","Booked"
"APP-56D7B39032D9","D4471","2026-04-14",48800,72,"Prime","Booked"
"APP-C7823AFC8C0E","D4471","2026-04-14",34300,72,"Subprime","Approved"
"APP-FFF9989DC222","D4471","2026-04-15",38100,84,"Prime","Declined"
"APP-48AFFC302507","D4471","2026-04-15",46400,84,"Prime","Booked"
"APP-465C85544BFF","D4471","2026-04-15",44100,84,"Near_Prime","Booked"
"APP-43D677C75587","D4471","2026-04-15",47600,84,"Prime","Declined"
"APP-80016190CB85","D4471","2026-04-15",49800,72,"Prime","Approved"
"APP-976FFB23E0DC","D4471","2026-04-15",33900,72,"Subprime","Booked"
"APP-2E34B6D55A84","D4471","2026-04-15",32300,60,"Prime","Booked"
"APP-FD31B70B60A8","D4471","2026-04-15",50200,72,"Prime","Booked"
"APP-875AB8CB7840","D4471","2026-04-15",48900,72,"Subprime","Declined"
"APP-95F41FE20012","D4471","2026-04-15",31100,72,"Subprime","Booked"
"APP-556DD50388E2","D4471","2026-04-15",48600,72,"Prime","Declined"
"APP-7B0735C39F89","D4471","2026-04-16",39900,60,"Prime","Declined"
"APP-BB1DE8E4FB64","D4471","2026-04-16",51400,72,"Prime","Declined"
"APP-D919C276C3F9","D4471","2026-04-16",41400,72,"Prime","Declined"
"APP-596C5E0A9C7E","D4471","2026-04-16",45600,84,"Prime","Booked"
"APP-E32B2400C2EB","D4471","2026-04-16",46600,72,"Prime","Booked"
"APP-1E72E83A7614","D4471","2026-04-16",50900,72,"Prime","Declined"
"APP-BA13F07629AE","D4471","2026-04-16",43900,48,"Near_Prime","Declined"
"APP-BB1D5D639687","D4471","2026-04-16",49300,72,"Prime","Booked"
"APP-679DDB20350E","D4471","2026-04-16",46000,84,"Near_Prime","Booked"
"APP-552A79D3EEEE","D4471","2026-04-16",45200,60,"Prime","Approved"
"APP-66BEC9FAF760","D4471","2026-04-17",48700,84,"Prime","Declined"
"APP-86A065DB7A93","D4471","2026-04-17",50400,72,"Subprime","Booked"
"APP-EF7ACF94F5B9","D4471","2026-04-17",37800,72,"Prime","Approved"
"APP-85B4D9866977","D4471","2026-04-17",45200,48,"Prime","Booked"
"APP-1661A93872FC","D4471","2026-04-17",34500,60,"Subprime","Approved"
"APP-9E5B7428242E","D4471","2026-04-17",44600,72,"Subprime","Booked"
"APP-ECD5019DC0B1","D4471","2026-04-17",32400,48,"Prime","Declined"
"APP-7FDEB7B90F85","D4471","2026-04-17",43600,72,"Near_Prime","Booked"
"APP-7FD12945E12F","D4471","2026-04-17",47600,72,"Near_Prime","Booked"
"APP-D272FDC4A1EE","D4471","2026-04-18",39900,60,"Prime","Booked"
"APP-303BBA7CFF45","D4471","2026-04-18",37900,72,"Prime","Declined"
"APP-E2E885DEA6F6","D4471","2026-04-18",45900,48,"Prime","Booked"
"APP-87FB5341DF09","D4471","2026-04-18",41000,60,"Subprime","Booked"
"APP-AF6DA55E6D06","D4471","2026-04-18",38800,84,"Prime","Booked"
"APP-39A5B19B1AF8","D4471","2026-04-18",42300,72,"Prime","Approved"
"APP-56F808BC73A9","D4471","2026-04-19",51000,72,"Prime","Approved"
"APP-397E9E891C7C","D4471","2026-04-19",44200,72,"Prime","Declined"
"APP-8C1FCB3030AC","D4471","2026-04-19",34400,84,"Prime","Approved"
"APP-9A3DF598079F","D4471","2026-04-19",53000,84,"Prime","Declined"
"APP-0D4D72957866","D4471","2026-04-19",45600,72,"Near_Prime","Booked"
"APP-548D4ADA7B24","D4471","2026-04-20",45800,72,"Subprime","Approved"
"APP-07AEF8C1909E","D4471","2026-04-20",40600,60,"Prime","Booked"
"APP-3FBA56D2BE7A","D4471","2026-04-20",54800,84,"Prime","Booked"
"APP-4296650B5355","D4471","2026-04-20",39900,84,"Subprime","Approved"
"APP-22101BFFE8C2","D4471","2026-04-20",48800,72,"Prime","Declined"
"APP-83E8B38A1E76","D4471","2026-04-20",32400,60,"Prime","Approved"
"APP-2831AF23CEBA","D4471","2026-04-20",48100,72,"Prime","Approved"
"APP-909A5661DB2B","D4471","2026-04-20",37200,60,"Prime","Approved"
"APP-7EA3CD46B87D","D4471","2026-04-21",41400,48,"Near_Prime","Declined"
"APP-7FEA80D66197","D4471","2026-04-21",45000,84,"Near_Prime","Booked"
"APP-10C8CEA9884C","D4471","2026-04-21",43100,72,"Prime","Approved"
"APP-F9B897C09A4E","D4471","2026-04-21",40200,72,"Near_Prime","Approved"
"APP-FD273673A6F7","D4471","2026-04-21",34500,60,"Subprime","Booked"
"APP-8D63E4536775","D4471","2026-04-21",51600,84,"Near_Prime","Booked"
"APP-FDE82EB9E063","D4471","2026-04-21",45800,72,"Prime","Declined"
"APP-3FBE86B67C47","D4471","2026-04-21",51900,72,"Prime","Approved"
"APP-8090B404D825","D4471","2026-04-22",54300,60,"Prime","Booked"
"APP-F754A150E2DB","D4471","2026-04-22",42300,72,"Prime","Approved"
"APP-AC1968AB1156","D4471","2026-04-22",45500,72,"Prime","Approved"
"APP-4360D21E4C75","D4471","2026-04-22",42400,84,"Subprime","Declined"
"APP-0C570541B83F","D4471","2026-04-22",50500,84,"Prime","Booked"
"APP-AA980E9F9483","D4471","2026-04-22",35900,48,"Prime","Declined"
"APP-01B8B69A0B77","D4471","2026-04-22",34800,72,"Subprime","Declined"
"APP-4170FE9D099E","D4471","2026-04-22",43300,72,"Prime","Declined"
"APP-F29F09E14147","D4471","2026-04-22",42500,72,"Near_Prime","Booked"
"APP-F679F56E7AA8","D4471","2026-04-22",49600,60,"Prime","Booked"
"APP-43B5A508F543","D4471","2026-04-22",54600,72,"Prime","Approved"
"APP-CBB0A106A905","D4471","2026-04-23",41900,72,"Prime","Booked"
"APP-F8439905E536","D4471","2026-04-23",32500,72,"Subprime","Declined"
"APP-17934A3CD134","D4471","2026-04-23",40400,60,"Prime","Booked"
"APP-C74F36D8FC51","D4471","2026-04-23",38000,84,"Prime","Booked"
"APP-993F57980AD7","D4471","2026-04-23",48200,72,"Near_Prime","Booked"
"APP-9B9A18B584DE","D4471","2026-04-23",43700,72,"Subprime","Approved"
"APP-17767DA6FBC3","D4471","2026-04-23",43600,72,"Near_Prime","Approved"
"APP-44DFCBBF664E","D4471","2026-04-23",41600,72,"Prime","Declined"
"APP-3876C48043BA","D4471","2026-04-23",45600,72,"Prime","Booked"
"APP-74D4DDEA7D4A","D4471","2026-04-23",54000,84,"Prime","Booked"
"APP-D7815C549EF2","D4471","2026-04-23",42700,72,"Near_Prime","Booked"
"APP-885BBE2588DE","D4471","2026-04-24",48300,84,"Prime","Booked"
"APP-FF2C2BDFD628","D4471","2026-04-24",49600,84,"Prime","Booked"
"APP-4A49D0B98BB8","D4471","2026-04-24",36000,48,"Near_Prime","Declined"
"APP-D35C63E4BE98","D4471","2026-04-24",35700,72,"Prime","Declined"
"APP-A31DEB7AB84C","D4471","2026-04-24",37600,72,"Prime","Booked"
"APP-04C546A90687","D4471","2026-04-24",54200,84,"Prime","Declined"
"APP-35D2E60C67FE","D4471","2026-04-24",46400,72,"Subprime","Declined"
"APP-353C8087CCC0","D4471","2026-04-24",38000,84,"Prime","Declined"
"APP-29559C4316AA","D4471","2026-04-24",47600,84,"Prime","Booked"
"APP-567B903CA11D","D4471","2026-04-25",45900,84,"Prime","Approved"
"APP-C6A592AD69BC","D4471","2026-04-25",41300,84,"Near_Prime","Booked"
"APP-8728AC468D07","D4471","2026-04-25",38100,72,"Near_Prime","Booked"
"APP-90CAF1686A83","D4471","2026-04-25",49600,60,"Prime","Approved"
"APP-FA85521C28EC","D4471","2026-04-25",38600,72,"Subprime","Approved"
"APP-EE8112F9879F","D4471","2026-04-25",34600,72,"Prime","Declined"
"APP-14A056180F52","D4471","2026-04-26",45300,72,"Subprime","Approved"
"APP-9847218C9187","D4471","2026-04-26",51200,84,"Prime","Declined"
"APP-DAEA619AA99A","D4471","2026-04-26",45100,84,"Prime","Declined"
"APP-493E4BF8D80D","D4471","2026-04-26",40400,60,"Prime","Booked"
"APP-9BBF51CAF157","D4471","2026-04-26",28800,84,"Subprime","Declined"
"APP-B081F3FED84F","D4471","2026-04-27",43400,60,"Prime","Booked"
"APP-D94CFE3DEA70","D4471","2026-04-27",45100,72,"Prime","Declined"
"APP-BBD249EF594F","D4471","2026-04-27",41100,72,"Prime","Approved"
"APP-4B1EDDD00C98","D4471","2026-04-27",47300,60,"Prime","Approved"
"APP-EE44815C5F36","D4471","2026-04-27",39500,60,"Prime","Declined"
"APP-3006AA8A7B0E","D4471","2026-04-27",41300,72,"Prime","Declined"
"APP-1D05FF498942","D4471","2026-04-27",41300,72,"Near_Prime","Declined"
"APP-DF7D7C36231E","D4471","2026-04-28",38000,72,"Prime","Approved"
"APP-BCFF0AEA47AA","D4471","2026-04-28",47200,72,"Near_Prime","Approved"
"APP-9D8E8D948360","D4471","2026-04-28",34500,84,"Prime","Approved"
"APP-221F88948E33","D4471","2026-04-28",51200,60,"Near_Prime","Declined"
"APP-585624F6A4ED","D4471","2026-04-28",44400,72,"Prime","Declined"
"APP-F97897CDC44A","D4471","2026-04-28",39700,84,"Prime","Booked"
"APP-0BBDD2601A68","D4471","2026-04-28",40700,48,"Near_Prime","Approved"
"APP-0DA2F3F06CED","D4471","2026-04-28",37100,84,"Subprime","Booked"
"APP-CB6B3EF519F3","D4471","2026-04-28",50700,60,"Prime","Booked"
"APP-1BF062E6C216","D4471","2026-04-28",41900,72,"Subprime","Booked"
"APP-814850BA5EC3","D4471","2026-04-29",47300,60,"Prime","Declined"
"APP-BF1D801242BA","D4471","2026-04-29",49900,72,"Prime","Approved"
"APP-0BC6E3C55537","D4471","2026-04-29",45500,72,"Prime","Booked"
"APP-51DB653639BC","D4471","2026-04-29",44100,60,"Prime","Declined"
"APP-1BBB971A0245","D4471","2026-04-29",46000,48,"Prime","Approved"
"APP-5E87E2B16EA3","D4471","2026-04-29",49600,60,"Prime","Declined"
"APP-DCFD263080E6","D4471","2026-04-29",35500,84,"Prime","Declined"
"APP-0BCDDEDDA9C7","D4471","2026-04-29",38600,48,"Prime","Approved"
"APP-80A8A3F31373","D4471","2026-04-30",43300,60,"Prime","Declined"
"APP-70D7318DD8D4","D4471","2026-04-30",36200,84,"Prime","Booked"
"APP-B443944DC7E4","D4471","2026-04-30",44000,72,"Near_Prime","Booked"
"APP-E9C0DECAFE2F","D4471","2026-04-30",49900,84,"Prime","Approved"
"APP-FC5056498701","D4471","2026-04-30",42200,72,"Prime","Approved"
"APP-EC7DBF64D18B","D4471","2026-04-30",46900,72,"Prime","Declined"
"APP-92EA49678591","D4471","2026-04-30",46800,60,"Prime","Declined"
"APP-96848CC2570F","D4471","2026-04-30",40900,48,"Prime","Declined"
"APP-5FF8C6D5C559","D4471","2026-04-30",45800,84,"Prime","Booked"
"APP-1E0301FD5751","D4471","2026-04-30",37900,72,"Prime","Booked"
"APP-E23BD45FADF1","D4471","2026-05-01",34000,60,"Subprime","Declined"
"APP-50E21681E6DF","D4471","2026-05-01",41100,60,"Prime","Declined"
"APP-AD9CB7C1FF7A","D4471","2026-05-01",42500,84,"Near_Prime","Booked"
"APP-6044B80B0FD8","D4471","2026-05-01",32900,60,"Subprime","Booked"
"APP-8609509CA7DD","D4471","2026-05-01",48600,72,"Prime","Approved"
"APP-B0C85F83B9BB","D4471","2026-05-01",44300,60,"Prime","Declined"
"APP-868ABD68DA0E","D4471","2026-05-01",43700,72,"Prime","Booked"
"APP-69C46C5E3EB7","D4471","2026-05-01",41700,60,"Subprime","Booked"
"APP-7AABF8CB9A16","D4471","2026-05-01",49600,60,"Prime","Declined"
"APP-0C49F8B4A239","D4471","2026-05-01",33300,84,"Prime","Declined"
"APP-47D6FC223E21","D4471","2026-05-02",43000,72,"Subprime","Booked"
"APP-72C1FFBFA537","D4471","2026-05-02",40200,72,"Prime","Declined"
"APP-C7E0BAA99312","D4471","2026-05-02",48500,72,"Subprime","Approved"
"APP-A97A748B1EFC","D4471","2026-05-02",42300,72,"Prime","Booked"
"APP-64CF6CF00E4C","D4471","2026-05-02",39300,84,"Prime","Declined"
"APP-69BFA534878F","D4471","2026-05-03",53200,72,"Prime","Approved"
"APP-D669B3E5E2A8","D4471","2026-05-03",48500,84,"Prime","Declined"
"APP-C5BB57E56610","D4471","2026-05-03",35500,72,"Subprime","Declined"
"APP-DD954BF86E71","D4471","2026-05-03",47800,72,"Near_Prime","Declined"
"APP-69794F0C6CDB","D4471","2026-05-03",41300,72,"Prime","Declined"
"APP-73E8DC7C81D8","D4471","2026-05-03",41800,72,"Prime","Booked"
"APP-3A7DD3AA6FC3","D4471","2026-05-04",54900,72,"Near_Prime","Booked"
"APP-73D1A0806D15","D4471","2026-05-04",35400,72,"Near_Prime","Declined"
"APP-BC5E089853B9","D4471","2026-05-04",43100,48,"Prime","Approved"
"APP-9DABAE4F2114","D4471","2026-05-04",45100,60,"Prime","Declined"
"APP-53675AFC4247","D4471","2026-05-04",40300,48,"Prime","Approved"
"APP-AD82C8ECFC07","D4471","2026-05-04",41700,72,"Prime","Approved"
"APP-14F734CB1D93","D4471","2026-05-04",40900,60,"Prime","Declined"
"APP-22EC7AB25303","D4471","2026-05-04",38800,72,"Subprime","Approved"
"APP-2945D2689453","D4471","2026-05-05",33200,72,"Subprime","Approved"
"APP-E5A4BDD6D482","D4471","2026-05-05",31500,72,"Near_Prime","Booked"
"APP-65925D4C7977","D4471","2026-05-05",40400,48,"Prime","Booked"
"APP-75012F31A286","D4471","2026-05-05",40400,72,"Prime","Booked"
"APP-A3AC15436393","D4471","2026-05-05",57000,60,"Prime","Booked"
"APP-BC961A69C42B","D4471","2026-05-05",42600,84,"Subprime","Booked"
"APP-16B408A82E29","D4471","2026-05-05",46400,84,"Prime","Declined"
"APP-13B4B3D0513A","D4471","2026-05-05",47600,72,"Near_Prime","Booked"
"APP-72AF882FE80E","D4471","2026-05-05",39100,84,"Prime","Declined"
"APP-99D81B3F4BF7","D4471","2026-05-06",37800,84,"Subprime","Declined"
"APP-4AF89DC420EB","D4471","2026-05-06",40300,60,"Prime","Booked"
"APP-78E9CD9F1C74","D4471","2026-05-06",54800,72,"Prime","Approved"
"APP-3B0DE8460FAF","D4471","2026-05-06",52200,84,"Near_Prime","Booked"
"APP-AE3A2DFCDE09","D4471","2026-05-06",39300,72,"Prime","Declined"
"APP-E683B82246D9","D4471","2026-05-06",45600,48,"Prime","Declined"
"APP-31E2F5FBE77D","D4471","2026-05-06",40700,72,"Prime","Declined"
"APP-F21111E6BCB7","D4471","2026-05-06",49800,72,"Near_Prime","Declined"
"APP-13018CCC76F2","D4471","2026-05-07",49400,72,"Prime","Declined"
"APP-1C8827BFE323","D4471","2026-05-07",42700,84,"Prime","Declined"
"APP-5C2533349B03","D4471","2026-05-07",52600,72,"Prime","Approved"
"APP-1AF3B42922DE","D4471","2026-05-07",42600,60,"Near_Prime","Booked"
"APP-6038160C49A6","D4471","2026-05-07",38000,72,"Prime","Booked"
"APP-51DB37928829","D4471","2026-05-07",29700,72,"Prime","Declined"
"APP-ED6A655820CF","D4471","2026-05-07",47500,84,"Near_Prime","Approved"
"APP-B9E821C7984C","D4471","2026-05-07",43100,60,"Prime","Booked"
"APP-1E5E01D92B66","D4471","2026-05-07",41900,72,"Prime","Declined"
"APP-7108D113E44C","D4471","2026-05-07",43600,84,"Prime","Declined"
"APP-07FE6C2B43E8","D4471","2026-05-07",34000,84,"Subprime","Approved"
"APP-2C67278FA94D","D4471","2026-05-07",44400,84,"Prime","Approved"
"APP-C1002AE8B85A","D4471","2026-05-08",38300,60,"Prime","Declined"
"APP-3239BF8825C5","D4471","2026-05-08",50600,60,"Prime","Approved"
"APP-9A9941994238","D4471","2026-05-08",50800,48,"Prime","Approved"
"APP-05C04B783873","D4471","2026-05-08",42700,72,"Near_Prime","Declined"
"APP-9EC916D003A7","D4471","2026-05-08",47300,60,"Prime","Approved"
"APP-382A9D275A1F","D4471","2026-05-08",34900,60,"Near_Prime","Declined"
"APP-DF803340E593","D4471","2026-05-08",46100,60,"Prime","Declined"
"APP-AC54F10D6BC3","D4471","2026-05-08",42500,72,"Prime","Declined"
"APP-D8C53D5590BE","D4471","2026-05-08",35300,60,"Subprime","Declined"
"APP-2E653C243B0E","D4471","2026-05-09",48300,60,"Prime","Booked"
"APP-70ACEAC7A241","D4471","2026-05-09",29100,84,"Prime","Declined"
"APP-82B3BC9E9ABB","D4471","2026-05-09",41900,84,"Near_Prime","Booked"
"APP-13440D006CAC","D4471","2026-05-09",29500,72,"Prime","Declined"
"APP-32A63CA6123F","D4471","2026-05-10",33500,72,"Near_Prime","Booked"
"APP-CC840AC5C736","D4471","2026-05-10",37000,60,"Subprime","Booked"
"APP-00B90378BEAF","D4471","2026-05-10",40700,72,"Subprime","Booked"
"APP-CC7828212B91","D4471","2026-05-10",41500,84,"Subprime","Booked"
"APP-DBB0AC146A6B","D4471","2026-05-10",32300,60,"Prime","Declined"
"APP-CFF0FAEA6653","D4471","2026-05-11",30800,84,"Subprime","Declined"
"APP-2C321C589D62","D4471","2026-05-11",42600,72,"Subprime","Declined"
"APP-EAA0A01172FE","D4471","2026-05-11",47200,72,"Prime","Booked"
"APP-B3C32439EDC5","D4471","2026-05-11",45700,84,"Prime","Approved"
"APP-EDE8F4D2B769","D4471","2026-05-11",58500,72,"Prime","Declined"
"APP-4936126114B9","D4471","2026-05-11",41100,84,"Near_Prime","Booked"
"APP-5818B3C59B20","D4471","2026-05-11",36800,72,"Subprime","Declined"
"APP-0801A1E41A01","D4471","2026-05-11",37800,72,"Prime","Declined"
"APP-56D5A4C449F5","D4471","2026-05-11",35800,84,"Prime","Approved"
"APP-C5F898158486","D4471","2026-05-12",36300,84,"Prime","Declined"
"APP-B8300563CE06","D4471","2026-05-12",32200,60,"Subprime","Booked"
"APP-950450045A79","D4471","2026-05-12",33500,60,"Prime","Declined"
"APP-6D8A47F7EC48","D4471","2026-05-12",49200,84,"Near_Prime","Declined"
"APP-DCA4CDBFD8F3","D4471","2026-05-12",48600,72,"Near_Prime","Approved"
"APP-10E9772693DB","D4471","2026-05-12",44900,60,"Prime","Booked"
"APP-7F228C4E025A","D4471","2026-05-12",46100,60,"Prime","Declined"
"APP-3BEFDD0B35B4","D4471","2026-05-12",45500,84,"Near_Prime","Approved"
"APP-9D5D480641F1","D4471","2026-05-12",36300,72,"Prime","Booked"
"APP-EB6BFB910FFB","D4471","2026-05-13",48400,60,"Prime","Booked"
"APP-E72FCFE26A6D","D4471","2026-05-13",55500,84,"Prime","Approved"
"APP-28C57B2B7D0D","D4471","2026-05-13",40200,72,"Near_Prime","Declined"
"APP-9EDA4B4AAF88","D4471","2026-05-13",47300,72,"Prime","Declined"
"APP-1F8B0F385432","D4471","2026-05-13",45400,72,"Subprime","Declined"
"APP-219A527BCEEB","D4471","2026-05-13",49000,84,"Prime","Booked"
"APP-360ABE34E897","D4471","2026-05-13",38800,60,"Prime","Approved"
"APP-4953AA1790F0","D4471","2026-05-13",38300,72,"Subprime","Declined"
"APP-CA9A142FF86B","D4471","2026-05-13",37900,60,"Subprime","Approved"
"APP-37585C02D717","D4471","2026-05-14",33700,72,"Subprime","Booked"
"APP-3D43E3E6F40E","D4471","2026-05-14",45000,60,"Prime","Approved"
"APP-15947C39C2C9","D4471","2026-05-14",40700,72,"Subprime","Approved"
"APP-876D708B62DA","D4471","2026-05-14",49100,60,"Near_Prime","Approved"
"APP-769BA1B0F0B3","D4471","2026-05-14",50700,48,"Prime","Declined"
"APP-012ADA2E9BCE","D4471","2026-05-14",52100,72,"Prime","Approved"
"APP-3E53068B32F9","D4471","2026-05-14",47600,72,"Prime","Booked"
"APP-C00DC584E0FC","D4471","2026-05-14",55000,72,"Prime","Booked"
"APP-48DC89F4E4FE","D4471","2026-05-14",44000,72,"Prime","Approved"
"APP-26FD1BACFBA3","D4471","2026-05-14",41600,60,"Near_Prime","Declined"
"APP-A8283D44AC52","D4471","2026-05-14",48900,72,"Near_Prime","Declined"
"APP-08330C2F0B8C","D4471","2026-05-15",53700,72,"Prime","Declined"
"APP-D3E4B125420F","D4471","2026-05-15",49700,48,"Prime","Approved"
"APP-A4824011AC0E","D4471","2026-05-15",34200,48,"Subprime","Declined"
"APP-9104C68E9D5A","D4471","2026-05-15",35100,72,"Prime","Booked"
"APP-C710197F18E5","D4471","2026-05-15",40000,84,"Subprime","Booked"
"APP-197984DE1A26","D4471","2026-05-15",43500,84,"Prime","Booked"
"APP-8E503A85028C","D4471","2026-05-15",44400,60,"Prime","Approved"
"APP-D4BED12214BF","D4471","2026-05-15",34800,72,"Prime","Declined"
"APP-1B73FA2450AA","D4471","2026-05-15",46700,60,"Prime","Declined"
"APP-7564E21B5822","D4471","2026-05-15",44000,72,"Prime","Approved"
"APP-1C086CC823A7","D4471","2026-05-16",30300,72,"Subprime","Declined"
"APP-D39B1942E19A","D4471","2026-05-16",46700,84,"Prime","Booked"
"APP-736B4E93FD7D","D4471","2026-05-16",35900,60,"Subprime","Approved"
"APP-B617FFAD4C68","D4471","2026-05-16",51200,72,"Prime","Approved"
"APP-5B51B75A5D36","D4471","2026-05-16",43300,72,"Subprime","Declined"
"APP-4E852541FCC3","D4471","2026-05-16",44200,60,"Subprime","Booked"
"APP-814467BF69BE","D4471","2026-05-16",46500,60,"Prime","Declined"
"APP-457F82FB79F3","D4471","2026-05-17",39200,48,"Prime","Booked"
"APP-934C4A68C54B","D4471","2026-05-17",46200,72,"Prime","Approved"
"APP-06E34728C65C","D4471","2026-05-17",46400,60,"Near_Prime","Booked"
"APP-AC830E873C44","D4471","2026-05-17",49100,84,"Near_Prime","Declined"
"APP-C970FDE6CDAB","D4471","2026-05-17",44600,72,"Prime","Declined"
"APP-30CBF7F3E014","D4471","2026-05-17",35300,72,"Subprime","Approved"
"APP-AC94D2602920","D4471","2026-05-18",47700,84,"Prime","Approved"
"APP-F1ED009224EB","D4471","2026-05-18",44800,60,"Prime","Declined"
"APP-5582DBB30FDD","D4471","2026-05-18",36700,72,"Near_Prime","Approved"
"APP-F52E83CBD0A8","D4471","2026-05-18",55500,72,"Prime","Declined"
"APP-1AD8CC0A2C17","D4471","2026-05-18",39100,72,"Near_Prime","Approved"
"APP-A0C15F424C66","D4471","2026-05-18",44500,60,"Near_Prime","Declined"
"APP-28B33AE4B406","D4471","2026-05-18",36000,60,"Prime","Approved"
"APP-A71FF9B7C41D","D4471","2026-05-18",36800,72,"Near_Prime","Declined"
"APP-422FA6619F4C","D4471","2026-05-18",32100,84,"Near_Prime","Booked"
"APP-E98B8C3DC896","D4471","2026-05-18",51700,72,"Prime","Approved"
"APP-4B7FE9BF07A4","D4471","2026-05-18",30500,60,"Prime","Declined"
"APP-9EE4E7432C96","D4471","2026-05-18",47200,60,"Near_Prime","Booked"
"APP-D77DB27D54B0","D4471","2026-05-19",33500,84,"Subprime","Declined"
"APP-A3757AAA1704","D4471","2026-05-19",35800,72,"Prime","Approved"
"APP-3147082C2EDE","D4471","2026-05-19",35400,84,"Near_Prime","Booked"
"APP-52840D14EA35","D4471","2026-05-19",40000,84,"Prime","Declined"
"APP-4C0CD3B8E14A","D4471","2026-05-19",35100,72,"Subprime","Booked"
"APP-099E10D76663","D4471","2026-05-19",43500,84,"Near_Prime","Approved"
"APP-1294627B25B7","D4471","2026-05-19",32200,72,"Prime","Approved"
"APP-A402EB57EAE0","D4471","2026-05-19",48600,84,"Near_Prime","Booked"
"APP-BF6C5433CC97","D4471","2026-05-19",42600,48,"Near_Prime","Declined"
"APP-D24727FDF501","D4471","2026-05-19",36700,72,"Prime","Booked"
"APP-DD4ABC7730DF","D4471","2026-05-19",56900,72,"Prime","Booked"
"APP-EB61329B8030","D4471","2026-05-20",35400,60,"Subprime","Booked"
"APP-A7F4D0DA4017","D4471","2026-05-20",32300,72,"Subprime","Approved"
"APP-B836400D7910","D4471","2026-05-20",34700,72,"Prime","Booked"
"APP-E5253EF3547E","D4471","2026-05-20",41400,72,"Prime","Booked"
"APP-2108E5A5376E","D4471","2026-05-20",46900,84,"Prime","Booked"
"APP-81D4F2A4A7A6","D4471","2026-05-20",41500,72,"Prime","Declined"
"APP-24C43FB2B159","D4471","2026-05-20",47600,72,"Prime","Approved"
"APP-D88048B1F851","D4471","2026-05-20",40500,60,"Near_Prime","Declined"
"APP-91CD12C8CF4F","D4471","2026-05-20",40100,72,"Subprime","Approved"
"APP-4DE86D7AD75D","D4471","2026-05-20",37600,60,"Prime","Booked"
"APP-898F78F8865B","D4471","2026-05-20",42400,60,"Prime","Booked"
"APP-46C9AB7EAF32","D4471","2026-05-20",39400,60,"Prime","Declined"
"APP-21237B37317B","D4471","2026-05-21",41900,72,"Subprime","Approved"
"APP-214180797FC9","D4471","2026-05-21",42300,48,"Near_Prime","Declined"
"APP-22B48B16185C","D4471","2026-05-21",34100,48,"Prime","Declined"
"APP-DD8A96A99AE7","D4471","2026-05-21",50800,84,"Prime","Booked"
"APP-2268FDBEB4C6","D4471","2026-05-21",33700,60,"Subprime","Booked"
"APP-36438A66EDD9","D4471","2026-05-21",39900,72,"Prime","Declined"
"APP-B6B162AB731D","D4471","2026-05-21",49200,72,"Prime","Booked"
"APP-1FF269EFF384","D4471","2026-05-21",39300,72,"Near_Prime","Approved"
"APP-EA0A6C284E99","D4471","2026-05-21",48000,84,"Prime","Declined"
"APP-CDC7FF12CA12","D4471","2026-05-22",47600,60,"Prime","Approved"
"APP-6E61CA40DC14","D4471","2026-05-22",54700,72,"Prime","Declined"
"APP-5D5AEC3BF1F1","D4471","2026-05-22",38600,60,"Prime","Approved"
"APP-8FF0363E0295","D4471","2026-05-22",34800,72,"Subprime","Declined"
"APP-413C38DA274A","D4471","2026-05-22",48700,72,"Prime","Declined"
"APP-E83E0C999790","D4471","2026-05-22",43800,84,"Prime","Approved"
"APP-57F1BD6F226F","D4471","2026-05-22",45300,60,"Prime","Booked"
"APP-495DEF2E39FF","D4471","2026-05-22",40200,60,"Prime","Declined"
"APP-2C7445F74BDB","D4471","2026-05-22",38500,60,"Prime","Approved"
"APP-12955E211BF4","D4471","2026-05-22",54500,48,"Near_Prime","Booked"
"APP-8C492567339F","D4471","2026-05-22",44100,48,"Prime","Declined"
"APP-0CECFEAC8196","D4471","2026-05-23",50400,72,"Near_Prime","Declined"
"APP-8C231BEFD8B2","D4471","2026-05-23",43100,72,"Near_Prime","Declined"
"APP-6CADA67FD70F","D4471","2026-05-23",45200,48,"Subprime","Declined"
"APP-97A692B663A6","D4471","2026-05-23",43400,48,"Near_Prime","Declined"
"APP-AA6D634B745E","D4471","2026-05-24",46900,48,"Prime","Booked"
"APP-672A1DD991F0","D4471","2026-05-24",44300,72,"Near_Prime","Declined"
"APP-37CABEE3CDAA","D4471","2026-05-24",38100,72,"Prime","Approved"
"APP-AFFFA5C8CEED","D4471","2026-05-24",43800,48,"Prime","Declined"
"APP-DEEEFDFDEE6B","D4471","2026-05-25",45700,60,"Prime","Approved"
"APP-B85469981EAD","D4471","2026-05-25",31100,84,"Subprime","Booked"
"APP-D3EBD1B327C3","D4471","2026-05-25",45200,72,"Near_Prime","Booked"
"APP-D655EC17B423","D4471","2026-05-25",32200,60,"Subprime","Declined"
"APP-471E677D3A83","D4471","2026-05-25",39800,84,"Prime","Approved"
"APP-0CD05BF96AF1","D4471","2026-05-25",36400,84,"Subprime","Booked"
"APP-E7F1D7D830E0","D4471","2026-05-25",48700,84,"Prime","Booked"
"APP-93F607663417","D4471","2026-05-25",47900,72,"Subprime","Booked"
"APP-8DE6FA9F6A31","D4471","2026-05-25",55900,72,"Near_Prime","Approved"
"APP-1D04D711608C","D4471","2026-05-25",44300,72,"Prime","Approved"
"APP-9FC12F5350C7","D4471","2026-05-26",44300,72,"Prime","Approved"
"APP-294FB854595C","D4471","2026-05-26",43900,72,"Near_Prime","Declined"
"APP-25AE9718E55A","D4471","2026-05-26",38900,72,"Near_Prime","Declined"
"APP-A34C9FE2FC85","D4471","2026-05-26",38400,72,"Prime","Booked"
"APP-5B8B57EACC51","D4471","2026-05-26",32500,84,"Subprime","Declined"
"APP-CBCF67E5EC5C","D4471","2026-05-26",45200,84,"Prime","Declined"
"APP-480BBE9D031C","D4471","2026-05-26",46700,60,"Prime","Booked"
"APP-CDAE811C4939","D4471","2026-05-26",45200,84,"Near_Prime","Booked"
"APP-4865B2E111D0","D4471","2026-05-26",48700,72,"Prime","Approved"
"APP-0F05F128E6AD","D4471","2026-05-27",35500,72,"Prime","Booked"
"APP-3C7F82B0A4A0","D4471","2026-05-27",43200,84,"Prime","Booked"
"APP-7024A50C18BA","D4471","2026-05-27",52800,60,"Prime","Approved"
"APP-49B775F43B8E","D4471","2026-05-27",45300,72,"Near_Prime","Approved"
"APP-9322EC916E06","D4471","2026-05-27",49100,60,"Prime","Declined"
"APP-0DA582276DA2","D4471","2026-05-27",46200,84,"Prime","Approved"
"APP-3A4C4D5A4632","D4471","2026-05-27",52700,84,"Near_Prime","Booked"
"APP-E9ACEBB90B22","D4471","2026-05-27",35100,72,"Subprime","Declined"
"APP-18189F8BBFBF","D4471","2026-05-27",47600,72,"Near_Prime","Declined"
"APP-EEB4BEDE9A0F","D4471","2026-05-28",51400,60,"Near_Prime","Declined"
"APP-5A52E313B504","D4471","2026-05-28",39200,72,"Prime","Booked"
"APP-4BEB2E5DFBC3","D4471","2026-05-28",35700,72,"Subprime","Declined"
"APP-15F3EBEB0B4E","D4471","2026-05-28",38700,72,"Prime","Approved"
"APP-A48D9054889F","D4471","2026-05-28",40900,72,"Prime","Declined"
"APP-E6B2930E7778","D4471","2026-05-28",46300,72,"Subprime","Declined"
"APP-BCCEE9605014","D4471","2026-05-28",40100,48,"Prime","Booked"
"APP-B1932011D51B","D4471","2026-05-28",40400,60,"Subprime","Booked"
"APP-D692E0C2F2F6","D4471","2026-05-28",40900,72,"Subprime","Declined"
"APP-F73DC02C1E69","D4471","2026-05-28",39100,72,"Prime","Declined"
"APP-9CF8906B2EBE","D4471","2026-05-28",42100,60,"Near_Prime","Approved"
"APP-DE26A9517BCA","D4471","2026-05-29",52700,84,"Near_Prime","Declined"
"APP-4F59AAE6F40E","D4471","2026-05-29",42300,72,"Prime","Approved"
"APP-3C2D6A388DB8","D4471","2026-05-29",38900,72,"Subprime","Booked"
"APP-565436BB6313","D4471","2026-05-29",45500,72,"Prime","Booked"
"APP-F7E41B076B60","D4471","2026-05-29",43600,84,"Near_Prime","Booked"
"APP-E08FAD20B64E","D4471","2026-05-29",47300,72,"Near_Prime","Declined"
"APP-F34FAF7FFDCD","D4471","2026-05-29",44800,72,"Prime","Declined"
"APP-211A06BA3018","D4471","2026-05-29",45400,72,"Subprime","Booked"
"APP-88383A3C0872","D4471","2026-05-29",36000,48,"Prime","Approved"
"APP-23A72C31584A","D4471","2026-05-29",47400,72,"Near_Prime","Booked"
"APP-2E4C31262482","D4471","2026-05-29",43000,60,"Prime","Declined"
"APP-D59934D71EB4","D4471","2026-05-29",52600,48,"Prime","Declined"
"APP-736925599192","D4471","2026-05-30",44900,84,"Prime","Declined"
"APP-F4B23663A8CD","D4471","2026-05-30",34900,84,"Subprime","Booked"
"APP-C5CFB973E4C8","D4471","2026-05-30",46700,48,"Prime","Approved"
"APP-BDFA31E64888","D4471","2026-05-30",39300,48,"Prime","Declined"
"APP-E73F4ACFE44A","D4471","2026-05-30",33500,72,"Subprime","Booked"
"APP-C390B1DA7274","D4471","2026-05-31",44500,84,"Prime","Booked"
"APP-362C17155682","D4471","2026-05-31",34200,72,"Subprime","Declined"
"APP-73EB2C2AC8D2","D4471","2026-05-31",40200,84,"Prime","Declined"
"APP-9C108EB115F1","D4471","2026-05-31",46200,60,"Subprime","Declined"
"APP-F09306D68B5A","D4471","2026-05-31",32500,60,"Prime","Approved"
"APP-77A3BEBF8EC9","D4471","2026-05-31",37800,60,"Prime","Approved"
"APP-810FF575EDB2","D4471","2026-06-01",44100,84,"Near_Prime","Declined"
"APP-56C1C36DA916","D4471","2026-06-01",45200,72,"Prime","Approved"
"APP-8091B2DFEA35","D4471","2026-06-01",44400,72,"Subprime","Booked"
"APP-81A207C241D0","D4471","2026-06-01",52300,60,"Prime","Declined"
"APP-991396E837C7","D4471","2026-06-01",34500,72,"Prime","Declined"
"APP-2766387FCBD4","D4471","2026-06-01",48500,72,"Prime","Declined"
"APP-26347956118D","D4471","2026-06-01",36500,72,"Prime","Declined"
"APP-B4A20475D877","D4471","2026-06-01",40400,84,"Prime","Booked"
"APP-0025C930DE32","D4471","2026-06-02",49500,84,"Near_Prime","Booked"
"APP-F7C12E0CD40D","D4471","2026-06-02",38100,72,"Prime","Booked"
"APP-A5472C3467E8","D4471","2026-06-02",48800,48,"Prime","Booked"
"APP-70F1679D7D3C","D4471","2026-06-02",37100,72,"Prime","Declined"
"APP-F7A27D68B82B","D4471","2026-06-02",44100,72,"Prime","Declined"
"APP-C19881DC9EB1","D4471","2026-06-02",43000,72,"Prime","Approved"
"APP-3DB972C27575","D4471","2026-06-02",37600,48,"Prime","Declined"
"APP-B3268CE2C968","D4471","2026-06-02",58800,72,"Prime","Declined"
"APP-45AA2B212BCA","D4471","2026-06-02",40800,72,"Prime","Declined"
"APP-06908143B31E","D4471","2026-06-02",40100,60,"Near_Prime","Approved"
"APP-56CE4F8B0856","D4471","2026-06-02",34400,60,"Subprime","Booked"
"APP-6472A2B2C360","D4471","2026-06-03",35700,84,"Subprime","Declined"
"APP-1635E7F7C584","D4471","2026-06-03",49000,72,"Prime","Declined"
"APP-1B0CDE6A0F6E","D4471","2026-06-03",40300,72,"Prime","Booked"
"APP-D4423A82B00B","D4471","2026-06-03",37100,48,"Prime","Declined"
"APP-E2FA2FD01EF4","D4471","2026-06-03",46500,60,"Subprime","Approved"
"APP-BEF6BE5FBBF0","D4471","2026-06-03",45200,72,"Subprime","Booked"
"APP-A6AA13B1C380","D4471","2026-06-03",52400,60,"Prime","Approved"
"APP-44B1C42DD881","D4471","2026-06-03",41400,72,"Near_Prime","Booked"
"APP-3C11A2F2CACF","D4471","2026-06-03",38800,84,"Subprime","Booked"
"APP-E7A160022482","D4471","2026-06-03",38800,60,"Near_Prime","Approved"
"APP-73DF94D1FD9C","D4471","2026-06-04",44800,48,"Subprime","Approved"
"APP-DE261BBF2D1F","D4471","2026-06-04",40300,60,"Prime","Declined"
"APP-07D4A3A01831","D4471","2026-06-04",46200,84,"Prime","Booked"
"APP-EAAC21197CEF","D4471","2026-06-04",39300,72,"Subprime","Approved"
"APP-7B8498355349","D4471","2026-06-04",35700,84,"Subprime","Declined"
"APP-476181D59713","D4471","2026-06-04",39500,48,"Subprime","Declined"
"APP-B4A2F5F515A8","D4471","2026-06-04",49100,72,"Prime","Approved"
"APP-ABAA7D174239","D4471","2026-06-04",39900,72,"Prime","Approved"
"APP-81DFF4A7BA6B","D4471","2026-06-05",45600,60,"Near_Prime","Declined"
"APP-A6748DCDB631","D4471","2026-06-05",51700,60,"Near_Prime","Declined"
"APP-89444A10CD43","D4471","2026-06-05",48200,72,"Subprime","Approved"
"APP-ED595715DADA","D4471","2026-06-05",39200,48,"Near_Prime","Declined"
"APP-A9E8FE3D73F0","D4471","2026-06-05",42000,84,"Prime","Booked"
"APP-0A51636A2890","D4471","2026-06-05",44800,72,"Subprime","Approved"
"APP-C946CD86D905","D4471","2026-06-05",37500,84,"Prime","Booked"
"APP-44DAA3484723","D4471","2026-06-06",42300,72,"Prime","Booked"
"APP-FEAC5D105675","D4471","2026-06-06",54400,72,"Prime","Approved"
"APP-EEF3E54AF461","D4471","2026-06-06",47600,72,"Prime","Booked"
"APP-A6BF874CC410","D4471","2026-06-06",30800,72,"Near_Prime","Declined"
"APP-31565261EC54","D4471","2026-06-06",34700,60,"Subprime","Booked"
"APP-A52F80BFC3B7","D4471","2026-06-07",40600,60,"Subprime","Declined"
"APP-2E7B041F22B6","D4471","2026-06-07",47800,72,"Near_Prime","Declined"
"APP-1C719D679EB7","D4471","2026-06-07",48900,72,"Prime","Declined"
"APP-5FF07F94A5B1","D4471","2026-06-07",38800,72,"Near_Prime","Approved"
"APP-AAE461A5017A","D4471","2026-06-07",55000,48,"Prime","Declined"
"APP-9CA60485CB26","D4471","2026-06-08",40700,72,"Near_Prime","Approved"
"APP-DB971BAA3813","D4471","2026-06-08",36900,72,"Prime","Approved"
"APP-F1E7373B6F32","D4471","2026-06-08",32200,72,"Prime","Approved"
"APP-7BDD18921684","D4471","2026-06-08",43000,60,"Prime","Approved"
"APP-31B2BAFAD90B","D4471","2026-06-08",31000,60,"Near_Prime","Approved"
"APP-290581480B21","D4471","2026-06-08",42700,60,"Prime","Booked"
"APP-B54F6661D4A7","D4471","2026-06-08",44500,60,"Prime","Booked"
"APP-1CA687C66D14","D4471","2026-06-08",36600,72,"Subprime","Declined"
"APP-A7116A0EA1BD","D4471","2026-06-08",46000,60,"Prime","Booked"
"APP-2AC756C0249F","D4471","2026-06-08",46600,72,"Prime","Declined"
"APP-D68EF61C501F","D4471","2026-06-08",36900,60,"Prime","Booked"
"APP-C2502662FB17","D4471","2026-06-09",38800,84,"Subprime","Booked"
"APP-0347F1BCBEA9","D4471","2026-06-09",38600,72,"Prime","Booked"
"APP-7E2CC9705D68","D4471","2026-06-09",36800,72,"Near_Prime","Declined"
"APP-5C67F6F5A2A9","D4471","2026-06-09",43600,72,"Prime","Approved"
"APP-5F5A862DA2BB","D4471","2026-06-09",54600,60,"Prime","Declined"
"APP-2A4724FC2549","D4471","2026-06-09",41000,48,"Near_Prime","Declined"
"APP-30F44BA1F17F","D4471","2026-06-09",52900,72,"Prime","Approved"
"APP-D9360C1ABCDA","D4471","2026-06-09",41000,60,"Subprime","Declined"
"APP-F66062BE4D6C","D4471","2026-06-10",43000,72,"Prime","Declined"
"APP-BEF06DE134B5","D4471","2026-06-10",36100,72,"Prime","Booked"
"APP-CBC941BAA61D","D4471","2026-06-10",52300,60,"Prime","Approved"
"APP-6E56221654AF","D4471","2026-06-10",47200,60,"Prime","Approved"
"APP-7594847FEA35","D4471","2026-06-10",32400,72,"Subprime","Declined"
"APP-5FE469741C64","D4471","2026-06-10",48700,72,"Prime","Approved"
"APP-C7950D18FD9D","D4471","2026-06-10",49800,84,"Prime","Declined"
"APP-FE374C2C387F","D4471","2026-06-10",42400,72,"Prime","Booked"
"APP-A23937CDEBBE","D4471","2026-06-10",44700,60,"Prime","Booked"
"APP-732A55B247AA","D4471","2026-06-10",41500,84,"Near_Prime","Booked"
"APP-67982495BE07","D4471","2026-06-10",35600,60,"Prime","Booked"
"APP-27E293655F28","D4471","2026-06-11",26700,72,"Near_Prime","Approved"
"APP-FAA89D97056A","D4471","2026-06-11",48700,84,"Prime","Declined"
"APP-BD7FEB3A4E8E","D4471","2026-06-11",41100,72,"Prime","Booked"
"APP-48EF43E64A61","D4471","2026-06-11",42200,60,"Prime","Booked"
"APP-EC28A6B246CB","D4471","2026-06-11",34900,72,"Near_Prime","Declined"
"APP-42BA35E76E58","D4471","2026-06-11",34400,48,"Prime","Approved"
"APP-F95983D8E24C","D4471","2026-06-11",49900,72,"Near_Prime","Booked"
"APP-1D356AE76EE4","D4471","2026-06-11",35200,72,"Subprime","Approved"
"APP-83C5CEBEB89E","D4471","2026-06-11",58200,84,"Prime","Approved"
"APP-FEDC60B7C84D","D4471","2026-06-11",27400,72,"Near_Prime","Declined"
"APP-94E3AF6CB579","D4471","2026-06-11",53200,72,"Prime","Declined"
"APP-EB2725F5A4FA","D4471","2026-06-11",48000,72,"Subprime","Declined"
"APP-5EE93BFEC935","D4471","2026-06-12",41500,72,"Subprime","Approved"
"APP-C3E8D009E559","D4471","2026-06-12",45600,72,"Prime","Booked"
"APP-E75051554F36","D4471","2026-06-12",43200,72,"Prime","Approved"
"APP-6DCF5BB1159D","D4471","2026-06-12",44200,72,"Subprime","Approved"
"APP-890884F1ED5B","D4471","2026-06-12",44000,72,"Subprime","Approved"
"APP-B0C8290DB1A9","D4471","2026-06-12",54800,84,"Prime","Booked"
"APP-6ACC85B6D298","D4471","2026-06-12",45400,84,"Near_Prime","Approved"
"APP-A115123C891C","D4471","2026-06-12",38400,72,"Prime","Booked"
"APP-28113B38327E","D4471","2026-06-12",39200,72,"Prime","Declined"
"APP-7E18703EBEB0","D4471","2026-06-12",44700,60,"Prime","Declined"
"APP-E2F6815CD252","D4471","2026-06-12",36300,60,"Subprime","Approved"
"APP-7E802281731C","D4471","2026-06-13",40100,60,"Near_Prime","Approved"
"APP-FF9C4F19D9BD","D4471","2026-06-13",50500,60,"Near_Prime","Approved"
"APP-43EE8B7FDB55","D4471","2026-06-13",44400,84,"Prime","Approved"
"APP-594868F52E93","D4471","2026-06-13",51800,60,"Prime","Approved"
"APP-C34174921EE4","D4471","2026-06-14",47400,60,"Prime","Declined"
"APP-C5A2938632AD","D4471","2026-06-14",29600,72,"Subprime","Approved"
"APP-2568B575A4F0","D4471","2026-06-14",37300,72,"Subprime","Approved"
"APP-446BECB2F80D","D4471","2026-06-14",49400,72,"Prime","Approved"
"APP-08F5BBA0D3A1","D4471","2026-06-15",37100,60,"Subprime","Booked"
"APP-26B54CB17AB0","D4471","2026-06-15",44700,72,"Prime","Approved"
"APP-EF0BD643F9FF","D4471","2026-06-15",47100,48,"Prime","Booked"
"APP-C74C8D8204C6","D4471","2026-06-15",46900,84,"Near_Prime","Declined"
"APP-F324CAA98D38","D4471","2026-06-15",45300,48,"Prime","Booked"
"APP-7C262782DD95","D4471","2026-06-15",50500,60,"Prime","Approved"
"APP-B36E3F8BBEB4","D4471","2026-06-15",43100,72,"Near_Prime","Booked"
"APP-006AD5963C0A","D4471","2026-06-15",45300,60,"Subprime","Booked"
"APP-C47FA7F567EF","D4471","2026-06-15",40900,84,"Near_Prime","Booked"
"APP-A2C6BDF257DA","D4471","2026-06-16",46300,72,"Prime","Approved"
"APP-E2E99CB4F1DF","D4471","2026-06-16",52100,84,"Prime","Approved"
"APP-7E57F189188D","D4471","2026-06-16",42800,84,"Near_Prime","Declined"
"APP-3EABD78FAEA9","D4471","2026-06-16",42900,84,"Near_Prime","Declined"
"APP-65DCF6D62AAD","D4471","2026-06-16",52400,60,"Prime","Booked"
"APP-35993232D740","D4471","2026-06-16",42900,48,"Subprime","Booked"
"APP-C61C4E861B7F","D4471","2026-06-16",37500,72,"Subprime","Booked"
"APP-FAD67717B78A","D4471","2026-06-16",40600,72,"Near_Prime","Declined"
"APP-F73D01C1A370","D4471","2026-06-16",46100,72,"Prime","Declined"
"APP-9CF71EE40E51","D4471","2026-06-16",33100,48,"Subprime","Declined"
"APP-ED39F145B2CA","D4471","2026-06-16",39200,84,"Prime","Booked"
"APP-779870C877D5","D4471","2026-06-17",45100,72,"Subprime","Declined"
"APP-9676A3E3B3D4","D4471","2026-06-17",34600,60,"Subprime","Approved"
"APP-72B13A564840","D4471","2026-06-17",45700,72,"Prime","Approved"
"APP-6D45447E4A8C","D4471","2026-06-17",46000,72,"Prime","Declined"
"APP-A08E75E60B7E","D4471","2026-06-17",44400,72,"Subprime","Approved"
"APP-ADBF9B129EE7","D4471","2026-06-17",48700,72,"Prime","Booked"
"APP-D289E158E128","D4471","2026-06-17",47900,84,"Near_Prime","Approved"
"APP-73FBB3CD823C","D4471","2026-06-17",34700,72,"Prime","Approved"
"APP-8758FF979B43","D4471","2026-06-17",40700,60,"Near_Prime","Booked"
"APP-CF58470096F0","D4471","2026-06-18",37700,48,"Prime","Approved"
"APP-B0526A3A742F","D4471","2026-06-18",34100,72,"Near_Prime","Declined"
"APP-6B522ECDAB04","D4471","2026-06-18",51200,48,"Prime","Approved"
"APP-77D033BA9C13","D4471","2026-06-18",36500,72,"Near_Prime","Declined"
"APP-E79275D9D18F","D4471","2026-06-18",48500,48,"Prime","Declined"
"APP-9557B4503BC9","D4471","2026-06-18",44600,72,"Near_Prime","Declined"
"APP-A9F3C7C97FB5","D4471","2026-06-18",43500,84,"Near_Prime","Booked"
"APP-86AAFD758F9F","D4471","2026-06-18",40600,72,"Subprime","Approved"
"APP-474A89D031DD","D4471","2026-06-19",49200,72,"Prime","Declined"
"APP-6BC0A42FFE9F","D4471","2026-06-19",56800,72,"Prime","Declined"
"APP-E75368B489F7","D4471","2026-06-19",35200,84,"Subprime","Declined"
"APP-524B42CA130A","D4471","2026-06-19",46000,72,"Subprime","Declined"
"APP-26DA0E0E6C2D","D4471","2026-06-19",34300,60,"Near_Prime","Approved"
"APP-3BD43540A2C8","D4471","2026-06-19",36800,60,"Near_Prime","Approved"
"APP-3B97A423A971","D4471","2026-06-19",45800,72,"Prime","Booked"
"APP-746A1F7FA831","D4471","2026-06-19",48100,60,"Prime","Approved"
"APP-76EFB40603B5","D4471","2026-06-19",37100,48,"Near_Prime","Declined"
"APP-1A9132A52EF3","D4471","2026-06-20",30800,72,"Near_Prime","Declined"
"APP-3C4221CF75EA","D4471","2026-06-20",40100,84,"Prime","Declined"
"APP-E08BEABE95AE","D4471","2026-06-20",23500,72,"Prime","Declined"
"APP-722EE285CC17","D4471","2026-06-20",43900,72,"Prime","Approved"
"APP-D1FF9E0F65AF","D4471","2026-06-20",37400,72,"Prime","Approved"
"APP-49A77A2BB048","D4471","2026-06-21",41600,60,"Near_Prime","Declined"
"APP-D55E7778DE9E","D4471","2026-06-21",41000,60,"Prime","Approved"
"APP-922E6A229CFE","D4471","2026-06-21",43600,72,"Subprime","Declined"
"APP-BA618FAD62DF","D4471","2026-06-21",34000,84,"Subprime","Declined"
"APP-54FD632093EC","D4471","2026-06-21",52300,84,"Prime","Declined"
"APP-9F0B5D2F63A5","D4471","2026-06-21",47300,84,"Prime","Approved"
"APP-C8EDB95F6700","D4471","2026-06-22",39100,48,"Subprime","Declined"
"APP-205ABF944D81","D4471","2026-06-22",49300,60,"Prime","Approved"
"APP-B7FCF18E9E4A","D4471","2026-06-22",54100,84,"Prime","Approved"
"APP-04649BCFC0B9","D4471","2026-06-22",34400,72,"Subprime","Booked"
"APP-25B59E691020","D4471","2026-06-22",45700,72,"Prime","Booked"
"APP-135E73190593","D4471","2026-06-22",46200,72,"Prime","Approved"
"APP-462B6603398D","D4471","2026-06-22",38000,48,"Prime","Booked"
"APP-E4525C94A88E","D4471","2026-06-22",40200,84,"Subprime","Approved"
"APP-B1250A7FF77F","D4471","2026-06-23",31900,60,"Subprime","Approved"
"APP-89D35A888942","D4471","2026-06-23",38000,60,"Subprime","Approved"
"APP-A73E0BF02ADF","D4471","2026-06-23",42400,84,"Subprime","Booked"
"APP-167AF4291F4A","D4471","2026-06-23",46200,72,"Prime","Declined"
"APP-F742FDF3AF86","D4471","2026-06-23",55700,84,"Prime","Declined"
"APP-94D6042C3920","D4471","2026-06-23",44500,72,"Near_Prime","Approved"
"APP-0B313A0E4F3B","D4471","2026-06-23",48700,48,"Prime","Declined"
"APP-D40A3589FF59","D4471","2026-06-23",41700,60,"Prime","Declined"
"APP-113D03106664","D4471","2026-06-24",35000,84,"Near_Prime","Approved"
"APP-8F28A311BE35","D4471","2026-06-24",49500,60,"Subprime","Declined"
"APP-D6DB34BFCF38","D4471","2026-06-24",38000,48,"Prime","Declined"
"APP-D6072AC96F4A","D4471","2026-06-24",32500,84,"Prime","Declined"
"APP-92C61579E9F3","D4471","2026-06-24",36600,84,"Subprime","Booked"
"APP-CF897586A937","D4471","2026-06-24",31000,84,"Subprime","Approved"
"APP-F92E5EB473AF","D4471","2026-06-24",37500,72,"Subprime","Booked"
"APP-FD140D495DC4","D4471","2026-06-24",45200,60,"Prime","Declined"
"APP-171F16158D12","D4471","2026-06-24",29800,60,"Prime","Booked"
"APP-3C04D78A715D","D4471","2026-06-24",44900,72,"Near_Prime","Booked"
"APP-BD5CA94CEFE4","D4471","2026-06-25",41900,60,"Prime","Booked"
"APP-A74E8ADFB0A8","D4471","2026-06-25",34700,48,"Subprime","Declined"
"APP-20960485132A","D4471","2026-06-25",41600,48,"Prime","Approved"
"APP-5CE5B20619C2","D4471","2026-06-25",35400,72,"Subprime","Declined"
"APP-013135B053DB","D4471","2026-06-25",54600,60,"Prime","Declined"
"APP-CD07256DCB87","D4471","2026-06-25",35400,72,"Prime","Declined"
"APP-86E665D14C1B","D4471","2026-06-25",50500,84,"Near_Prime","Booked"
"APP-B813AC53C3B7","D4471","2026-06-25",41900,72,"Subprime","Declined"
"APP-0D26A6368F5D","D4471","2026-06-25",42100,60,"Prime","Declined"
"APP-AA4A5A24A6A4","D4471","2026-06-25",43800,48,"Prime","Booked"
"APP-8AA794CC39F9","D1006","2026-03-28",52700,60,"Prime","Booked"
"APP-F3DB33E1EBEA","D1006","2026-03-28",43300,84,"Near_Prime","Booked"
"APP-8C074A9A6701","D1006","2026-03-29",52100,60,"Near_Prime","Declined"
"APP-41035C645192","D1006","2026-03-29",49000,72,"Prime","Booked"
"APP-929158D5CE80","D1006","2026-03-30",44400,72,"Near_Prime","Declined"
"APP-6F52E7558655","D1006","2026-03-30",54300,84,"Prime","Booked"
"APP-9C97705DA253","D1006","2026-03-30",38200,72,"Subprime","Booked"
"APP-506BA2F43979","D1006","2026-03-30",49900,84,"Near_Prime","Booked"
"APP-546AD555C78D","D1006","2026-03-31",67500,84,"Prime","Declined"
"APP-DFE622DCBBD7","D1006","2026-03-31",46800,72,"Prime","Booked"
"APP-7D75EA71F15B","D1006","2026-03-31",51500,72,"Prime","Declined"
"APP-A4D56C6760E2","D1006","2026-03-31",50800,72,"Prime","Booked"
"APP-8E6229574790","D1006","2026-03-31",58500,72,"Near_Prime","Approved"
"APP-0991CD24225F","D1006","2026-04-01",52700,72,"Near_Prime","Approved"
"APP-DFFA55A9F33A","D1006","2026-04-01",49100,84,"Prime","Approved"
"APP-236B3A6C9067","D1006","2026-04-01",56900,48,"Prime","Booked"
"APP-FC2B00F865ED","D1006","2026-04-01",33000,60,"Subprime","Booked"
"APP-911620539C9D","D1006","2026-04-01",41100,72,"Subprime","Declined"
"APP-F67B9B20BADD","D1006","2026-04-02",58500,84,"Prime","Approved"
"APP-7A2994CDE04E","D1006","2026-04-02",28700,72,"Near_Prime","Booked"
"APP-1481654E1395","D1006","2026-04-02",36000,72,"Prime","Booked"
"APP-F196DE2816CA","D1006","2026-04-02",52700,60,"Near_Prime","Booked"
"APP-296A81ED4B7C","D1006","2026-04-03",52200,60,"Near_Prime","Declined"
"APP-0B94F0D1A058","D1006","2026-04-03",46900,60,"Subprime","Booked"
"APP-C6737A3A7723","D1006","2026-04-03",45200,72,"Near_Prime","Approved"
"APP-B982E54C3618","D1006","2026-04-03",54400,72,"Prime","Declined"
"APP-E3EC90357AD6","D1006","2026-04-04",54600,60,"Prime","Declined"
"APP-4EC5E683E483","D1006","2026-04-04",49800,60,"Prime","Declined"
"APP-2478C544C56C","D1006","2026-04-05",56000,72,"Prime","Declined"
"APP-1CF3285CBAF5","D1006","2026-04-05",53000,60,"Near_Prime","Booked"
"APP-BC6D22DABAE3","D1006","2026-04-06",60000,60,"Prime","Booked"
"APP-8EB0D6771C5A","D1006","2026-04-06",64100,60,"Prime","Declined"
"APP-AB41503E9719","D1006","2026-04-06",47600,48,"Prime","Declined"
"APP-8CADA606FC72","D1006","2026-04-06",56600,60,"Prime","Booked"
"APP-34B1DF88B34C","D1006","2026-04-07",62200,60,"Prime","Approved"
"APP-F310DE749DE0","D1006","2026-04-07",51200,72,"Prime","Approved"
"APP-888758EB7E2E","D1006","2026-04-07",40400,60,"Prime","Approved"
"APP-82F5402F13BF","D1006","2026-04-07",37600,72,"Near_Prime","Approved"
"APP-D5748E678F6A","D1006","2026-04-07",50000,84,"Subprime","Booked"
"APP-FAB34B6E5AFE","D1006","2026-04-08",51800,72,"Prime","Booked"
"APP-0C4706E04111","D1006","2026-04-08",57400,84,"Prime","Booked"
"APP-02CC3F788FB6","D1006","2026-04-08",57000,84,"Prime","Approved"
"APP-FD7A0A62B813","D1006","2026-04-08",46700,72,"Prime","Booked"
"APP-5773EC6A79C6","D1006","2026-04-08",64600,72,"Prime","Booked"
"APP-904619109795","D1006","2026-04-09",38900,84,"Prime","Approved"
"APP-7E8628F34C7E","D1006","2026-04-09",51500,72,"Prime","Booked"
"APP-C97E13A67923","D1006","2026-04-09",48500,84,"Prime","Declined"
"APP-BF3C4E57E732","D1006","2026-04-09",46800,72,"Near_Prime","Booked"
"APP-939563D1C1A0","D1006","2026-04-10",42200,48,"Prime","Approved"
"APP-8181D4244EF0","D1006","2026-04-10",38000,72,"Subprime","Declined"
"APP-6EF642D4AAD5","D1006","2026-04-10",42900,72,"Subprime","Booked"
"APP-8CD0D71B3722","D1006","2026-04-10",54400,60,"Prime","Declined"
"APP-068FF46E69C2","D1006","2026-04-10",51200,84,"Prime","Booked"
"APP-876BFA73E242","D1006","2026-04-11",42900,72,"Prime","Booked"
"APP-08D2326CDC4C","D1006","2026-04-11",41400,84,"Prime","Booked"
"APP-BCE6E7C952DD","D1006","2026-04-11",54500,72,"Prime","Approved"
"APP-81689E5B5C7B","D1006","2026-04-12",35600,60,"Prime","Booked"
"APP-E80228005AF1","D1006","2026-04-12",45100,84,"Prime","Declined"
"APP-126BE155AA81","D1006","2026-04-13",54000,60,"Near_Prime","Booked"
"APP-2F68EEE4FA8A","D1006","2026-04-13",49700,60,"Subprime","Booked"
"APP-76156D590F2D","D1006","2026-04-13",50000,72,"Prime","Booked"
"APP-1930CAF22C62","D1006","2026-04-13",56600,72,"Prime","Booked"
"APP-9D865C56FED4","D1006","2026-04-14",42100,60,"Prime","Declined"
"APP-88D6A35339AF","D1006","2026-04-14",44300,72,"Near_Prime","Approved"
"APP-EF6256722C19","D1006","2026-04-14",44100,84,"Prime","Booked"
"APP-34744DA46CAE","D1006","2026-04-14",33600,84,"Subprime","Declined"
"APP-B168119AF65D","D1006","2026-04-15",53000,72,"Prime","Approved"
"APP-644D234DFA0D","D1006","2026-04-15",52300,60,"Prime","Approved"
"APP-60CAE3243FDB","D1006","2026-04-15",53000,72,"Near_Prime","Booked"
"APP-A778409D1263","D1006","2026-04-15",44600,60,"Subprime","Declined"
"APP-3D832864F5D0","D1006","2026-04-16",52900,60,"Prime","Declined"
"APP-70C46214050F","D1006","2026-04-16",58400,84,"Prime","Booked"
"APP-61187435F35F","D1006","2026-04-16",56000,72,"Prime","Booked"
"APP-DC3D19004814","D1006","2026-04-16",47500,72,"Prime","Booked"
"APP-688CA3AC4E60","D1006","2026-04-16",50000,84,"Near_Prime","Approved"
"APP-EFCBBD3D55B6","D1006","2026-04-17",44200,84,"Prime","Declined"
"APP-9DA3BC1BE4BA","D1006","2026-04-17",57600,72,"Near_Prime","Declined"
"APP-7662C2DAB063","D1006","2026-04-17",49500,48,"Prime","Declined"
"APP-771A2CFE23CA","D1006","2026-04-17",49000,72,"Prime","Booked"
"APP-834629F81CD5","D1006","2026-04-18",48300,72,"Prime","Declined"
"APP-C5A236B1B113","D1006","2026-04-18",50000,72,"Prime","Approved"
"APP-28F0F45D26D0","D1006","2026-04-19",41100,60,"Near_Prime","Booked"
"APP-DB4D463ABDB6","D1006","2026-04-19",42000,84,"Prime","Declined"
"APP-5FDBAB2A5299","D1006","2026-04-19",48600,84,"Prime","Booked"
"APP-ABDCFBC2AB3D","D1006","2026-04-20",34400,72,"Prime","Booked"
"APP-17AC9C7A57BE","D1006","2026-04-20",50400,60,"Subprime","Approved"
"APP-8278D9CD440C","D1006","2026-04-20",44000,84,"Prime","Approved"
"APP-51DC0761F6B2","D1006","2026-04-20",40800,72,"Subprime","Declined"
"APP-ED7B1756185C","D1006","2026-04-21",42100,48,"Subprime","Declined"
"APP-445A3EF63234","D1006","2026-04-21",59500,48,"Prime","Booked"
"APP-5AC0489411F0","D1006","2026-04-21",43800,72,"Near_Prime","Approved"
"APP-C3C28812A41E","D1006","2026-04-21",58100,60,"Prime","Declined"
"APP-7FB04F138628","D1006","2026-04-21",45500,84,"Prime","Approved"
"APP-0F95061C3B60","D1006","2026-04-22",38000,72,"Subprime","Booked"
"APP-B9CA8787A8A1","D1006","2026-04-22",50700,60,"Prime","Declined"
"APP-6129FCB5C8B7","D1006","2026-04-22",48800,60,"Near_Prime","Booked"
"APP-A5F35736BC1E","D1006","2026-04-22",50100,72,"Prime","Declined"
"APP-DCEEFF86067E","D1006","2026-04-22",60700,72,"Prime","Booked"
"APP-57A9A16A3FA8","D1006","2026-04-23",49100,84,"Prime","Approved"
"APP-379AAFA3E342","D1006","2026-04-23",46900,72,"Prime","Approved"
"APP-CD581B3B4345","D1006","2026-04-23",52100,84,"Prime","Booked"
"APP-0F32BCF2E63A","D1006","2026-04-23",41800,72,"Subprime","Declined"
"APP-5FEA438BF0EA","D1006","2026-04-24",47200,72,"Prime","Declined"
"APP-D03A59C452A7","D1006","2026-04-24",44200,84,"Prime","Approved"
"APP-E5A8410F3229","D1006","2026-04-24",60900,84,"Prime","Declined"
"APP-38D21921BBEF","D1006","2026-04-24",58800,60,"Near_Prime","Declined"
"APP-C217743DAA10","D1006","2026-04-24",50400,72,"Prime","Declined"
"APP-1D33C454D0DB","D1006","2026-04-25",48100,72,"Subprime","Approved"
"APP-08980D8341EF","D1006","2026-04-25",37400,72,"Near_Prime","Declined"
"APP-B2F982869BAA","D1006","2026-04-26",50900,60,"Prime","Declined"
"APP-6F865CD2268E","D1006","2026-04-26",35100,72,"Subprime","Approved"
"APP-456527279A5A","D1006","2026-04-27",45200,72,"Prime","Booked"
"APP-A0CC31EF49A6","D1006","2026-04-27",52700,72,"Near_Prime","Booked"
"APP-A6D0D61308D8","D1006","2026-04-27",37800,72,"Subprime","Booked"
"APP-090ABF3CD658","D1006","2026-04-27",51000,72,"Near_Prime","Approved"
"APP-CF0777B875B0","D1006","2026-04-28",41700,84,"Prime","Booked"
"APP-55B3C94169CC","D1006","2026-04-28",50600,84,"Prime","Declined"
"APP-C87DF2DCAFEF","D1006","2026-04-28",53400,60,"Prime","Booked"
"APP-13D2AC6E20E2","D1006","2026-04-28",51900,72,"Prime","Declined"
"APP-93FEA7EBB1A9","D1006","2026-04-28",33700,72,"Subprime","Declined"
"APP-982D93953FB2","D1006","2026-04-29",48100,72,"Prime","Approved"
"APP-411FFC05B1AF","D1006","2026-04-29",45300,60,"Prime","Approved"
"APP-A5C4D46C53D0","D1006","2026-04-29",40500,84,"Prime","Booked"
"APP-59A90BB0F3C9","D1006","2026-04-29",31200,60,"Prime","Approved"
"APP-1BBB98AAB272","D1006","2026-04-30",48100,72,"Prime","Booked"
"APP-907CD6CB516F","D1006","2026-04-30",41100,72,"Prime","Booked"
"APP-B782E7192255","D1006","2026-04-30",60200,60,"Prime","Approved"
"APP-47B18622F6F8","D1006","2026-04-30",47700,48,"Prime","Declined"
"APP-2202BA999CB2","D1006","2026-05-01",67900,60,"Prime","Booked"
"APP-BA3F733CE20F","D1006","2026-05-01",51500,60,"Prime","Declined"
"APP-72CAE6B87695","D1006","2026-05-01",42800,72,"Prime","Approved"
"APP-E7A3D18FE96B","D1006","2026-05-01",45000,72,"Near_Prime","Approved"
"APP-3B17F5D3F52C","D1006","2026-05-02",39000,84,"Prime","Approved"
"APP-0B73204DBB45","D1006","2026-05-02",55300,72,"Prime","Approved"
"APP-8E747F343D37","D1006","2026-05-03",43100,72,"Subprime","Booked"
"APP-86DE5DEB602E","D1006","2026-05-03",48200,84,"Prime","Booked"
"APP-29E7B8F13E9A","D1006","2026-05-04",47800,72,"Prime","Declined"
"APP-AD36E98B5095","D1006","2026-05-04",47300,60,"Prime","Booked"
"APP-A458E7BD1FC9","D1006","2026-05-04",39600,72,"Subprime","Booked"
"APP-64DB6933A221","D1006","2026-05-04",45900,60,"Prime","Booked"
"APP-51AE61BD91D6","D1006","2026-05-04",50500,72,"Near_Prime","Approved"
"APP-6A047365FB97","D1006","2026-05-05",44800,72,"Prime","Approved"
"APP-146E351BF9B3","D1006","2026-05-05",47800,60,"Prime","Declined"
"APP-A61AB5FECA36","D1006","2026-05-05",57900,84,"Prime","Declined"
"APP-C46745A4E33D","D1006","2026-05-05",40800,72,"Subprime","Booked"
"APP-5E9633B8CEA0","D1006","2026-05-06",37600,60,"Subprime","Booked"
"APP-FBFCA4A873E5","D1006","2026-05-06",53400,72,"Prime","Declined"
"APP-124C2BC33A85","D1006","2026-05-06",48100,60,"Prime","Booked"
"APP-51D30E3F08B2","D1006","2026-05-06",39600,84,"Subprime","Booked"
"APP-152F82C6AA93","D1006","2026-05-07",47700,72,"Near_Prime","Approved"
"APP-1151A70CF1C2","D1006","2026-05-07",35800,72,"Near_Prime","Declined"
"APP-F40DDF9AC226","D1006","2026-05-07",42400,72,"Prime","Approved"
"APP-DB85E6CD5E01","D1006","2026-05-07",51700,72,"Prime","Booked"
"APP-C0195A2F52D6","D1006","2026-05-08",44400,72,"Prime","Booked"
"APP-4F60977F6985","D1006","2026-05-08",54100,60,"Near_Prime","Approved"
"APP-DAF33B6B96A9","D1006","2026-05-08",40300,72,"Prime","Approved"
"APP-724D09AA4F0E","D1006","2026-05-09",39700,84,"Near_Prime","Declined"
"APP-7DD1B27DC8ED","D1006","2026-05-09",54300,48,"Prime","Booked"
"APP-BBBE0A3EFA95","D1006","2026-05-10",48900,48,"Prime","Approved"
"APP-A90724ADCD27","D1006","2026-05-10",41200,60,"Near_Prime","Approved"
"APP-9FCE7993DC32","D1006","2026-05-11",54100,60,"Prime","Declined"
"APP-F3900C8EB8FE","D1006","2026-05-11",53400,72,"Prime","Approved"
"APP-64E1F562E4FF","D1006","2026-05-11",37500,72,"Prime","Booked"
"APP-E6F3608CB472","D1006","2026-05-11",63100,72,"Prime","Booked"
"APP-409B0080A5C1","D1006","2026-05-11",43600,72,"Prime","Booked"
"APP-F5C532D106E1","D1006","2026-05-12",63500,60,"Prime","Approved"
"APP-777DB30B7F20","D1006","2026-05-12",49900,60,"Prime","Declined"
"APP-EAF860DEA656","D1006","2026-05-12",41900,60,"Prime","Declined"
"APP-098B5C43E727","D1006","2026-05-12",56900,72,"Near_Prime","Approved"
"APP-DD7ACBA7DD42","D1006","2026-05-13",57100,60,"Prime","Declined"
"APP-7C8620A549AB","D1006","2026-05-13",41900,72,"Prime","Booked"
"APP-6E13D46B74E7","D1006","2026-05-13",45100,72,"Prime","Declined"
"APP-6ABC9D62BB5A","D1006","2026-05-13",46900,60,"Prime","Declined"
"APP-5D6BC0B1C08F","D1006","2026-05-13",59400,72,"Prime","Booked"
"APP-2D7F55608146","D1006","2026-05-14",42100,84,"Prime","Declined"
"APP-1BF25BF616E3","D1006","2026-05-14",47300,48,"Prime","Declined"
"APP-77E5A1D68F1B","D1006","2026-05-14",39100,48,"Near_Prime","Declined"
"APP-6CA6BF1C1B82","D1006","2026-05-14",47800,72,"Subprime","Declined"
"APP-F34A9D7817EE","D1006","2026-05-15",41300,48,"Prime","Booked"
"APP-CAB824896894","D1006","2026-05-15",53800,72,"Prime","Booked"
"APP-2A25EDED973B","D1006","2026-05-15",40600,72,"Subprime","Declined"
"APP-4298BB8CBA5E","D1006","2026-05-16",45800,72,"Prime","Approved"
"APP-99182CCAEA42","D1006","2026-05-16",49300,72,"Prime","Approved"
"APP-F767FABB0056","D1006","2026-05-16",48400,72,"Prime","Declined"
"APP-A6AEB942A620","D1006","2026-05-17",54100,72,"Subprime","Booked"
"APP-3CD84BE5776C","D1006","2026-05-17",43800,84,"Prime","Approved"
"APP-70F613FBBA30","D1006","2026-05-18",48600,72,"Prime","Booked"
"APP-F0C126746305","D1006","2026-05-18",51600,72,"Prime","Declined"
"APP-9A0D70967023","D1006","2026-05-18",57500,48,"Prime","Approved"
"APP-EC7739B4D7DF","D1006","2026-05-18",59800,72,"Prime","Declined"
"APP-CF747243779A","D1006","2026-05-18",39500,72,"Subprime","Declined"
"APP-AA0E09F03C39","D1006","2026-05-19",42200,72,"Prime","Approved"
"APP-A64D4751AB61","D1006","2026-05-19",53100,60,"Near_Prime","Declined"
"APP-04D231783F91","D1006","2026-05-19",47600,48,"Prime","Declined"
"APP-3BC471455604","D1006","2026-05-19",38100,72,"Near_Prime","Booked"
"APP-24A26F9A8EE9","D1006","2026-05-20",44900,72,"Prime","Booked"
"APP-6BA06766BBFE","D1006","2026-05-20",60200,60,"Prime","Approved"
"APP-3D2115B4CE08","D1006","2026-05-20",59100,72,"Prime","Declined"
"APP-DA47964944CE","D1006","2026-05-20",59900,60,"Prime","Booked"
"APP-AE1486776146","D1006","2026-05-20",33700,84,"Subprime","Declined"
"APP-D0090537C903","D1006","2026-05-21",45700,72,"Subprime","Booked"
"APP-D4A8BE6896B7","D1006","2026-05-21",45200,60,"Prime","Booked"
"APP-84F11D3BAD8C","D1006","2026-05-21",58400,72,"Prime","Declined"
"APP-CD24D7C4D102","D1006","2026-05-21",55400,60,"Prime","Booked"
"APP-6C68E02105A1","D1006","2026-05-21",43900,72,"Subprime","Approved"
"APP-E301786A362E","D1006","2026-05-22",48300,60,"Prime","Approved"
"APP-7FCC4921C91A","D1006","2026-05-22",40800,72,"Prime","Approved"
"APP-77C952DB95CE","D1006","2026-05-22",47100,84,"Prime","Booked"
"APP-631D403D6647","D1006","2026-05-22",52000,60,"Prime","Approved"
"APP-34C3DC567B14","D1006","2026-05-22",31100,72,"Prime","Approved"
"APP-73CC9486FB9C","D1006","2026-05-23",39600,72,"Subprime","Booked"
"APP-388D321C97B5","D1006","2026-05-23",46000,60,"Prime","Declined"
"APP-734C72E0A00D","D1006","2026-05-23",29400,84,"Near_Prime","Booked"
"APP-B83E29959BCB","D1006","2026-05-24",41600,60,"Subprime","Booked"
"APP-3C9F4C17D78A","D1006","2026-05-24",45200,84,"Subprime","Booked"
"APP-489BB9F23E1A","D1006","2026-05-25",51300,48,"Prime","Booked"
"APP-2FC4AE7A6AA0","D1006","2026-05-25",43600,60,"Prime","Booked"
"APP-5F40BBF9DBD6","D1006","2026-05-25",44100,84,"Subprime","Approved"
"APP-DFF0876E682C","D1006","2026-05-25",55800,72,"Prime","Approved"
"APP-0C7DFFEEEC53","D1006","2026-05-26",58800,60,"Prime","Booked"
"APP-814C74C520AC","D1006","2026-05-26",47100,60,"Prime","Booked"
"APP-D13EECCCBAD1","D1006","2026-05-26",43000,72,"Subprime","Declined"
"APP-B6CB51BE988B","D1006","2026-05-26",58800,72,"Prime","Booked"
"APP-2FCEDBB32EDB","D1006","2026-05-26",40600,60,"Prime","Booked"
"APP-468A7476C86B","D1006","2026-05-27",37100,72,"Subprime","Approved"
"APP-E065030F7A4E","D1006","2026-05-27",48400,84,"Prime","Booked"
"APP-7F38EE114730","D1006","2026-05-27",38300,72,"Near_Prime","Approved"
"APP-B3969CC7FA5E","D1006","2026-05-27",45700,72,"Near_Prime","Declined"
"APP-DAE6F108E288","D1006","2026-05-28",49000,48,"Near_Prime","Declined"
"APP-2ED193D67925","D1006","2026-05-28",51900,84,"Prime","Declined"
"APP-B9891AF8A511","D1006","2026-05-28",45300,72,"Prime","Booked"
"APP-02B0E0E0BC4E","D1006","2026-05-28",65800,60,"Prime","Approved"
"APP-249A9D128FFE","D1006","2026-05-29",60200,48,"Prime","Booked"
"APP-EF8D827CD33B","D1006","2026-05-29",43100,84,"Near_Prime","Declined"
"APP-A04B452DE7A0","D1006","2026-05-29",48700,72,"Prime","Declined"
"APP-6F626226F3E8","D1006","2026-05-29",33000,72,"Prime","Booked"
"APP-3F4531C479EA","D1006","2026-05-30",43200,72,"Subprime","Approved"
"APP-F036A546955B","D1006","2026-05-30",52000,60,"Prime","Booked"
"APP-BECAD7A8F02E","D1006","2026-05-30",51900,72,"Prime","Booked"
"APP-AE904ECCC442","D1006","2026-05-31",47500,60,"Prime","Approved"
"APP-4C960C3A1716","D1006","2026-05-31",46900,60,"Near_Prime","Booked"
"APP-0A634B76665A","D1006","2026-06-01",36300,72,"Prime","Booked"
"APP-B3E3BA650621","D1006","2026-06-01",45700,72,"Near_Prime","Declined"
"APP-18E5CA568B36","D1006","2026-06-01",35500,48,"Subprime","Approved"
"APP-B77BB9D7E0AF","D1006","2026-06-01",59700,84,"Prime","Declined"
"APP-34BAE3CE9894","D1006","2026-06-02",52500,48,"Near_Prime","Declined"
"APP-BFD3D4FFCE22","D1006","2026-06-02",44600,72,"Prime","Declined"
"APP-4AAFA396862B","D1006","2026-06-02",46700,72,"Prime","Booked"
"APP-2B220E2EC29A","D1006","2026-06-02",34500,60,"Subprime","Approved"
"APP-EDBB72F18BBF","D1006","2026-06-02",35300,60,"Prime","Declined"
"APP-B2CB94779F04","D1006","2026-06-03",55500,72,"Prime","Approved"
"APP-52E213EAE209","D1006","2026-06-03",46400,84,"Prime","Booked"
"APP-67C86631412A","D1006","2026-06-03",44800,72,"Near_Prime","Booked"
"APP-E65719966972","D1006","2026-06-03",55700,84,"Prime","Declined"
"APP-B01D1A01EE6A","D1006","2026-06-04",57200,84,"Prime","Booked"
"APP-A2F24B183DED","D1006","2026-06-04",48100,72,"Prime","Declined"
"APP-1479A84CFA22","D1006","2026-06-04",42400,60,"Prime","Booked"
"APP-3C9281FBBE0D","D1006","2026-06-04",51200,84,"Prime","Declined"
"APP-0425D8DACD49","D1006","2026-06-04",62800,84,"Prime","Booked"
"APP-58723A0809B5","D1006","2026-06-05",47800,60,"Prime","Approved"
"APP-5200E0127C33","D1006","2026-06-05",57400,72,"Prime","Booked"
"APP-CAFA1E6AA195","D1006","2026-06-05",58300,72,"Prime","Booked"
"APP-421B2B7EDEAC","D1006","2026-06-05",43700,72,"Prime","Booked"
"APP-C55B92102D3E","D1006","2026-06-06",34200,72,"Subprime","Declined"
"APP-BBD0F44F0387","D1006","2026-06-06",53000,84,"Prime","Declined"
"APP-4D273733AF63","D1006","2026-06-06",48700,60,"Subprime","Booked"
"APP-180015983B57","D1006","2026-06-07",53300,84,"Prime","Booked"
"APP-EFBFD016A90E","D1006","2026-06-07",39500,72,"Near_Prime","Booked"
"APP-1EF99EB1E29D","D1006","2026-06-07",44500,48,"Prime","Booked"
"APP-2C3D2A84FD65","D1006","2026-06-08",40900,84,"Prime","Declined"
"APP-C99499BE692B","D1006","2026-06-08",50400,72,"Prime","Booked"
"APP-C5BC3408EC4C","D1006","2026-06-08",48600,72,"Near_Prime","Booked"
"APP-D6A5012824E2","D1006","2026-06-08",34200,60,"Subprime","Declined"
"APP-69DFF2B50114","D1006","2026-06-08",56300,60,"Prime","Approved"
"APP-E55522D99E49","D1006","2026-06-09",41100,60,"Near_Prime","Approved"
"APP-1BD482A20DB9","D1006","2026-06-09",54600,60,"Prime","Declined"
"APP-526D19B2FAAF","D1006","2026-06-09",46000,60,"Prime","Booked"
"APP-3E39309113EA","D1006","2026-06-09",50900,72,"Prime","Approved"
"APP-7915797539F6","D1006","2026-06-09",64400,72,"Prime","Booked"
"APP-5D41F883444C","D1006","2026-06-10",59400,72,"Prime","Booked"
"APP-841079752A70","D1006","2026-06-10",31600,84,"Subprime","Declined"
"APP-B67EB9339362","D1006","2026-06-10",57900,48,"Prime","Approved"
"APP-0635D5A4A393","D1006","2026-06-10",54300,60,"Prime","Approved"
"APP-AA1C807B1D27","D1006","2026-06-10",58800,84,"Prime","Approved"
"APP-E2AFA6E14074","D1006","2026-06-11",51500,84,"Prime","Approved"
"APP-FBC90B7DE4BB","D1006","2026-06-11",47200,84,"Prime","Declined"
"APP-4165D9595629","D1006","2026-06-11",42100,72,"Prime","Booked"
"APP-D64657E5A917","D1006","2026-06-11",42900,72,"Prime","Booked"
"APP-D499251FB573","D1006","2026-06-11",43500,72,"Near_Prime","Booked"
"APP-958AEB7BB44F","D1006","2026-06-12",60600,60,"Near_Prime","Booked"
"APP-A4606B6ED80B","D1006","2026-06-12",48900,84,"Prime","Declined"
"APP-BD876E877205","D1006","2026-06-12",54400,84,"Prime","Approved"
"APP-CCD43DE99C79","D1006","2026-06-12",47500,72,"Prime","Approved"
"APP-1176AD68C0B8","D1006","2026-06-13",62900,72,"Prime","Declined"
"APP-8C8B508956AB","D1006","2026-06-13",64000,72,"Prime","Approved"
"APP-68B3CD3EC729","D1006","2026-06-14",37600,60,"Prime","Booked"
"APP-F62E5E9DD529","D1006","2026-06-14",57900,84,"Prime","Approved"
"APP-99136B2A8275","D1006","2026-06-15",53100,72,"Prime","Booked"
"APP-84F6D7FD6144","D1006","2026-06-15",43100,72,"Prime","Booked"
"APP-A2E5377B7F3A","D1006","2026-06-15",55900,60,"Prime","Approved"
"APP-E321C3713DA2","D1006","2026-06-15",37300,60,"Prime","Declined"
"APP-3FE471969C00","D1006","2026-06-16",54100,60,"Prime","Declined"
"APP-5EF1A534003A","D1006","2026-06-16",53100,84,"Prime","Approved"
"APP-78F12D6FBBBF","D1006","2026-06-16",49600,48,"Prime","Booked"
"APP-937E26902C3D","D1006","2026-06-16",53700,60,"Prime","Approved"
"APP-EAF9D6451F3C","D1006","2026-06-17",37100,60,"Subprime","Booked"
"APP-ECAE9173246E","D1006","2026-06-17",46900,72,"Subprime","Approved"
"APP-02F94DBAE4EB","D1006","2026-06-17",42100,84,"Subprime","Declined"
"APP-3A150678E0CB","D1006","2026-06-17",46500,72,"Near_Prime","Booked"
"APP-F49EB3A50956","D1006","2026-06-18",58200,60,"Prime","Declined"
"APP-2F685E24393A","D1006","2026-06-18",53000,60,"Prime","Booked"
"APP-E52FABD89534","D1006","2026-06-18",59500,84,"Prime","Booked"
"APP-9DBE711047E9","D1006","2026-06-19",45200,84,"Near_Prime","Booked"
"APP-6B5115182C52","D1006","2026-06-19",56700,84,"Subprime","Booked"
"APP-3FBF9CF52530","D1006","2026-06-19",24500,48,"Prime","Booked"
"APP-DB142E9ACEC2","D1006","2026-06-19",49800,72,"Prime","Booked"
"APP-90A5E47EDDC2","D1006","2026-06-20",49200,84,"Prime","Approved"
"APP-D2B0A982E194","D1006","2026-06-20",50900,84,"Prime","Booked"
"APP-F9A47D85C607","D1006","2026-06-20",41400,84,"Prime","Approved"
"APP-EAB2A54FDE0C","D1006","2026-06-21",47900,48,"Prime","Approved"
"APP-0BE9AE826B94","D1006","2026-06-21",31600,72,"Subprime","Booked"
"APP-742CEF082A40","D1006","2026-06-22",48000,60,"Subprime","Declined"
"APP-800AEAA0AABD","D1006","2026-06-22",46400,60,"Prime","Declined"
"APP-C4B3815F6F90","D1006","2026-06-22",49100,60,"Near_Prime","Booked"
"APP-6BBCA5EB9723","D1006","2026-06-22",44200,84,"Subprime","Approved"
"APP-811B68AD9B77","D1006","2026-06-23",38500,84,"Subprime","Declined"
"APP-804775F25F4C","D1006","2026-06-23",43300,60,"Near_Prime","Booked"
"APP-B7AA1CFCB31D","D1006","2026-06-23",38400,84,"Subprime","Booked"
"APP-A9FA676AC67E","D1006","2026-06-23",47900,72,"Prime","Booked"
"APP-186F617D31B9","D1006","2026-06-24",54000,60,"Near_Prime","Booked"
"APP-1EEF3B46943F","D1006","2026-06-24",44400,84,"Prime","Booked"
"APP-3918D8B5D6C1","D1006","2026-06-24",41300,60,"Prime","Booked"
"APP-E21DE6EE0350","D1006","2026-06-24",33300,84,"Prime","Booked"
"APP-B8C1943A525B","D1006","2026-06-25",66300,72,"Near_Prime","Declined"
"APP-4621EE6EC751","D1006","2026-06-25",43100,60,"Subprime","Approved"
"APP-F470C6988712","D1006","2026-06-25",52100,60,"Prime","Declined"
"APP-5850B9969EC8","D1006","2026-06-25",48400,84,"Prime","Declined"
"APP-269ADD6A05BB","D1006","2026-06-25",52800,60,"Prime","Declined"
"APP-7D9081CF8848","D1006","2026-06-25",42700,72,"Prime","Declined"
"APP-2F14D10715BF","D1006","2026-06-25",55200,60,"Prime","Approved"
"APP-459EF7A992F7","D1007","2026-03-28",49300,72,"Prime","Booked"
"APP-E054FE831C45","D1007","2026-03-28",47700,60,"Prime","Booked"
"APP-4F6FBD6B81FE","D1007","2026-03-28",46600,84,"Prime","Booked"
"APP-23F83DDE715B","D1007","2026-03-29",50100,72,"Near_Prime","Booked"
"APP-77814D787D84","D1007","2026-03-29",50700,84,"Prime","Approved"
"APP-54231C5662BA","D1007","2026-03-30",43100,72,"Subprime","Approved"
"APP-DF874914A51A","D1007","2026-03-30",47700,60,"Prime","Booked"
"APP-4D9C608F927A","D1007","2026-03-30",44900,72,"Subprime","Approved"
"APP-910B12107375","D1007","2026-03-31",42700,60,"Prime","Approved"
"APP-354180BA5D3D","D1007","2026-03-31",38100,84,"Subprime","Approved"
"APP-800FA89582F7","D1007","2026-03-31",59400,84,"Prime","Booked"
"APP-E813769C7777","D1007","2026-03-31",32700,72,"Subprime","Declined"
"APP-40D1A64C6992","D1007","2026-04-01",52200,72,"Near_Prime","Booked"
"APP-98CF159CB1A4","D1007","2026-04-01",54200,72,"Prime","Booked"
"APP-7965298B052F","D1007","2026-04-01",46500,84,"Prime","Booked"
"APP-A5F2A0BCD688","D1007","2026-04-01",61600,84,"Prime","Booked"
"APP-8789D1A7A1BA","D1007","2026-04-02",49200,72,"Prime","Declined"
"APP-B519F039473E","D1007","2026-04-02",50700,72,"Near_Prime","Booked"
"APP-47389FEEB7FE","D1007","2026-04-02",48100,84,"Prime","Declined"
"APP-209B746EE054","D1007","2026-04-02",33100,84,"Prime","Booked"
"APP-5E69641321DD","D1007","2026-04-02",54100,84,"Prime","Declined"
"APP-E04D27967B8C","D1007","2026-04-03",44600,48,"Prime","Booked"
"APP-D33D74D9DA1B","D1007","2026-04-03",44300,72,"Prime","Approved"
"APP-76A1CC917432","D1007","2026-04-03",36900,84,"Subprime","Declined"
"APP-CA5951B8607E","D1007","2026-04-03",49100,84,"Prime","Booked"
"APP-0B55D31A411E","D1007","2026-04-03",39200,72,"Subprime","Booked"
"APP-C3D81F0FB2D1","D1007","2026-04-03",37500,72,"Subprime","Booked"
"APP-7DC76B9A9CAF","D1007","2026-04-04",39100,84,"Near_Prime","Declined"
"APP-36BBE5139AC4","D1007","2026-04-04",47600,72,"Near_Prime","Declined"
"APP-663FC6579AF9","D1007","2026-04-04",46600,60,"Subprime","Booked"
"APP-D7BD940897F1","D1007","2026-04-05",46700,72,"Subprime","Declined"
"APP-323DF6C4A34C","D1007","2026-04-05",39900,84,"Subprime","Approved"
"APP-071D47439CCF","D1007","2026-04-05",61300,72,"Prime","Approved"
"APP-CD8225BDB277","D1007","2026-04-06",51000,60,"Prime","Booked"
"APP-D8BF739E9BF3","D1007","2026-04-06",51600,84,"Prime","Approved"
"APP-DBD1958E2CC9","D1007","2026-04-06",59000,72,"Prime","Declined"
"APP-0536A5E33FED","D1007","2026-04-06",45500,72,"Prime","Booked"
"APP-0FA51F0B2039","D1007","2026-04-07",49400,72,"Subprime","Booked"
"APP-47DA00C4FBF4","D1007","2026-04-07",57500,72,"Prime","Booked"
"APP-586F4814E405","D1007","2026-04-07",49600,72,"Near_Prime","Booked"
"APP-841DA3DF8472","D1007","2026-04-07",49400,84,"Prime","Declined"
"APP-0B46525F3DD3","D1007","2026-04-07",44600,72,"Near_Prime","Approved"
"APP-7B7AA7E0228F","D1007","2026-04-08",48600,72,"Near_Prime","Booked"
"APP-DEA2120A1961","D1007","2026-04-08",70300,60,"Prime","Booked"
"APP-A4387A8FC3CF","D1007","2026-04-08",46200,84,"Prime","Approved"
"APP-68924EA2162A","D1007","2026-04-08",41600,72,"Prime","Declined"
"APP-DB174988DB89","D1007","2026-04-08",39700,72,"Prime","Approved"
"APP-13B05CD07C64","D1007","2026-04-09",46000,72,"Prime","Booked"
"APP-00947CAEA507","D1007","2026-04-09",62500,72,"Prime","Booked"
"APP-E7C1508FFD2E","D1007","2026-04-09",39900,60,"Subprime","Booked"
"APP-A389125D4A35","D1007","2026-04-09",41500,72,"Near_Prime","Declined"
"APP-2E69CE5E6CAD","D1007","2026-04-09",37100,60,"Prime","Declined"
"APP-D71718725172","D1007","2026-04-10",54100,72,"Near_Prime","Approved"
"APP-F099ECE5ADD6","D1007","2026-04-10",47400,48,"Near_Prime","Declined"
"APP-B5BDD4ED2B44","D1007","2026-04-10",42300,72,"Subprime","Approved"
"APP-CF17007364DF","D1007","2026-04-10",62500,60,"Prime","Declined"
"APP-1F67E6F08365","D1007","2026-04-10",55200,60,"Prime","Approved"
"APP-22F9214F2142","D1007","2026-04-11",31300,60,"Near_Prime","Booked"
"APP-3D10A074D2E2","D1007","2026-04-11",59400,72,"Prime","Declined"
"APP-F6660A0CF803","D1007","2026-04-11",51900,72,"Prime","Approved"
"APP-B0F19E17156C","D1007","2026-04-12",32100,48,"Prime","Declined"
"APP-CCB234BC1CCD","D1007","2026-04-12",57500,60,"Prime","Declined"
"APP-642F88609424","D1007","2026-04-13",34400,72,"Prime","Declined"
"APP-2C7803878AFE","D1007","2026-04-13",39300,48,"Subprime","Booked"
"APP-B6B439025626","D1007","2026-04-13",50500,72,"Prime","Booked"
"APP-C7B4C4C8864C","D1007","2026-04-13",37200,72,"Prime","Declined"
"APP-D64C80EADB2A","D1007","2026-04-13",53200,84,"Prime","Booked"
"APP-909B76EC2D1C","D1007","2026-04-13",49000,72,"Prime","Declined"
"APP-1416743BDF5F","D1007","2026-04-14",37900,60,"Prime","Declined"
"APP-5807793380AB","D1007","2026-04-14",51400,60,"Near_Prime","Booked"
"APP-81087C6457AF","D1007","2026-04-14",41400,60,"Prime","Booked"
"APP-86777754DFD5","D1007","2026-04-14",62200,60,"Prime","Declined"
"APP-FCA21A3C95E6","D1007","2026-04-15",36800,84,"Subprime","Booked"
"APP-DB51BAD87836","D1007","2026-04-15",44700,84,"Prime","Approved"
"APP-BFAA39F0F5EF","D1007","2026-04-15",51800,60,"Near_Prime","Booked"
"APP-1A188DDBA5D3","D1007","2026-04-15",37400,84,"Prime","Approved"
"APP-EA2BE21B3B62","D1007","2026-04-15",54200,60,"Prime","Declined"
"APP-AC2552D37748","D1007","2026-04-16",42300,84,"Prime","Booked"
"APP-347D1712FB57","D1007","2026-04-16",34300,72,"Near_Prime","Declined"
"APP-DD86DD945BB5","D1007","2026-04-16",38300,72,"Prime","Booked"
"APP-F638674FB3C0","D1007","2026-04-16",39300,72,"Prime","Booked"
"APP-1F90275E48C6","D1007","2026-04-16",61300,84,"Near_Prime","Approved"
"APP-135B15877A6F","D1007","2026-04-17",48600,72,"Near_Prime","Declined"
"APP-191307A4CD76","D1007","2026-04-17",32700,72,"Prime","Declined"
"APP-7018C9AE06E4","D1007","2026-04-17",35300,84,"Prime","Declined"
"APP-072DCF980B5C","D1007","2026-04-17",53500,60,"Prime","Booked"
"APP-04B11AA133D3","D1007","2026-04-17",35200,72,"Prime","Declined"
"APP-87F01A982AC8","D1007","2026-04-17",43500,48,"Prime","Booked"
"APP-B9C845D3FE4D","D1007","2026-04-18",40700,72,"Prime","Approved"
"APP-042A982EE000","D1007","2026-04-18",46800,72,"Prime","Declined"
"APP-B5A25C319FAB","D1007","2026-04-19",58100,84,"Prime","Booked"
"APP-A2E6C59368C9","D1007","2026-04-19",54400,72,"Near_Prime","Booked"
"APP-B6232CE319A2","D1007","2026-04-20",61000,84,"Prime","Booked"
"APP-FE79D38E3095","D1007","2026-04-20",43600,60,"Prime","Declined"
"APP-0BDD8770ECE3","D1007","2026-04-20",45000,84,"Prime","Booked"
"APP-7AB2EC223FB1","D1007","2026-04-20",50400,84,"Prime","Booked"
"APP-E80EDB857822","D1007","2026-04-20",44600,60,"Prime","Declined"
"APP-B033A4BDA89F","D1007","2026-04-20",46500,72,"Near_Prime","Declined"
"APP-7BA3CB2ED7DA","D1007","2026-04-21",46200,84,"Subprime","Booked"
"APP-C85103189397","D1007","2026-04-21",46800,60,"Prime","Declined"
"APP-8431BAA4BDC5","D1007","2026-04-21",65000,72,"Prime","Declined"
"APP-3A8C0D356D4B","D1007","2026-04-21",53300,60,"Prime","Booked"
"APP-B5E2F3AB6BF9","D1007","2026-04-22",53400,72,"Prime","Declined"
"APP-9EF2AB91A366","D1007","2026-04-22",41300,72,"Subprime","Approved"
"APP-2A8ADD5683FA","D1007","2026-04-22",52700,72,"Prime","Booked"
"APP-B60BC62E0BA7","D1007","2026-04-22",54100,84,"Prime","Booked"
"APP-205C8DB9D66B","D1007","2026-04-23",49000,72,"Prime","Booked"
"APP-44C4757770CF","D1007","2026-04-23",41300,72,"Subprime","Booked"
"APP-268D4A1023A0","D1007","2026-04-23",51900,72,"Prime","Booked"
"APP-6A8E3BC948A8","D1007","2026-04-23",49500,84,"Prime","Booked"
"APP-88F7B56742D2","D1007","2026-04-24",44400,60,"Subprime","Approved"
"APP-D6F1CD1874E5","D1007","2026-04-24",66200,60,"Prime","Booked"
"APP-3CCBB8780560","D1007","2026-04-24",41000,60,"Prime","Booked"
"APP-F596F7A292E7","D1007","2026-04-24",45700,84,"Prime","Approved"
"APP-9CFCF3CADBE5","D1007","2026-04-24",56100,72,"Prime","Approved"
"APP-D2F56B15327B","D1007","2026-04-24",46500,84,"Prime","Booked"
"APP-67A7A12E1180","D1007","2026-04-25",62500,84,"Near_Prime","Booked"
"APP-DFA09CFB5D8D","D1007","2026-04-25",50100,60,"Prime","Approved"
"APP-D6BB8E62F953","D1007","2026-04-26",36800,48,"Prime","Approved"
"APP-8F2A4E8C98E1","D1007","2026-04-26",46200,60,"Near_Prime","Declined"
"APP-4FE7F8CB2CEB","D1007","2026-04-26",60400,72,"Prime","Booked"
"APP-EFF97134F998","D1007","2026-04-27",55900,84,"Prime","Declined"
"APP-A01A60CD659B","D1007","2026-04-27",55100,48,"Near_Prime","Booked"
"APP-446DF7C7BB9D","D1007","2026-04-27",50200,48,"Prime","Booked"
"APP-48E71B14F44B","D1007","2026-04-27",37500,72,"Prime","Booked"
"APP-E0C1964CD951","D1007","2026-04-28",47900,48,"Near_Prime","Declined"
"APP-902B9AE3A600","D1007","2026-04-28",44500,72,"Prime","Approved"
"APP-70DB544CE86B","D1007","2026-04-28",48400,60,"Prime","Booked"
"APP-06E00629F973","D1007","2026-04-29",51300,72,"Near_Prime","Booked"
"APP-D4D36575A7EF","D1007","2026-04-29",44500,72,"Near_Prime","Booked"
"APP-D889419B9979","D1007","2026-04-29",49200,84,"Prime","Approved"
"APP-6CBF130C4F72","D1007","2026-04-29",57800,72,"Prime","Declined"
"APP-90851E12D9F8","D1007","2026-04-30",38400,60,"Prime","Declined"
"APP-3F126A32408C","D1007","2026-04-30",43400,72,"Prime","Approved"
"APP-56BA61A47853","D1007","2026-04-30",50600,84,"Prime","Declined"
"APP-6F41F7BE114C","D1007","2026-04-30",47900,60,"Prime","Booked"
"APP-93F36B57E63C","D1007","2026-05-01",48400,72,"Prime","Approved"
"APP-080574808A86","D1007","2026-05-01",53400,60,"Near_Prime","Booked"
"APP-754CA1556A40","D1007","2026-05-01",51500,84,"Prime","Approved"
"APP-872A694B1A1D","D1007","2026-05-01",57600,84,"Prime","Approved"
"APP-BDBDD6225B7A","D1007","2026-05-02",38600,60,"Prime","Approved"
"APP-98C46A1524CB","D1007","2026-05-02",23300,84,"Prime","Booked"
"APP-0A841B258663","D1007","2026-05-03",50900,84,"Prime","Declined"
"APP-B99731A8FB5B","D1007","2026-05-03",49500,84,"Prime","Declined"
"APP-471B0722B6DC","D1007","2026-05-04",41900,72,"Subprime","Approved"
"APP-2F7696F06FFE","D1007","2026-05-04",57600,48,"Near_Prime","Booked"
"APP-44842F3D2283","D1007","2026-05-04",37300,72,"Prime","Booked"
"APP-DA762EE4E99A","D1007","2026-05-04",44700,72,"Subprime","Declined"
"APP-A01E2A906B9F","D1007","2026-05-05",53700,72,"Near_Prime","Approved"
"APP-7F4E009D0A2E","D1007","2026-05-05",42800,84,"Prime","Booked"
"APP-23E6D81B97D7","D1007","2026-05-05",54900,72,"Prime","Booked"
"APP-F44E65BF5A5A","D1007","2026-05-05",60400,84,"Near_Prime","Booked"
"APP-047D579254D0","D1007","2026-05-06",62300,72,"Prime","Declined"
"APP-8CA1414F7E5F","D1007","2026-05-06",42500,72,"Prime","Approved"
"APP-6A751AB3FE08","D1007","2026-05-06",59000,60,"Prime","Declined"
"APP-B7F6F94A87E5","D1007","2026-05-06",41500,72,"Subprime","Declined"
"APP-DC231112CE24","D1007","2026-05-06",42600,72,"Prime","Declined"
"APP-5CBD07D19979","D1007","2026-05-07",46400,72,"Prime","Booked"
"APP-65C844DF1903","D1007","2026-05-07",47600,72,"Near_Prime","Approved"
"APP-23A31AE03875","D1007","2026-05-07",51300,60,"Prime","Booked"
"APP-8B0A46D3EE1E","D1007","2026-05-07",51000,72,"Subprime","Booked"
"APP-81FA07B06639","D1007","2026-05-07",44600,72,"Prime","Declined"
"APP-43D0DB6ACAC2","D1007","2026-05-08",56900,72,"Prime","Approved"
"APP-8BEDF3C6F4C0","D1007","2026-05-08",44100,60,"Subprime","Declined"
"APP-02663540FDBC","D1007","2026-05-08",43500,60,"Prime","Approved"
"APP-C102339BD278","D1007","2026-05-08",51400,72,"Prime","Booked"
"APP-81260F0A27F7","D1007","2026-05-08",51100,60,"Prime","Declined"
"APP-4498AC8EDF6B","D1007","2026-05-09",46100,60,"Prime","Declined"
"APP-DE88CEB07314","D1007","2026-05-09",56200,60,"Prime","Approved"
"APP-5102AE9B64BE","D1007","2026-05-10",56000,72,"Prime","Approved"
"APP-7C5DE2BB4FC7","D1007","2026-05-10",48400,60,"Prime","Declined"
"APP-B69E40E3F17D","D1007","2026-05-11",50300,72,"Prime","Booked"
"APP-A448AD658C76","D1007","2026-05-11",55600,60,"Prime","Approved"
"APP-EC4B08471F5F","D1007","2026-05-11",42200,84,"Near_Prime","Declined"
"APP-E057550ACFC5","D1007","2026-05-11",51000,60,"Prime","Booked"
"APP-9001FF5E65C7","D1007","2026-05-11",60400,60,"Prime","Booked"
"APP-29B7D8A450E3","D1007","2026-05-12",44000,72,"Prime","Approved"
"APP-837C3628D85C","D1007","2026-05-12",57400,84,"Near_Prime","Declined"
"APP-4CB7D70B5B92","D1007","2026-05-12",59500,72,"Near_Prime","Declined"
"APP-BC24AC0952E8","D1007","2026-05-12",47800,60,"Near_Prime","Declined"
"APP-6525F2209986","D1007","2026-05-13",53600,72,"Near_Prime","Declined"
"APP-A0B49F9C0C48","D1007","2026-05-13",60300,72,"Prime","Approved"
"APP-0B5ADB8A2747","D1007","2026-05-13",42200,72,"Prime","Approved"
"APP-73DB557FDC99","D1007","2026-05-14",44400,72,"Near_Prime","Booked"
"APP-FD434D489A4B","D1007","2026-05-14",52400,48,"Prime","Booked"
"APP-735A09EFD0F7","D1007","2026-05-14",47600,60,"Prime","Booked"
"APP-424C3F7F6FA2","D1007","2026-05-14",54500,72,"Prime","Declined"
"APP-9DDDD0F590EE","D1007","2026-05-14",54700,84,"Near_Prime","Declined"
"APP-CADD45519BD6","D1007","2026-05-15",61700,72,"Prime","Booked"
"APP-FE1143393471","D1007","2026-05-15",35900,72,"Near_Prime","Booked"
"APP-86EB1A1ECB67","D1007","2026-05-15",58300,72,"Prime","Booked"
"APP-D98341365ABE","D1007","2026-05-15",38400,84,"Prime","Declined"
"APP-E961D5ECAC25","D1007","2026-05-15",55100,72,"Prime","Approved"
"APP-249920B4173A","D1007","2026-05-16",51800,84,"Prime","Declined"
"APP-D0A483734D51","D1007","2026-05-16",42600,60,"Subprime","Declined"
"APP-2AE40EF869B0","D1007","2026-05-17",54900,60,"Prime","Declined"
"APP-8CFECFF4AC8C","D1007","2026-05-17",46800,48,"Subprime","Approved"
"APP-1F314563C1C0","D1007","2026-05-17",55600,72,"Prime","Declined"
"APP-0A21C88D1CC2","D1007","2026-05-18",52800,60,"Prime","Approved"
"APP-F41090F9A148","D1007","2026-05-18",60100,72,"Prime","Declined"
"APP-B4CD87617BC6","D1007","2026-05-18",45600,84,"Prime","Booked"
"APP-06F98DD65C00","D1007","2026-05-18",53900,60,"Prime","Declined"
"APP-ABEDB8742AD6","D1007","2026-05-18",43800,72,"Prime","Approved"
"APP-70C67B18E128","D1007","2026-05-19",51200,48,"Prime","Approved"
"APP-D964EC3F552E","D1007","2026-05-19",56800,60,"Prime","Declined"
"APP-A2590167C31A","D1007","2026-05-19",48600,84,"Near_Prime","Approved"
"APP-04D6A934B2A5","D1007","2026-05-19",40500,72,"Subprime","Booked"
"APP-D90134EC92FB","D1007","2026-05-20",56800,72,"Prime","Declined"
"APP-A98F403C3627","D1007","2026-05-20",43500,72,"Prime","Booked"
"APP-9B8BF0D616C7","D1007","2026-05-20",48200,60,"Prime","Declined"
"APP-6B00103693EB","D1007","2026-05-20",46100,72,"Prime","Declined"
"APP-C635F751EA9D","D1007","2026-05-20",52300,72,"Near_Prime","Approved"
"APP-AA803CDA7BE6","D1007","2026-05-21",44100,84,"Near_Prime","Booked"
"APP-C609F33C8522","D1007","2026-05-21",53600,84,"Prime","Approved"
"APP-F957ECF33751","D1007","2026-05-21",57100,84,"Prime","Booked"
"APP-2D78D2595D6E","D1007","2026-05-21",50700,84,"Prime","Booked"
"APP-DD538077749B","D1007","2026-05-21",49500,72,"Prime","Declined"
"APP-0D4C3200E7FE","D1007","2026-05-21",61100,60,"Prime","Approved"
"APP-201E73188D41","D1007","2026-05-22",54600,72,"Prime","Booked"
"APP-98235C586774","D1007","2026-05-22",46300,60,"Near_Prime","Booked"
"APP-53A2BE09C1AB","D1007","2026-05-22",47700,60,"Subprime","Approved"
"APP-D7EE8AC88404","D1007","2026-05-22",39200,84,"Prime","Booked"
"APP-A5FD4DB97872","D1007","2026-05-22",42500,84,"Prime","Booked"
"APP-B10A4E6721C3","D1007","2026-05-23",38500,48,"Subprime","Booked"
"APP-236463FE4679","D1007","2026-05-23",43500,72,"Subprime","Approved"
"APP-F010BB0E6BAE","D1007","2026-05-24",34300,72,"Prime","Booked"
"APP-84AE53A05A23","D1007","2026-05-24",41900,72,"Prime","Booked"
"APP-4C6454F55902","D1007","2026-05-25",58700,72,"Prime","Booked"
"APP-56406E10D1EB","D1007","2026-05-25",57500,60,"Prime","Booked"
"APP-F0B3E7FF5EC1","D1007","2026-05-25",41800,72,"Subprime","Declined"
"APP-870F9F7BB473","D1007","2026-05-25",61500,60,"Prime","Approved"
"APP-1551987814F4","D1007","2026-05-25",49100,60,"Prime","Approved"
"APP-3FBF8A936FCE","D1007","2026-05-26",47200,84,"Prime","Booked"
"APP-8F783680108C","D1007","2026-05-26",46100,84,"Prime","Booked"
"APP-5F8147514EA6","D1007","2026-05-26",35700,84,"Subprime","Approved"
"APP-9F13FB6CED58","D1007","2026-05-26",55200,84,"Prime","Approved"
"APP-3650F22FF31B","D1007","2026-05-27",46800,72,"Prime","Declined"
"APP-AB7C959A67EE","D1007","2026-05-27",40900,72,"Near_Prime","Declined"
"APP-8876E0A2BAA9","D1007","2026-05-27",54800,60,"Prime","Declined"
"APP-BD18E2863617","D1007","2026-05-27",41100,60,"Prime","Booked"
"APP-95BD7E87C470","D1007","2026-05-28",45600,60,"Near_Prime","Booked"
"APP-0D2E539ECF5D","D1007","2026-05-28",47700,72,"Prime","Booked"
"APP-F7AC85793631","D1007","2026-05-28",46200,72,"Prime","Declined"
"APP-7CC8E68E6E8F","D1007","2026-05-28",31500,60,"Prime","Declined"
"APP-0410A3063710","D1007","2026-05-29",32900,72,"Prime","Declined"
"APP-D67601278425","D1007","2026-05-29",46300,72,"Prime","Booked"
"APP-AC8558CDF1C6","D1007","2026-05-29",49500,60,"Prime","Booked"
"APP-5C9F12AB49D8","D1007","2026-05-29",41800,72,"Prime","Declined"
"APP-8435B4461A50","D1007","2026-05-30",52000,60,"Prime","Approved"
"APP-F4C092352D81","D1007","2026-05-30",46300,84,"Prime","Declined"
"APP-EB31F6E78022","D1007","2026-05-30",49000,84,"Prime","Booked"
"APP-51ACFEA77B0E","D1007","2026-05-31",55700,72,"Prime","Booked"
"APP-1CBD1BD5CE8B","D1007","2026-05-31",54800,60,"Prime","Declined"
"APP-0523FBAEB7C2","D1007","2026-05-31",69400,84,"Prime","Booked"
"APP-ACC8B917A1CA","D1007","2026-06-01",43800,60,"Subprime","Declined"
"APP-3C5563425159","D1007","2026-06-01",50700,60,"Prime","Approved"
"APP-DCB63B5848CD","D1007","2026-06-01",52700,60,"Prime","Booked"
"APP-7804CDD5A7B7","D1007","2026-06-01",52100,72,"Subprime","Approved"
"APP-E616FA88D9EA","D1007","2026-06-02",53700,48,"Near_Prime","Booked"
"APP-84E70222A3BD","D1007","2026-06-02",41600,72,"Near_Prime","Booked"
"APP-2AE127747BE4","D1007","2026-06-02",40400,60,"Prime","Approved"
"APP-BA2BC73E1C82","D1007","2026-06-02",35300,72,"Subprime","Declined"
"APP-64C869B81520","D1007","2026-06-03",44000,84,"Subprime","Booked"
"APP-72D08A8A5EF3","D1007","2026-06-03",62800,72,"Prime","Booked"
"APP-7B4C4568F4FC","D1007","2026-06-03",39900,84,"Near_Prime","Declined"
"APP-1606AAC381CE","D1007","2026-06-03",33500,72,"Subprime","Declined"
"APP-DFD247C05713","D1007","2026-06-03",54300,72,"Prime","Booked"
"APP-6B40A546C70E","D1007","2026-06-04",59500,60,"Prime","Booked"
"APP-90CED80A681E","D1007","2026-06-04",63300,72,"Prime","Approved"
"APP-3732D1D18BE5","D1007","2026-06-04",48500,60,"Prime","Booked"
"APP-9CEFF20341F5","D1007","2026-06-04",49400,72,"Prime","Declined"
"APP-9C012F0633B5","D1007","2026-06-05",48000,84,"Prime","Declined"
"APP-C7283B0BBA9F","D1007","2026-06-05",65100,60,"Prime","Declined"
"APP-75507D729152","D1007","2026-06-05",34100,84,"Prime","Booked"
"APP-C70525E4F0E8","D1007","2026-06-05",54900,72,"Near_Prime","Declined"
"APP-6FD68AEDB705","D1007","2026-06-06",52000,60,"Near_Prime","Approved"
"APP-02D30E4C68F0","D1007","2026-06-06",59800,72,"Prime","Declined"
"APP-A61C5672E747","D1007","2026-06-06",32700,60,"Subprime","Declined"
"APP-558CB00A64AD","D1007","2026-06-07",50300,72,"Prime","Booked"
"APP-18CE3E16AE29","D1007","2026-06-07",40600,60,"Prime","Booked"
"APP-02CB5D74A5A4","D1007","2026-06-07",39600,72,"Prime","Approved"
"APP-6636AF8EEB43","D1007","2026-06-08",37000,60,"Prime","Booked"
"APP-3A590A4EB621","D1007","2026-06-08",44500,72,"Prime","Declined"
"APP-7CC71E1C2C41","D1007","2026-06-08",38200,60,"Prime","Declined"
"APP-0D07D3CFABE9","D1007","2026-06-08",45600,60,"Near_Prime","Approved"
"APP-D2B820596325","D1007","2026-06-09",44600,48,"Subprime","Booked"
"APP-D7FAA98C8A9E","D1007","2026-06-09",53500,72,"Prime","Declined"
"APP-7F3CC51C1979","D1007","2026-06-09",58600,84,"Prime","Declined"
"APP-E61127B26ACA","D1007","2026-06-09",42000,60,"Prime","Declined"
"APP-6C44F6D0AFAF","D1007","2026-06-10",56600,60,"Prime","Declined"
"APP-0E3C64A91E65","D1007","2026-06-10",46900,60,"Prime","Declined"
"APP-81B664FE6463","D1007","2026-06-10",47200,72,"Prime","Booked"
"APP-AD9651776724","D1007","2026-06-10",66600,72,"Prime","Declined"
"APP-C30BBFE757C1","D1007","2026-06-10",58800,48,"Prime","Declined"
"APP-2416945F0276","D1007","2026-06-11",54100,84,"Prime","Approved"
"APP-6F23EC8A7D4A","D1007","2026-06-11",40500,72,"Near_Prime","Declined"
"APP-235F5198C3DA","D1007","2026-06-11",49200,60,"Prime","Approved"
"APP-607B9ECE82B8","D1007","2026-06-11",46200,60,"Prime","Booked"
"APP-7E1F59AA8BA9","D1007","2026-06-12",54100,84,"Prime","Declined"
"APP-E3BEC7A7E70F","D1007","2026-06-12",40700,72,"Prime","Booked"
"APP-030DFE6CB0CD","D1007","2026-06-12",43600,72,"Subprime","Booked"
"APP-DEBAEA2F8421","D1007","2026-06-12",43300,84,"Subprime","Booked"
"APP-A248D9EA3662","D1007","2026-06-13",39000,72,"Subprime","Declined"
"APP-2729A0B93BDB","D1007","2026-06-13",62900,72,"Prime","Declined"
"APP-A374DDEA705F","D1007","2026-06-14",49900,72,"Prime","Booked"
"APP-EE8200261C58","D1007","2026-06-14",55500,72,"Near_Prime","Booked"
"APP-77BDE161FBE8","D1007","2026-06-14",49200,84,"Prime","Declined"
"APP-F9E192795D54","D1007","2026-06-15",41200,72,"Prime","Approved"
"APP-109D3A7C05C2","D1007","2026-06-15",64000,72,"Prime","Declined"
"APP-B785ED512B08","D1007","2026-06-15",61200,60,"Prime","Declined"
"APP-11A2A5BD3C0F","D1007","2026-06-16",55200,72,"Prime","Declined"
"APP-95168CD7BB79","D1007","2026-06-16",72600,48,"Prime","Declined"
"APP-CA730A6224C5","D1007","2026-06-16",49500,84,"Prime","Booked"
"APP-4315B823B12E","D1007","2026-06-16",43900,84,"Prime","Booked"
"APP-1D12255C998B","D1007","2026-06-16",55300,72,"Prime","Approved"
"APP-37CD01FCA51C","D1007","2026-06-16",51200,72,"Subprime","Booked"
"APP-A9D9B4391DCC","D1007","2026-06-17",36300,72,"Prime","Approved"
"APP-4EB7431625D6","D1007","2026-06-17",57100,72,"Prime","Declined"
"APP-4044EBD087CA","D1007","2026-06-17",35900,60,"Subprime","Booked"
"APP-4C2077FACBAC","D1007","2026-06-17",35200,72,"Subprime","Approved"
"APP-5A2AF226747A","D1007","2026-06-18",59600,84,"Prime","Approved"
"APP-FAE70252F692","D1007","2026-06-18",58300,72,"Prime","Booked"
"APP-9D59063BB806","D1007","2026-06-18",49400,60,"Prime","Declined"
"APP-397211148BBF","D1007","2026-06-18",50200,60,"Prime","Booked"
"APP-8A001E49869E","D1007","2026-06-18",40200,84,"Prime","Booked"
"APP-D2D5AFD2243B","D1007","2026-06-19",51500,84,"Prime","Approved"
"APP-7020BBDDF82C","D1007","2026-06-19",59200,84,"Near_Prime","Booked"
"APP-20A3B3318937","D1007","2026-06-19",43200,48,"Prime","Declined"
"APP-364C381203D9","D1007","2026-06-19",47500,72,"Prime","Declined"
"APP-9447D6BFACAC","D1007","2026-06-20",55600,72,"Prime","Booked"
"APP-78C5F6624F1C","D1007","2026-06-20",56800,60,"Prime","Approved"
"APP-C0D58FF66B86","D1007","2026-06-21",40400,72,"Near_Prime","Declined"
"APP-26F00E152978","D1007","2026-06-21",60900,84,"Prime","Booked"
"APP-797CE140E465","D1007","2026-06-21",45100,84,"Prime","Declined"
"APP-783A0E0B5332","D1007","2026-06-22",43000,48,"Subprime","Declined"
"APP-53E7D2037F3C","D1007","2026-06-22",48100,72,"Subprime","Declined"
"APP-39D8DC138AAF","D1007","2026-06-22",47400,72,"Subprime","Booked"
"APP-64D604B3886F","D1007","2026-06-22",51000,72,"Prime","Declined"
"APP-705A55E35BB8","D1007","2026-06-23",54600,72,"Prime","Booked"
"APP-74116DEDC739","D1007","2026-06-23",50500,72,"Prime","Booked"
"APP-41D1BD3FF7D4","D1007","2026-06-23",57100,84,"Prime","Booked"
"APP-E74CDE27933D","D1007","2026-06-23",63000,48,"Prime","Approved"
"APP-0A71C7986844","D1007","2026-06-24",42200,72,"Prime","Booked"
"APP-C9586F04B9DE","D1007","2026-06-24",43800,60,"Prime","Approved"
"APP-4E2C6C09F72A","D1007","2026-06-24",41700,60,"Near_Prime","Booked"
"APP-09D69EC15376","D1007","2026-06-24",60100,72,"Prime","Booked"
"APP-85BBF1F2F630","D1007","2026-06-24",41600,84,"Prime","Declined"
"APP-BA9EECD00172","D1007","2026-06-25",30400,84,"Subprime","Declined"
"APP-4ED08071A4A9","D1007","2026-06-25",39200,72,"Near_Prime","Declined"
"APP-8FF6727564DE","D1007","2026-06-25",33300,60,"Prime","Booked"
"APP-C52A86949106","D1008","2026-03-28",34200,84,"Near_Prime","Booked"
"APP-82FABFAF1041","D1008","2026-03-28",36100,72,"Near_Prime","Declined"
"APP-48C95F2E1E33","D1008","2026-03-28",36900,60,"Near_Prime","Approved"
"APP-1A5BB9B7EFE3","D1008","2026-03-29",26300,84,"Near_Prime","Approved"
"APP-D5153F9301BB","D1008","2026-03-29",38300,84,"Prime","Booked"
"APP-F1E59E9CC176","D1008","2026-03-30",33000,72,"Near_Prime","Approved"
"APP-EC6010868C5D","D1008","2026-03-30",38200,72,"Near_Prime","Booked"
"APP-8B816033CB72","D1008","2026-03-30",37900,60,"Prime","Declined"
"APP-8C53BF852F4E","D1008","2026-03-30",28500,60,"Subprime","Booked"
"APP-F2DBEC70513B","D1008","2026-03-30",31100,72,"Prime","Approved"
"APP-3FE52E48B294","D1008","2026-03-31",40100,72,"Near_Prime","Approved"
"APP-2B4900BA74DC","D1008","2026-03-31",37100,84,"Prime","Approved"
"APP-01B14BAB0C5E","D1008","2026-03-31",38900,72,"Prime","Approved"
"APP-E285D1D4748B","D1008","2026-04-01",36200,60,"Prime","Declined"
"APP-1AB2C5DAA39E","D1008","2026-04-01",24400,72,"Subprime","Approved"
"APP-C70B4FCF66B4","D1008","2026-04-01",31000,60,"Prime","Declined"
"APP-10D22C01153D","D1008","2026-04-01",34900,84,"Near_Prime","Declined"
"APP-7B4AE48AFF5E","D1008","2026-04-01",28400,72,"Prime","Booked"
"APP-810BB51B92F1","D1008","2026-04-02",42200,84,"Prime","Declined"
"APP-F924920A121B","D1008","2026-04-02",32800,60,"Prime","Approved"
"APP-C830C8CF23E2","D1008","2026-04-02",41000,72,"Prime","Booked"
"APP-87601458E94A","D1008","2026-04-02",34100,72,"Prime","Declined"
"APP-71F9BE5E121F","D1008","2026-04-02",35900,60,"Prime","Approved"
"APP-48FD4E622E22","D1008","2026-04-03",38600,72,"Near_Prime","Declined"
"APP-A4A966B91B7D","D1008","2026-04-03",37300,72,"Prime","Approved"
"APP-D5CF8A9BC70F","D1008","2026-04-03",39500,72,"Prime","Approved"
"APP-6100E6D00C42","D1008","2026-04-03",31700,72,"Prime","Booked"
"APP-872D96DB99C1","D1008","2026-04-04",34200,72,"Prime","Declined"
"APP-7458E6E35F81","D1008","2026-04-04",40300,60,"Near_Prime","Approved"
"APP-1C3D4F5C5594","D1008","2026-04-04",41400,84,"Prime","Booked"
"APP-C9F1ECD9F8BF","D1008","2026-04-05",39700,60,"Prime","Approved"
"APP-140B3EA4BFC0","D1008","2026-04-05",28000,72,"Subprime","Booked"
"APP-FC2AAC31E026","D1008","2026-04-06",34700,84,"Prime","Declined"
"APP-A05F6D508281","D1008","2026-04-06",30500,60,"Prime","Approved"
"APP-963FDC3AB83E","D1008","2026-04-06",39600,48,"Prime","Declined"
"APP-4DC2D27FFBAD","D1008","2026-04-06",39100,84,"Prime","Declined"
"APP-2244AF174345","D1008","2026-04-07",33200,48,"Prime","Declined"
"APP-8FCA91A63B58","D1008","2026-04-07",34600,72,"Subprime","Declined"
"APP-D200948F0D1A","D1008","2026-04-07",37200,84,"Prime","Booked"
"APP-4A40054470E7","D1008","2026-04-07",40800,72,"Prime","Booked"
"APP-9E158D0F8642","D1008","2026-04-07",33400,60,"Near_Prime","Declined"
"APP-4A7BB9D2B37C","D1008","2026-04-08",35000,72,"Near_Prime","Declined"
"APP-EA9AF9DA9573","D1008","2026-04-08",33300,60,"Prime","Declined"
"APP-1797ED7A0DE5","D1008","2026-04-08",25900,84,"Subprime","Booked"
"APP-0C23724FF6CE","D1008","2026-04-08",37600,72,"Prime","Booked"
"APP-3D6EA98EAF9F","D1008","2026-04-09",36700,60,"Prime","Booked"
"APP-C6117FAE6EDF","D1008","2026-04-09",27500,48,"Prime","Booked"
"APP-0D9E01226759","D1008","2026-04-09",33400,72,"Near_Prime","Booked"
"APP-D3A7F42A9D97","D1008","2026-04-09",28900,48,"Near_Prime","Booked"
"APP-FC79E943ACC2","D1008","2026-04-10",34100,60,"Prime","Declined"
"APP-04F53CBE9499","D1008","2026-04-10",34900,60,"Near_Prime","Approved"
"APP-5C5036E99F93","D1008","2026-04-10",42500,72,"Prime","Approved"
"APP-93E28E7D8F82","D1008","2026-04-10",37700,72,"Prime","Declined"
"APP-3115886E3F0A","D1008","2026-04-11",28100,84,"Subprime","Booked"
"APP-08BAB08D0BAF","D1008","2026-04-11",30700,60,"Subprime","Booked"
"APP-23F7F7EA78FA","D1008","2026-04-12",41200,84,"Prime","Declined"
"APP-30D7C18ED519","D1008","2026-04-12",37300,60,"Prime","Declined"
"APP-EA1F7C15DE03","D1008","2026-04-13",33600,72,"Near_Prime","Declined"
"APP-7D3A5D491EAB","D1008","2026-04-13",34800,84,"Prime","Declined"
"APP-5390245E3943","D1008","2026-04-13",32200,72,"Near_Prime","Booked"
"APP-97291548D28C","D1008","2026-04-13",32200,72,"Prime","Declined"
"APP-430147BA7C58","D1008","2026-04-14",29700,72,"Prime","Booked"
"APP-CA351F367E36","D1008","2026-04-14",43100,72,"Prime","Approved"
"APP-8C784C56A3E6","D1008","2026-04-14",34500,72,"Subprime","Declined"
"APP-7439EC0A51C2","D1008","2026-04-14",39600,72,"Prime","Booked"
"APP-A32AD609A04D","D1008","2026-04-15",46900,60,"Prime","Approved"
"APP-F52D0C4CADC8","D1008","2026-04-15",39100,84,"Prime","Booked"
"APP-D3C22420B04E","D1008","2026-04-15",29500,60,"Prime","Approved"
"APP-CD5B095C9E58","D1008","2026-04-16",38700,84,"Near_Prime","Approved"
"APP-979CDBD65A70","D1008","2026-04-16",31500,48,"Subprime","Approved"
"APP-B76991A3397C","D1008","2026-04-16",39500,60,"Prime","Approved"
"APP-B5D456006BB8","D1008","2026-04-16",27200,60,"Subprime","Booked"
"APP-637705E312CC","D1008","2026-04-17",38900,48,"Prime","Declined"
"APP-3A34240DC3EE","D1008","2026-04-17",46700,72,"Prime","Declined"
"APP-073C15022810","D1008","2026-04-17",35900,48,"Prime","Booked"
"APP-5C7B092D40F3","D1008","2026-04-17",37400,72,"Prime","Approved"
"APP-5106B2D81A5C","D1008","2026-04-17",35400,60,"Near_Prime","Declined"
"APP-362B4C8598F6","D1008","2026-04-18",29800,72,"Subprime","Approved"
"APP-6E944D38A6B9","D1008","2026-04-18",35700,60,"Near_Prime","Booked"
"APP-AE6719486D3F","D1008","2026-04-19",28200,72,"Subprime","Booked"
"APP-4C829A68F560","D1008","2026-04-19",41500,72,"Prime","Approved"
"APP-72EDE82EDD20","D1008","2026-04-19",36300,84,"Prime","Booked"
"APP-84047B8312B2","D1008","2026-04-20",35700,60,"Prime","Declined"
"APP-3EE4BB2D7CA4","D1008","2026-04-20",25300,84,"Prime","Booked"
"APP-E5D3C351B43E","D1008","2026-04-20",37800,72,"Prime","Declined"
"APP-730DAA8D3FC1","D1008","2026-04-20",27400,84,"Prime","Declined"
"APP-499D92053CF0","D1008","2026-04-20",32000,60,"Subprime","Booked"
"APP-04CE30FA4A82","D1008","2026-04-21",32600,48,"Prime","Booked"
"APP-F0607F837619","D1008","2026-04-21",27800,72,"Prime","Declined"
"APP-8977580CB905","D1008","2026-04-21",41200,72,"Near_Prime","Declined"
"APP-D62376DC0BD3","D1008","2026-04-21",36700,60,"Prime","Booked"
"APP-35C281FE54C0","D1008","2026-04-21",21500,84,"Near_Prime","Booked"
"APP-2EEF7481EDE5","D1008","2026-04-22",38300,60,"Prime","Declined"
"APP-7A43A2F8C6A5","D1008","2026-04-22",38600,84,"Prime","Booked"
"APP-BF677ABFD4E8","D1008","2026-04-22",29400,72,"Near_Prime","Booked"
"APP-E06A744A8587","D1008","2026-04-22",28600,72,"Near_Prime","Booked"
"APP-C7B23295B92F","D1008","2026-04-23",39600,84,"Prime","Declined"
"APP-96DC47984A76","D1008","2026-04-23",28800,48,"Near_Prime","Approved"
"APP-B6BB0D7BAD79","D1008","2026-04-23",23700,72,"Prime","Declined"
"APP-6E6E9B4A08C3","D1008","2026-04-23",33100,84,"Near_Prime","Booked"
"APP-29BDAF714D3D","D1008","2026-04-23",31500,72,"Prime","Declined"
"APP-781FF067C8B1","D1008","2026-04-24",34200,84,"Prime","Booked"
"APP-14EA60A592D2","D1008","2026-04-24",34500,72,"Subprime","Booked"
"APP-BEEC9215C749","D1008","2026-04-24",28100,60,"Near_Prime","Approved"
"APP-1E0E5A4CDB05","D1008","2026-04-24",28200,72,"Prime","Approved"
"APP-4B2BD855A496","D1008","2026-04-24",37500,72,"Prime","Approved"
"APP-4675EB5E737B","D1008","2026-04-25",28500,84,"Prime","Declined"
"APP-092865082EB7","D1008","2026-04-25",42900,72,"Prime","Declined"
"APP-A322E4F5B7D6","D1008","2026-04-25",30700,48,"Prime","Approved"
"APP-175C44F66EE8","D1008","2026-04-26",28900,84,"Subprime","Approved"
"APP-5A5D75CC007C","D1008","2026-04-26",33600,84,"Near_Prime","Approved"
"APP-CCD994A9877B","D1008","2026-04-27",47100,84,"Prime","Declined"
"APP-D87050B589D5","D1008","2026-04-27",36000,48,"Prime","Booked"
"APP-17C517C6C7AA","D1008","2026-04-27",39400,60,"Near_Prime","Approved"
"APP-77BFC94FE67F","D1008","2026-04-28",27500,84,"Prime","Declined"
"APP-026C7C956A0B","D1008","2026-04-28",32900,84,"Near_Prime","Declined"
"APP-AE7191EC3AEB","D1008","2026-04-28",35700,72,"Prime","Booked"
"APP-F9D289A6056B","D1008","2026-04-28",37500,84,"Near_Prime","Declined"
"APP-A1A4A9C644DD","D1008","2026-04-28",39200,60,"Near_Prime","Declined"
"APP-5506D7639CDB","D1008","2026-04-29",30700,60,"Subprime","Declined"
"APP-1E816BB3597D","D1008","2026-04-29",32900,72,"Prime","Declined"
"APP-C3C50805FD50","D1008","2026-04-29",31100,72,"Subprime","Approved"
"APP-66C9109638CE","D1008","2026-04-29",37400,72,"Prime","Booked"
"APP-4087D7FA2114","D1008","2026-04-30",37200,60,"Prime","Booked"
"APP-F60A3C8B44C1","D1008","2026-04-30",29900,60,"Near_Prime","Booked"
"APP-576B46081DF5","D1008","2026-04-30",31100,84,"Subprime","Booked"
"APP-CABF2E4C18B5","D1008","2026-04-30",32300,84,"Prime","Approved"
"APP-E90E9AC4CCE9","D1008","2026-05-01",35700,72,"Prime","Booked"
"APP-112C26FF989E","D1008","2026-05-01",35500,48,"Near_Prime","Approved"
"APP-ED4C88A7E3FB","D1008","2026-05-01",36700,60,"Prime","Booked"
"APP-F06E0FD6899B","D1008","2026-05-01",33900,84,"Prime","Booked"
"APP-696D1032B213","D1008","2026-05-02",28400,84,"Subprime","Declined"
"APP-A3174E6DFC70","D1008","2026-05-02",29700,84,"Prime","Declined"
"APP-2C0B139477C1","D1008","2026-05-02",31400,84,"Prime","Booked"
"APP-E29096251C0A","D1008","2026-05-03",38600,60,"Prime","Approved"
"APP-794A038F6F02","D1008","2026-05-03",42700,84,"Prime","Approved"
"APP-90518DC9294B","D1008","2026-05-03",38500,60,"Prime","Declined"
"APP-E4E75DAED14D","D1008","2026-05-04",36200,60,"Near_Prime","Declined"
"APP-D44767C07C05","D1008","2026-05-04",27600,84,"Prime","Declined"
"APP-8FC5F5EFE074","D1008","2026-05-04",30800,72,"Subprime","Approved"
"APP-27EEB365185C","D1008","2026-05-04",31900,84,"Subprime","Approved"
"APP-AB143402E145","D1008","2026-05-04",41400,60,"Near_Prime","Declined"
"APP-2C67A6532F13","D1008","2026-05-05",38300,72,"Near_Prime","Booked"
"APP-512593A46ECD","D1008","2026-05-05",31900,48,"Prime","Declined"
"APP-C99C03726B7D","D1008","2026-05-05",33900,48,"Prime","Booked"
"APP-22180C3BDEAA","D1008","2026-05-05",29700,60,"Near_Prime","Booked"
"APP-3917C6A0A9A7","D1008","2026-05-05",34000,48,"Prime","Approved"
"APP-75A449959A69","D1008","2026-05-06",46100,84,"Prime","Booked"
"APP-93EDFBCD3159","D1008","2026-05-06",37300,72,"Prime","Approved"
"APP-51202073D3B8","D1008","2026-05-06",37400,60,"Prime","Booked"
"APP-4D84FB41ECE8","D1008","2026-05-06",30200,72,"Prime","Booked"
"APP-FEBE3D04F8DE","D1008","2026-05-06",36700,84,"Prime","Approved"
"APP-BCF8DFD57433","D1008","2026-05-07",33900,60,"Prime","Approved"
"APP-5E9C7783F8F4","D1008","2026-05-07",31000,48,"Prime","Approved"
"APP-34B195004750","D1008","2026-05-07",35400,60,"Near_Prime","Declined"
"APP-6E8EE5599E4B","D1008","2026-05-07",34700,60,"Prime","Booked"
"APP-3455CF45DCFD","D1008","2026-05-07",26200,72,"Subprime","Approved"
"APP-260461FE21F4","D1008","2026-05-08",34300,72,"Subprime","Booked"
"APP-E880A934DA46","D1008","2026-05-08",34200,60,"Prime","Booked"
"APP-458AEAFBEC3F","D1008","2026-05-08",35700,84,"Subprime","Booked"
"APP-9913B9D92381","D1008","2026-05-08",32500,84,"Prime","Declined"
"APP-7529971E967C","D1008","2026-05-08",42400,60,"Near_Prime","Booked"
"APP-D83BC1A50E17","D1008","2026-05-09",42500,72,"Prime","Booked"
"APP-EA80F071DCEB","D1008","2026-05-09",30300,60,"Prime","Declined"
"APP-2DDA3CD86AF2","D1008","2026-05-10",31100,84,"Near_Prime","Approved"
"APP-D0BFFECB7E6F","D1008","2026-05-10",47300,48,"Prime","Approved"
"APP-1693C9883D45","D1008","2026-05-10",34700,84,"Prime","Booked"
"APP-012149F105CB","D1008","2026-05-11",32300,48,"Prime","Booked"
"APP-0A8BCE3468F3","D1008","2026-05-11",32700,72,"Prime","Approved"
"APP-FD1CDE72BF7C","D1008","2026-05-11",30900,72,"Prime","Booked"
"APP-117D2AF3628A","D1008","2026-05-11",31400,72,"Near_Prime","Booked"
"APP-F1EF76845C1F","D1008","2026-05-11",40600,72,"Prime","Booked"
"APP-AC3A8994B792","D1008","2026-05-12",25800,60,"Prime","Booked"
"APP-0817F9183CA8","D1008","2026-05-12",37000,48,"Near_Prime","Booked"
"APP-DC20C20F3E79","D1008","2026-05-12",35100,48,"Subprime","Booked"
"APP-5E0A52C4080B","D1008","2026-05-12",27900,60,"Prime","Declined"
"APP-4A0C5534C8EE","D1008","2026-05-13",44300,72,"Prime","Approved"
"APP-933B5F6185E5","D1008","2026-05-13",36300,60,"Prime","Declined"
"APP-1CDFCAA1C662","D1008","2026-05-13",40400,48,"Near_Prime","Booked"
"APP-E4C42A24D687","D1008","2026-05-13",34500,84,"Near_Prime","Booked"
"APP-814B576B1077","D1008","2026-05-14",35900,72,"Near_Prime","Declined"
"APP-9175D6DECAD9","D1008","2026-05-14",26400,72,"Subprime","Booked"
"APP-4943CC7662F3","D1008","2026-05-14",33000,60,"Prime","Declined"
"APP-C1CB6FC9BF7F","D1008","2026-05-14",41700,72,"Prime","Declined"
"APP-FD85E17EE9D5","D1008","2026-05-15",36100,72,"Near_Prime","Approved"
"APP-27AD5A3B1E1D","D1008","2026-05-15",35100,72,"Near_Prime","Booked"
"APP-533D6DF62D48","D1008","2026-05-15",33900,60,"Subprime","Declined"
"APP-C99392A27AD4","D1008","2026-05-16",28800,72,"Prime","Declined"
"APP-89BD1D4AE637","D1008","2026-05-16",41700,72,"Prime","Booked"
"APP-ACAC8E2145FF","D1008","2026-05-17",47700,72,"Prime","Booked"
"APP-46E67F10D21E","D1008","2026-05-17",34500,72,"Prime","Booked"
"APP-2FA104F4F2FA","D1008","2026-05-18",39500,84,"Near_Prime","Booked"
"APP-2D213E55A4A1","D1008","2026-05-18",46200,84,"Prime","Approved"
"APP-AEF6793737DD","D1008","2026-05-18",35000,72,"Prime","Declined"
"APP-B604280979F6","D1008","2026-05-18",31700,48,"Near_Prime","Approved"
"APP-A4054A52B78E","D1008","2026-05-19",25400,72,"Subprime","Booked"
"APP-75633D05AA04","D1008","2026-05-19",47000,60,"Prime","Booked"
"APP-ED80F27B620F","D1008","2026-05-19",33000,60,"Near_Prime","Declined"
"APP-AAF2C9A823B3","D1008","2026-05-20",38300,60,"Prime","Booked"
"APP-0116E03ECF41","D1008","2026-05-20",44100,84,"Prime","Declined"
"APP-60D40C7398AE","D1008","2026-05-20",39500,72,"Prime","Approved"
"APP-035BDA6846C8","D1008","2026-05-20",41300,60,"Prime","Declined"
"APP-6873A6FDEB7B","D1008","2026-05-21",32300,60,"Near_Prime","Approved"
"APP-ADCF26E1905A","D1008","2026-05-21",33700,84,"Prime","Approved"
"APP-2CB937E294BE","D1008","2026-05-21",34700,72,"Subprime","Declined"
"APP-133164D454D9","D1008","2026-05-21",32200,84,"Prime","Declined"
"APP-2F8E52285408","D1008","2026-05-22",39200,60,"Near_Prime","Declined"
"APP-43E2C74B366D","D1008","2026-05-22",26900,72,"Subprime","Booked"
"APP-1A5E6B4FC11F","D1008","2026-05-22",29000,72,"Subprime","Declined"
"APP-6184DCAF5075","D1008","2026-05-22",37300,84,"Near_Prime","Approved"
"APP-C0F9BD5560B4","D1008","2026-05-23",37600,72,"Near_Prime","Booked"
"APP-9BEF9E7A4BCA","D1008","2026-05-23",38700,84,"Prime","Declined"
"APP-078384A54405","D1008","2026-05-24",33700,60,"Prime","Booked"
"APP-04AFAC009A1C","D1008","2026-05-24",30800,72,"Subprime","Declined"
"APP-8D86646DDD30","D1008","2026-05-25",32100,72,"Prime","Booked"
"APP-701A00FA3F6A","D1008","2026-05-25",37600,84,"Prime","Booked"
"APP-AAA1DEBAFD1A","D1008","2026-05-25",29900,60,"Prime","Booked"
"APP-75DB936B5AD1","D1008","2026-05-25",31400,60,"Near_Prime","Declined"
"APP-EBA483D76C7A","D1008","2026-05-26",31600,48,"Near_Prime","Booked"
"APP-0BBB0175BF32","D1008","2026-05-26",32200,84,"Prime","Approved"
"APP-A501AC18C61C","D1008","2026-05-26",32600,72,"Near_Prime","Declined"
"APP-9958CAC68811","D1008","2026-05-26",36600,84,"Prime","Approved"
"APP-8C5F0CEC3523","D1008","2026-05-26",21700,84,"Subprime","Booked"
"APP-A0A3D3BB41A8","D1008","2026-05-27",29900,72,"Prime","Declined"
"APP-EE35BB8E7B75","D1008","2026-05-27",30800,72,"Prime","Approved"
"APP-B0103C6740F5","D1008","2026-05-27",34000,60,"Near_Prime","Booked"
"APP-C0563082BF18","D1008","2026-05-27",34100,48,"Prime","Booked"
"APP-38D597AB65CC","D1008","2026-05-27",43300,60,"Prime","Approved"
"APP-000C4422C244","D1008","2026-05-28",41300,72,"Near_Prime","Declined"
"APP-BB05416A09BA","D1008","2026-05-28",25200,72,"Subprime","Approved"
"APP-A969A63CD9A2","D1008","2026-05-28",33500,72,"Prime","Approved"
"APP-B4A6036BBD4C","D1008","2026-05-28",45500,72,"Prime","Declined"
"APP-1537295B5FB2","D1008","2026-05-28",33700,48,"Subprime","Approved"
"APP-185E27089CF3","D1008","2026-05-29",28300,72,"Subprime","Booked"
"APP-C415262A34A0","D1008","2026-05-29",31100,48,"Prime","Declined"
"APP-FE75269F3C8F","D1008","2026-05-29",39200,72,"Prime","Booked"
"APP-5867AADA0EC2","D1008","2026-05-29",37700,72,"Prime","Approved"
"APP-C34FA2AD43AD","D1008","2026-05-29",35100,60,"Prime","Declined"
"APP-6055B0763506","D1008","2026-05-30",34600,84,"Near_Prime","Approved"
"APP-599E8A7A4913","D1008","2026-05-30",28600,84,"Prime","Approved"
"APP-FD5E63AEBC45","D1008","2026-05-30",35600,84,"Prime","Declined"
"APP-F1A2762D380B","D1008","2026-05-31",44400,60,"Prime","Booked"
"APP-05176B743E1B","D1008","2026-05-31",33300,72,"Prime","Declined"
"APP-132137DD689C","D1008","2026-06-01",43400,60,"Prime","Approved"
"APP-ED621E64224E","D1008","2026-06-01",25200,60,"Prime","Approved"
"APP-C42811A0E658","D1008","2026-06-01",34400,84,"Prime","Declined"
"APP-AB4BD18D96D2","D1008","2026-06-01",30800,72,"Subprime","Declined"
"APP-0FE7036E3A92","D1008","2026-06-02",30700,60,"Prime","Booked"
"APP-D29A53EF8DF7","D1008","2026-06-02",37500,72,"Prime","Booked"
"APP-CE5BBD22576D","D1008","2026-06-02",39300,72,"Prime","Booked"
"APP-1D080A90368B","D1008","2026-06-02",50800,84,"Prime","Booked"
"APP-B23D28EF5317","D1008","2026-06-03",40700,72,"Near_Prime","Booked"
"APP-B5BE0103EC9A","D1008","2026-06-03",43600,60,"Near_Prime","Declined"
"APP-EF05F9E5F739","D1008","2026-06-03",37300,60,"Prime","Declined"
"APP-435EEC15686B","D1008","2026-06-03",28400,60,"Subprime","Approved"
"APP-6E2AD8C749FF","D1008","2026-06-04",42800,72,"Near_Prime","Declined"
"APP-6EA9B2D714E5","D1008","2026-06-04",35900,84,"Prime","Approved"
"APP-29065BABB261","D1008","2026-06-04",30300,72,"Near_Prime","Booked"
"APP-998CD7E06FB6","D1008","2026-06-04",42700,72,"Prime","Booked"
"APP-B2D515213B62","D1008","2026-06-04",37200,60,"Prime","Booked"
"APP-1710906FAB21","D1008","2026-06-05",33000,72,"Prime","Booked"
"APP-0D83E3679846","D1008","2026-06-05",29700,60,"Subprime","Declined"
"APP-42A7FAED7419","D1008","2026-06-05",25000,72,"Subprime","Declined"
"APP-EE63C79E4210","D1008","2026-06-06",31500,84,"Prime","Declined"
"APP-B69FE7A333CC","D1008","2026-06-06",31900,72,"Prime","Booked"
"APP-310590665DF2","D1008","2026-06-07",36400,72,"Near_Prime","Declined"
"APP-DF362576C4FD","D1008","2026-06-07",32100,72,"Prime","Approved"
"APP-9C8D21A70013","D1008","2026-06-08",21300,84,"Near_Prime","Booked"
"APP-5F97BB700BB3","D1008","2026-06-08",41800,60,"Prime","Approved"
"APP-A8914890764B","D1008","2026-06-08",35300,72,"Near_Prime","Declined"
"APP-B4EA2E52DE1C","D1008","2026-06-09",43200,60,"Near_Prime","Booked"
"APP-9CAE003AF1DA","D1008","2026-06-09",35900,72,"Prime","Declined"
"APP-CD78DDD04172","D1008","2026-06-09",39700,60,"Prime","Declined"
"APP-0C2C33C14808","D1008","2026-06-09",34900,60,"Prime","Booked"
"APP-34D598EB36B3","D1008","2026-06-10",37200,72,"Prime","Declined"
"APP-1FBFED735B45","D1008","2026-06-10",41600,84,"Prime","Booked"
"APP-363AC6622562","D1008","2026-06-10",29500,60,"Prime","Booked"
"APP-CB6B8DEFD506","D1008","2026-06-10",51100,60,"Prime","Approved"
"APP-9C8AF6889174","D1008","2026-06-10",34300,84,"Near_Prime","Approved"
"APP-DF2B0946D06C","D1008","2026-06-11",38900,72,"Prime","Approved"
"APP-38A81390BBCD","D1008","2026-06-11",34700,84,"Prime","Approved"
"APP-C97634536B0E","D1008","2026-06-11",31700,84,"Prime","Booked"
"APP-E4029BAA8470","D1008","2026-06-11",38500,48,"Prime","Declined"
"APP-17C5B101BD5C","D1008","2026-06-11",38700,60,"Prime","Declined"
"APP-659C7817B83B","D1008","2026-06-12",38200,72,"Prime","Booked"
"APP-6BE85CCAD9BD","D1008","2026-06-12",51600,60,"Prime","Booked"
"APP-83DD77D34CD5","D1008","2026-06-12",31400,84,"Prime","Approved"
"APP-F7C4DAD72EF9","D1008","2026-06-13",38200,72,"Near_Prime","Booked"
"APP-0BDDBDA48DE8","D1008","2026-06-13",35400,60,"Prime","Booked"
"APP-D618FCA24FE2","D1008","2026-06-14",28100,72,"Subprime","Booked"
"APP-A4FCEEB569A9","D1008","2026-06-14",24200,60,"Subprime","Booked"
"APP-0F39C95A56CE","D1008","2026-06-15",35200,60,"Subprime","Approved"
"APP-D710717127CA","D1008","2026-06-15",47100,72,"Prime","Declined"
"APP-2D7EFBBB504B","D1008","2026-06-15",32600,72,"Prime","Booked"
"APP-E3C80C5CC6E9","D1008","2026-06-15",50400,84,"Prime","Approved"
"APP-9C86216BA148","D1008","2026-06-16",34200,84,"Subprime","Booked"
"APP-EFFC36621B0E","D1008","2026-06-16",34100,72,"Prime","Declined"
"APP-820897B9E899","D1008","2026-06-16",36400,84,"Prime","Booked"
"APP-F56833AA1C90","D1008","2026-06-16",31900,60,"Subprime","Booked"
"APP-17D05E9A78BC","D1008","2026-06-16",31900,84,"Prime","Declined"
"APP-48DAA4CF6ECE","D1008","2026-06-17",35900,72,"Prime","Booked"
"APP-6A6035F7D3ED","D1008","2026-06-17",33000,84,"Near_Prime","Booked"
"APP-293A646C91B5","D1008","2026-06-17",29500,60,"Prime","Booked"
"APP-5FEC609A4DB3","D1008","2026-06-17",44300,48,"Prime","Booked"
"APP-39F4D543B2E5","D1008","2026-06-17",35300,72,"Prime","Declined"
"APP-D3A8135E412D","D1008","2026-06-18",28500,48,"Prime","Booked"
"APP-EFA0115A413B","D1008","2026-06-18",29300,72,"Subprime","Declined"
"APP-126114AB76F5","D1008","2026-06-18",28000,72,"Subprime","Booked"
"APP-953B5233D69D","D1008","2026-06-18",30800,72,"Prime","Booked"
"APP-36DD3FDD3D35","D1008","2026-06-19",34600,72,"Prime","Approved"
"APP-48F89D323856","D1008","2026-06-19",44000,60,"Prime","Booked"
"APP-8EA17498A1F5","D1008","2026-06-19",46900,60,"Near_Prime","Booked"
"APP-5E54145F7BB3","D1008","2026-06-19",42700,72,"Prime","Declined"
"APP-CFC91BE4C193","D1008","2026-06-19",31400,60,"Subprime","Booked"
"APP-379B22B3B11C","D1008","2026-06-20",36300,72,"Subprime","Booked"
"APP-B23375E22659","D1008","2026-06-20",35700,48,"Prime","Booked"
"APP-DDD727E87AD9","D1008","2026-06-20",35200,72,"Near_Prime","Booked"
"APP-DC0730ACE31A","D1008","2026-06-21",35800,60,"Prime","Booked"
"APP-0C304D838812","D1008","2026-06-21",32000,84,"Subprime","Booked"
"APP-6FECCF64C10A","D1008","2026-06-22",30200,60,"Near_Prime","Booked"
"APP-6F7EA5692537","D1008","2026-06-22",30300,48,"Prime","Approved"
"APP-EEFE8E93B09C","D1008","2026-06-22",24800,84,"Prime","Booked"
"APP-6FC48BA9B1E4","D1008","2026-06-22",42300,60,"Near_Prime","Declined"
"APP-EE9C1DDE2123","D1008","2026-06-22",27200,84,"Prime","Booked"
"APP-ED7D4729089B","D1008","2026-06-23",44000,84,"Prime","Declined"
"APP-32E99BDF063D","D1008","2026-06-23",39400,84,"Prime","Declined"
"APP-7407F0DA00DA","D1008","2026-06-23",25400,72,"Prime","Booked"
"APP-3449B527B6AC","D1008","2026-06-24",26000,72,"Subprime","Declined"
"APP-538401362A74","D1008","2026-06-24",32900,84,"Near_Prime","Booked"
"APP-E571EAFE6642","D1008","2026-06-24",40300,72,"Prime","Declined"
"APP-52B3B58A17E1","D1008","2026-06-24",44700,72,"Prime","Booked"
"APP-A8AE013CF5F7","D1009","2026-03-28",37500,48,"Prime","Declined"
"APP-AE6F15E309C7","D1009","2026-03-28",39700,72,"Prime","Booked"
"APP-79721A065411","D1009","2026-03-29",36500,48,"Prime","Booked"
"APP-1E9446D17072","D1009","2026-03-29",31400,60,"Prime","Booked"
"APP-74BF7BCF3B6A","D1009","2026-03-30",39100,72,"Prime","Approved"
"APP-FC2D5CA85BCD","D1009","2026-03-30",38900,60,"Prime","Approved"
"APP-79840EC9D1F6","D1009","2026-03-30",42900,60,"Near_Prime","Booked"
"APP-F9CC1136FBFA","D1009","2026-03-30",38100,60,"Prime","Approved"
"APP-3B3ED67BF1FC","D1009","2026-03-31",33000,72,"Prime","Booked"
"APP-4EDC7A9B5DF7","D1009","2026-03-31",36200,84,"Prime","Booked"
"APP-3C55D4CE8216","D1009","2026-03-31",56400,84,"Prime","Declined"
"APP-7E9B7415B9A3","D1009","2026-03-31",33800,60,"Subprime","Approved"
"APP-6D5F55E8EB47","D1009","2026-03-31",36500,72,"Prime","Approved"
"APP-A8E2A63C9EE6","D1009","2026-04-01",26000,84,"Subprime","Declined"
"APP-D038B9EAEAD3","D1009","2026-04-01",34200,60,"Prime","Approved"
"APP-303159B6681C","D1009","2026-04-01",34700,84,"Prime","Booked"
"APP-5CD199D7EFA0","D1009","2026-04-01",40000,60,"Prime","Declined"
"APP-75D0E8CC048F","D1009","2026-04-02",33700,84,"Prime","Approved"
"APP-FD83D985824B","D1009","2026-04-02",38400,48,"Prime","Booked"
"APP-04BF712A4928","D1009","2026-04-02",25100,72,"Subprime","Declined"
"APP-1A52FD94E16D","D1009","2026-04-02",34900,48,"Near_Prime","Approved"
"APP-7A63908B65D5","D1009","2026-04-02",32000,84,"Prime","Approved"
"APP-93C6BA7B4F55","D1009","2026-04-03",36400,72,"Near_Prime","Approved"
"APP-C8B9DC35D42F","D1009","2026-04-03",39100,84,"Prime","Declined"
"APP-25EE674AAAA5","D1009","2026-04-03",45100,72,"Prime","Booked"
"APP-9D60166F0064","D1009","2026-04-03",39800,72,"Prime","Declined"
"APP-165B3C7D8691","D1009","2026-04-03",45900,60,"Near_Prime","Booked"
"APP-8DE0B847E6B9","D1009","2026-04-04",35600,60,"Prime","Approved"
"APP-460655AB359D","D1009","2026-04-04",32200,72,"Near_Prime","Booked"
"APP-DDAB9F8F692A","D1009","2026-04-04",41000,72,"Prime","Booked"
"APP-05EB6710CD40","D1009","2026-04-05",45800,84,"Prime","Booked"
"APP-3E6807BD1A60","D1009","2026-04-05",27500,84,"Subprime","Booked"
"APP-F891180C68CF","D1009","2026-04-05",46900,60,"Near_Prime","Declined"
"APP-6627C01D4A49","D1009","2026-04-06",33100,72,"Prime","Declined"
"APP-CC3E0F3D5AD1","D1009","2026-04-06",41800,84,"Prime","Booked"
"APP-4BCB527C4004","D1009","2026-04-06",35600,60,"Prime","Approved"
"APP-EBC5B7565FFA","D1009","2026-04-06",41500,84,"Near_Prime","Booked"
"APP-1BBF734CD0B2","D1009","2026-04-07",37200,84,"Near_Prime","Approved"
"APP-45BC440898C8","D1009","2026-04-07",39000,72,"Prime","Booked"
"APP-11518651F608","D1009","2026-04-07",32300,72,"Subprime","Booked"
"APP-E83CFEDE5520","D1009","2026-04-07",35000,72,"Prime","Approved"
"APP-B6148A16DF29","D1009","2026-04-07",44000,72,"Prime","Booked"
"APP-69DC785E54C0","D1009","2026-04-08",33700,72,"Subprime","Declined"
"APP-0B0CD7F58AE9","D1009","2026-04-08",37700,72,"Prime","Declined"
"APP-E3F5CD0BFCD1","D1009","2026-04-08",35700,84,"Prime","Booked"
"APP-8DF30066547D","D1009","2026-04-08",45200,60,"Prime","Approved"
"APP-9E73774E6847","D1009","2026-04-09",46900,72,"Prime","Declined"
"APP-ACF37EB83CB9","D1009","2026-04-09",41700,84,"Prime","Approved"
"APP-350CF8D7BDF5","D1009","2026-04-09",28300,72,"Near_Prime","Declined"
"APP-FD1F8D42E489","D1009","2026-04-09",39700,72,"Prime","Approved"
"APP-175F73B53D39","D1009","2026-04-09",34500,72,"Prime","Declined"
"APP-1509030D127D","D1009","2026-04-10",31500,84,"Prime","Declined"
"APP-21B785C73284","D1009","2026-04-10",43800,72,"Near_Prime","Booked"
"APP-C99726E2AD1D","D1009","2026-04-10",27300,72,"Prime","Booked"
"APP-C8355EDF1728","D1009","2026-04-10",31300,72,"Prime","Approved"
"APP-AE47C02ABD59","D1009","2026-04-10",44900,72,"Prime","Declined"
"APP-868E7B3CF5A0","D1009","2026-04-11",33800,72,"Prime","Declined"
"APP-57FE2D087CF1","D1009","2026-04-11",38900,84,"Near_Prime","Approved"
"APP-B497DFFB1913","D1009","2026-04-11",32600,72,"Near_Prime","Booked"
"APP-32998CBCE7C4","D1009","2026-04-12",42700,84,"Prime","Approved"
"APP-614C36064311","D1009","2026-04-12",47300,48,"Prime","Booked"
"APP-EFCDADDC7B3A","D1009","2026-04-13",35600,72,"Subprime","Approved"
"APP-52FBDE66C8A2","D1009","2026-04-13",30300,72,"Subprime","Booked"
"APP-192395C2F2A3","D1009","2026-04-13",38900,72,"Near_Prime","Declined"
"APP-D63A7BEBD1FB","D1009","2026-04-13",41100,60,"Near_Prime","Booked"
"APP-DF2F62A46E5E","D1009","2026-04-14",26100,72,"Subprime","Booked"
"APP-24B7FF07028D","D1009","2026-04-14",39100,72,"Prime","Declined"
"APP-FA1FB465DE63","D1009","2026-04-14",35100,72,"Prime","Booked"
"APP-E17852C8C8B0","D1009","2026-04-14",57500,72,"Prime","Booked"
"APP-F2456EDCE00A","D1009","2026-04-14",23400,72,"Subprime","Booked"
"APP-0B37DF3B15B2","D1009","2026-04-15",40400,72,"Near_Prime","Declined"
"APP-CD908EB0DAA6","D1009","2026-04-15",43500,72,"Prime","Booked"
"APP-4831D40F584B","D1009","2026-04-15",31100,72,"Prime","Declined"
"APP-694CDD1B9B1C","D1009","2026-04-15",37200,60,"Prime","Declined"
"APP-948BBE0972CF","D1009","2026-04-16",41700,48,"Prime","Booked"
"APP-6AE575460652","D1009","2026-04-16",33200,72,"Prime","Approved"
"APP-1A131982AC9A","D1009","2026-04-16",45800,72,"Prime","Declined"
"APP-AA25F3176FA3","D1009","2026-04-16",33600,84,"Near_Prime","Booked"
"APP-680D4B41DFA5","D1009","2026-04-17",38500,72,"Near_Prime","Approved"
"APP-794CDD0DC033","D1009","2026-04-17",31800,60,"Prime","Booked"
"APP-6B38D86CB43C","D1009","2026-04-17",41000,72,"Prime","Booked"
"APP-DE2A3DF2D915","D1009","2026-04-17",44500,84,"Prime","Booked"
"APP-36C09D22AB2E","D1009","2026-04-18",35200,72,"Prime","Declined"
"APP-06736D7FA463","D1009","2026-04-18",42000,84,"Near_Prime","Booked"
"APP-A347E43F0E6D","D1009","2026-04-18",34200,60,"Prime","Booked"
"APP-9CEF1335D31F","D1009","2026-04-19",37900,72,"Prime","Declined"
"APP-B57E7E5922BF","D1009","2026-04-19",43300,72,"Prime","Declined"
"APP-798C03424DD7","D1009","2026-04-20",36900,84,"Subprime","Booked"
"APP-4A7E80CC0A67","D1009","2026-04-20",37300,84,"Prime","Declined"
"APP-FA234DF3F34A","D1009","2026-04-20",37000,48,"Prime","Approved"
"APP-76C53CAD56FE","D1009","2026-04-20",40200,72,"Prime","Declined"
"APP-73527B014292","D1009","2026-04-20",44200,60,"Prime","Booked"
"APP-AB2EE401A326","D1009","2026-04-21",41900,72,"Prime","Booked"
"APP-D1D8627714C5","D1009","2026-04-21",36200,72,"Prime","Declined"
"APP-8E9EDE9BD1D4","D1009","2026-04-21",35900,48,"Prime","Declined"
"APP-D037EB224A9A","D1009","2026-04-21",36300,48,"Prime","Booked"
"APP-B05221DF8696","D1009","2026-04-21",44500,84,"Prime","Booked"
"APP-B8D3D980EACE","D1009","2026-04-22",39100,72,"Prime","Declined"
"APP-F2E2C0DFA2FD","D1009","2026-04-22",27500,72,"Subprime","Declined"
"APP-89CD4D82EF0A","D1009","2026-04-22",30900,72,"Prime","Booked"
"APP-5DD5E720B5EF","D1009","2026-04-22",42900,72,"Near_Prime","Booked"
"APP-59F85BB6332C","D1009","2026-04-23",44300,84,"Prime","Declined"
"APP-E4CE8D259646","D1009","2026-04-23",39600,60,"Prime","Booked"
"APP-74B40104D992","D1009","2026-04-23",38000,72,"Near_Prime","Declined"
"APP-5A84E2AA54A8","D1009","2026-04-24",35300,84,"Prime","Declined"
"APP-D187826F613D","D1009","2026-04-24",39600,48,"Prime","Approved"
"APP-9E47A3A3ADEE","D1009","2026-04-24",34300,60,"Prime","Booked"
"APP-D0FEA0A9FFD9","D1009","2026-04-24",28000,72,"Near_Prime","Declined"
"APP-9E45C0B82DBA","D1009","2026-04-25",31800,48,"Prime","Declined"
"APP-391C362CE97F","D1009","2026-04-25",30700,72,"Prime","Declined"
"APP-352BC6F28750","D1009","2026-04-25",25300,72,"Subprime","Declined"
"APP-9D7956C65AA9","D1009","2026-04-26",46700,84,"Prime","Booked"
"APP-DB65338042B4","D1009","2026-04-26",33200,72,"Subprime","Booked"
"APP-8EA5A3179376","D1009","2026-04-26",22000,72,"Subprime","Declined"
"APP-782CF983BBD4","D1009","2026-04-27",39100,72,"Near_Prime","Declined"
"APP-AA838D9BE6AB","D1009","2026-04-27",32200,72,"Subprime","Approved"
"APP-55043E78E232","D1009","2026-04-27",37400,84,"Near_Prime","Booked"
"APP-1CB6172B5B6B","D1009","2026-04-27",39200,84,"Prime","Booked"
"APP-69C6994DC96B","D1009","2026-04-28",36900,60,"Prime","Declined"
"APP-F01A1CADB4B2","D1009","2026-04-28",26400,72,"Subprime","Booked"
"APP-D4076C992709","D1009","2026-04-28",38600,60,"Prime","Declined"
"APP-BB008E7CB8A3","D1009","2026-04-28",39800,72,"Prime","Declined"
"APP-C2EB87F4C4CD","D1009","2026-04-29",34800,72,"Prime","Declined"
"APP-ECDE20E5C004","D1009","2026-04-29",26700,60,"Subprime","Declined"
"APP-CD76A364789E","D1009","2026-04-29",38900,72,"Near_Prime","Approved"
"APP-54DB88117046","D1009","2026-04-29",35800,84,"Prime","Approved"
"APP-2D428B58AE0B","D1009","2026-04-29",30400,84,"Subprime","Booked"
"APP-194908C010BD","D1009","2026-04-30",23000,72,"Subprime","Approved"
"APP-A5B7DDF1BFF8","D1009","2026-04-30",40100,84,"Prime","Declined"
"APP-62E3870E935B","D1009","2026-04-30",27500,60,"Prime","Booked"
"APP-66E7A11FE614","D1009","2026-04-30",28200,72,"Prime","Approved"
"APP-1B4DBE00AFF0","D1009","2026-05-01",31600,48,"Prime","Declined"
"APP-44F4E4EFE048","D1009","2026-05-01",41600,72,"Prime","Booked"
"APP-0139E7F2B751","D1009","2026-05-01",39900,60,"Prime","Approved"
"APP-1B61183DEDC8","D1009","2026-05-01",44500,84,"Prime","Approved"
"APP-9C5CE802D024","D1009","2026-05-02",51100,60,"Prime","Approved"
"APP-0A2A9691811F","D1009","2026-05-02",40700,72,"Subprime","Booked"
"APP-DC4CC38E0763","D1009","2026-05-02",31000,48,"Subprime","Booked"
"APP-5F1B001888D9","D1009","2026-05-03",39700,72,"Prime","Declined"
"APP-6C21D49EB0FB","D1009","2026-05-03",29800,60,"Prime","Approved"
"APP-202D60E4A2B5","D1009","2026-05-04",31300,84,"Prime","Declined"
"APP-405A38BB22B9","D1009","2026-05-04",36500,72,"Prime","Booked"
"APP-87DBEE53BB83","D1009","2026-05-04",47300,84,"Prime","Declined"
"APP-C481A066AA8F","D1009","2026-05-04",41200,72,"Prime","Approved"
"APP-B34FF8687720","D1009","2026-05-04",34100,48,"Prime","Booked"
"APP-048E8EBFEB43","D1009","2026-05-05",36800,84,"Subprime","Booked"
"APP-C8F66AAC2FE5","D1009","2026-05-05",34200,72,"Subprime","Approved"
"APP-7C2F355FAB3A","D1009","2026-05-05",45700,72,"Prime","Booked"
"APP-F3055452CB2F","D1009","2026-05-05",34300,60,"Subprime","Approved"
"APP-40CCF51ECC9C","D1009","2026-05-05",30100,60,"Prime","Booked"
"APP-4E640C5E2238","D1009","2026-05-06",37400,72,"Near_Prime","Declined"
"APP-AC542A36911F","D1009","2026-05-06",35400,60,"Prime","Declined"
"APP-B3166B38D118","D1009","2026-05-06",27300,60,"Subprime","Declined"
"APP-50B47155CB9D","D1009","2026-05-06",42300,60,"Prime","Booked"
"APP-A91A5BA56676","D1009","2026-05-07",43500,84,"Prime","Approved"
"APP-D3029245F54F","D1009","2026-05-07",29700,84,"Subprime","Declined"
"APP-C7F292343CA9","D1009","2026-05-07",41200,60,"Prime","Booked"
"APP-5630D10ACF6D","D1009","2026-05-07",44000,72,"Prime","Approved"
"APP-8CA4BDC87F0C","D1009","2026-05-07",32800,72,"Prime","Declined"
"APP-52D351B679DA","D1009","2026-05-08",37000,84,"Prime","Approved"
"APP-6F7D015F2E33","D1009","2026-05-08",30900,60,"Prime","Approved"
"APP-7A1EBB61FFDD","D1009","2026-05-08",32800,72,"Prime","Booked"
"APP-12AF725EC5B9","D1009","2026-05-08",34700,84,"Prime","Declined"
"APP-955D3A739A59","D1009","2026-05-08",41500,84,"Prime","Declined"
"APP-5C43C2539B8D","D1009","2026-05-09",42400,60,"Prime","Approved"
"APP-AC064DD581A8","D1009","2026-05-09",33300,60,"Near_Prime","Declined"
"APP-0D1E985C4F0B","D1009","2026-05-09",43000,60,"Prime","Booked"
"APP-0A5AF068497D","D1009","2026-05-10",38800,60,"Prime","Booked"
"APP-E69EAB32D5A5","D1009","2026-05-10",38500,72,"Prime","Approved"
"APP-AD18211533BD","D1009","2026-05-10",35800,60,"Near_Prime","Declined"
"APP-E6B8B49C3EA0","D1009","2026-05-11",42600,60,"Near_Prime","Booked"
"APP-8D1DDA879AF2","D1009","2026-05-11",34800,48,"Subprime","Booked"
"APP-D3477FFA6A73","D1009","2026-05-11",40400,84,"Prime","Booked"
"APP-3E0A19D084DC","D1009","2026-05-11",40400,48,"Prime","Approved"
"APP-F333A084756D","D1009","2026-05-11",39900,48,"Prime","Approved"
"APP-0269AF5054E0","D1009","2026-05-12",35900,72,"Prime","Approved"
"APP-A62E49EEE3B7","D1009","2026-05-12",25100,84,"Subprime","Approved"
"APP-29519F808A6E","D1009","2026-05-12",34800,60,"Prime","Declined"
"APP-9FE67A6E54A0","D1009","2026-05-12",27900,72,"Subprime","Approved"
"APP-FF147272AEA5","D1009","2026-05-12",34400,72,"Subprime","Declined"
"APP-7E81A414F336","D1009","2026-05-13",31800,60,"Prime","Approved"
"APP-1E1A35D649A7","D1009","2026-05-13",36400,72,"Prime","Declined"
"APP-35E7FC1C399E","D1009","2026-05-13",33900,72,"Subprime","Booked"
"APP-454E74B97603","D1009","2026-05-13",49800,72,"Prime","Approved"
"APP-4DDEA2141137","D1009","2026-05-14",30200,84,"Prime","Declined"
"APP-E69E34C187E1","D1009","2026-05-14",24600,60,"Subprime","Approved"
"APP-C07854FAD144","D1009","2026-05-14",40000,72,"Prime","Approved"
"APP-96A4DD7E0D60","D1009","2026-05-14",38000,72,"Prime","Booked"
"APP-EA999687D916","D1009","2026-05-14",30800,72,"Near_Prime","Approved"
"APP-B739FA450AC2","D1009","2026-05-15",35500,48,"Near_Prime","Approved"
"APP-4BB16CC23F84","D1009","2026-05-15",28900,84,"Subprime","Booked"
"APP-B3D1041A422B","D1009","2026-05-15",26300,84,"Prime","Approved"
"APP-65EBEC300B95","D1009","2026-05-15",30900,84,"Prime","Declined"
"APP-CA6560113AFC","D1009","2026-05-16",41600,48,"Prime","Approved"
"APP-7870F478C541","D1009","2026-05-16",30800,72,"Prime","Declined"
"APP-6A164E8AE428","D1009","2026-05-16",32900,84,"Prime","Approved"
"APP-61E70A0B102C","D1009","2026-05-17",36500,72,"Near_Prime","Approved"
"APP-22AB044E1FEC","D1009","2026-05-17",38400,60,"Prime","Declined"
"APP-2C95748A4A92","D1009","2026-05-18",40600,72,"Prime","Declined"
"APP-F2FCD99450F6","D1009","2026-05-18",39600,60,"Prime","Approved"
"APP-63A6BCD627CB","D1009","2026-05-18",42400,72,"Prime","Booked"
"APP-B83E9BAF8D77","D1009","2026-05-19",36100,84,"Prime","Booked"
"APP-DF4FFA2F7A70","D1009","2026-05-19",33600,48,"Subprime","Booked"
"APP-2BC56D1B58CF","D1009","2026-05-19",44700,60,"Prime","Approved"
"APP-E7672AB8D97A","D1009","2026-05-19",44800,84,"Prime","Approved"
"APP-CB679CE4FE09","D1009","2026-05-20",37100,72,"Prime","Booked"
"APP-22D71E093C36","D1009","2026-05-20",21300,72,"Prime","Booked"
"APP-B299C7265690","D1009","2026-05-20",39300,72,"Near_Prime","Booked"
"APP-41FC2E00B52F","D1009","2026-05-20",29700,72,"Subprime","Booked"
"APP-43917D4D9A29","D1009","2026-05-21",29400,60,"Prime","Booked"
"APP-EF9EA45D7FE4","D1009","2026-05-21",35900,84,"Prime","Approved"
"APP-A5984DB16EB2","D1009","2026-05-21",31400,72,"Near_Prime","Approved"
"APP-C5CF5639F52F","D1009","2026-05-21",28900,72,"Near_Prime","Approved"
"APP-33D5579269A6","D1009","2026-05-22",33200,84,"Near_Prime","Declined"
"APP-E4C0FEFFBDED","D1009","2026-05-22",31100,84,"Subprime","Declined"
"APP-C88830A2858C","D1009","2026-05-22",41900,72,"Near_Prime","Booked"
"APP-B072DC4F68C6","D1009","2026-05-23",34900,48,"Prime","Booked"
"APP-52F4893788A8","D1009","2026-05-23",31900,72,"Near_Prime","Approved"
"APP-FD116E6CC1AB","D1009","2026-05-24",35000,84,"Near_Prime","Approved"
"APP-886C4FD8CA74","D1009","2026-05-24",38600,84,"Prime","Approved"
"APP-8BCECC66C82F","D1009","2026-05-25",43500,60,"Prime","Approved"
"APP-6A65D95F535E","D1009","2026-05-25",36200,84,"Prime","Approved"
"APP-B67F52829358","D1009","2026-05-25",42800,84,"Prime","Declined"
"APP-958FB594C6A5","D1009","2026-05-25",43300,72,"Prime","Declined"
"APP-031785CF2F67","D1009","2026-05-26",39300,60,"Prime","Declined"
"APP-DC6C4A11654F","D1009","2026-05-26",45200,72,"Prime","Approved"
"APP-776150B6233E","D1009","2026-05-26",44800,84,"Prime","Approved"
"APP-9FE756BDDB7B","D1009","2026-05-26",37000,60,"Prime","Booked"
"APP-AD0EE7C82481","D1009","2026-05-26",33100,60,"Subprime","Approved"
"APP-EF3235B4A8C8","D1009","2026-05-27",40300,72,"Prime","Approved"
"APP-E3B850B10589","D1009","2026-05-27",42600,60,"Prime","Declined"
"APP-7C39AC08B4DF","D1009","2026-05-27",34000,72,"Subprime","Booked"
"APP-593DA223F828","D1009","2026-05-27",32800,84,"Subprime","Booked"
"APP-8CB0060FF134","D1009","2026-05-28",49600,48,"Prime","Declined"
"APP-4DD6F10DE2BC","D1009","2026-05-28",35400,72,"Prime","Declined"
"APP-D28D590833B0","D1009","2026-05-28",30400,60,"Subprime","Approved"
"APP-955B71F99C27","D1009","2026-05-28",38900,84,"Near_Prime","Approved"
"APP-2833449C5BE8","D1009","2026-05-28",34600,72,"Prime","Booked"
"APP-E7CC8BC639F5","D1009","2026-05-29",33600,60,"Prime","Booked"
"APP-E82B3169688F","D1009","2026-05-29",30400,48,"Subprime","Approved"
"APP-7410A7654D17","D1009","2026-05-29",38800,60,"Subprime","Booked"
"APP-CDE9405B913D","D1009","2026-05-29",39900,72,"Prime","Approved"
"APP-FD05AAA3C9A5","D1009","2026-05-30",34200,84,"Prime","Booked"
"APP-E90B5628DCC6","D1009","2026-05-30",43400,84,"Prime","Declined"
"APP-8C433D4CAA6A","D1009","2026-05-31",34500,72,"Prime","Booked"
"APP-454ED140F6A9","D1009","2026-05-31",31600,84,"Near_Prime","Booked"
"APP-9674162EEC6D","D1009","2026-05-31",32500,48,"Prime","Booked"
"APP-9903AD4C343B","D1009","2026-06-01",29200,60,"Subprime","Declined"
"APP-1F8E47E1CB64","D1009","2026-06-01",23800,84,"Subprime","Approved"
"APP-299434C4C75A","D1009","2026-06-01",33100,72,"Prime","Approved"
"APP-D3E1FA181E7C","D1009","2026-06-01",39200,84,"Prime","Approved"
"APP-9F4B719E328D","D1009","2026-06-02",37100,72,"Near_Prime","Booked"
"APP-5B6C212F73CF","D1009","2026-06-02",37100,60,"Prime","Declined"
"APP-5AB7217F36FC","D1009","2026-06-02",27800,72,"Prime","Declined"
"APP-CA43A6B9EFB8","D1009","2026-06-02",41500,72,"Near_Prime","Declined"
"APP-D8DF692112C4","D1009","2026-06-03",45900,72,"Prime","Booked"
"APP-614AB51EEA7F","D1009","2026-06-03",44800,84,"Prime","Declined"
"APP-811125B1A506","D1009","2026-06-03",25400,72,"Prime","Booked"
"APP-018B4F894D93","D1009","2026-06-03",37900,60,"Near_Prime","Approved"
"APP-64D0C3336649","D1009","2026-06-04",41000,60,"Near_Prime","Booked"
"APP-E6F803EB8BDA","D1009","2026-06-04",35900,84,"Near_Prime","Declined"
"APP-130CFC5DA1BA","D1009","2026-06-04",48200,84,"Prime","Booked"
"APP-0205C8242437","D1009","2026-06-04",38900,72,"Prime","Approved"
"APP-41ED212651B6","D1009","2026-06-04",38600,72,"Near_Prime","Declined"
"APP-5E3425E31E57","D1009","2026-06-05",42700,84,"Near_Prime","Approved"
"APP-275431CEAA94","D1009","2026-06-05",37200,72,"Prime","Booked"
"APP-69BC4D4D75CA","D1009","2026-06-05",36500,72,"Prime","Booked"
"APP-DAA4E874B8BD","D1009","2026-06-05",26200,48,"Prime","Declined"
"APP-D82AC5488FF2","D1009","2026-06-06",33100,72,"Prime","Booked"
"APP-F2EDE5E844EE","D1009","2026-06-06",34900,72,"Near_Prime","Approved"
"APP-9A870F2A82D0","D1009","2026-06-07",38900,60,"Prime","Booked"
"APP-9ED101DB4E24","D1009","2026-06-07",31800,60,"Subprime","Booked"
"APP-F63DC453E543","D1009","2026-06-07",37200,84,"Prime","Booked"
"APP-A5723D6D658D","D1009","2026-06-08",48900,72,"Prime","Booked"
"APP-6154E12D8045","D1009","2026-06-08",35500,72,"Subprime","Booked"
"APP-FCA87683D945","D1009","2026-06-08",34600,84,"Prime","Booked"
"APP-368816C0AC59","D1009","2026-06-09",39100,72,"Prime","Approved"
"APP-FC1FDD026570","D1009","2026-06-09",42000,84,"Near_Prime","Declined"
"APP-AFAF6FC9E735","D1009","2026-06-09",35000,60,"Near_Prime","Booked"
"APP-D76A7549D248","D1009","2026-06-09",49900,72,"Prime","Approved"
"APP-1E1227B2C159","D1009","2026-06-10",25200,72,"Subprime","Booked"
"APP-E9ECD426D31A","D1009","2026-06-10",29600,84,"Prime","Declined"
"APP-67EADA841CC7","D1009","2026-06-10",32800,84,"Near_Prime","Approved"
"APP-5434CEBC473C","D1009","2026-06-10",33900,72,"Prime","Declined"
"APP-B6CF8CC85A82","D1009","2026-06-11",27900,84,"Subprime","Approved"
"APP-94C55A74754D","D1009","2026-06-11",35800,72,"Prime","Approved"
"APP-59B393FEAD29","D1009","2026-06-11",42500,48,"Prime","Approved"
"APP-AE58C5689374","D1009","2026-06-11",38700,84,"Prime","Booked"
"APP-D6BF76C288F5","D1009","2026-06-12",35400,84,"Prime","Approved"
"APP-3DD8854357A1","D1009","2026-06-12",39600,60,"Prime","Booked"
"APP-AB7A3FB67C97","D1009","2026-06-12",41000,72,"Prime","Declined"
"APP-E15B0E77AB6C","D1009","2026-06-12",39800,72,"Prime","Booked"
"APP-104101883650","D1009","2026-06-13",38200,48,"Prime","Declined"
"APP-44BF0855ADC3","D1009","2026-06-13",28800,60,"Prime","Booked"
"APP-F9DFA7253EB7","D1009","2026-06-14",41600,84,"Prime","Booked"
"APP-5BD470437DB4","D1009","2026-06-14",43700,72,"Prime","Declined"
"APP-09C090EC0061","D1009","2026-06-15",44300,84,"Prime","Booked"
"APP-7BDBF098FC38","D1009","2026-06-15",39000,72,"Prime","Booked"
"APP-96100574347C","D1009","2026-06-15",34800,72,"Near_Prime","Approved"
"APP-052DC5778744","D1009","2026-06-15",36500,72,"Prime","Declined"
"APP-E2AEFEEB22DC","D1009","2026-06-15",32500,72,"Prime","Declined"
"APP-917B593348D3","D1009","2026-06-16",47600,72,"Prime","Booked"
"APP-11E544876466","D1009","2026-06-16",37300,60,"Near_Prime","Booked"
"APP-6FC7828F50F2","D1009","2026-06-16",38200,72,"Near_Prime","Booked"
"APP-5B4710D49136","D1009","2026-06-16",29000,60,"Subprime","Booked"
"APP-AAE52FFE30A1","D1009","2026-06-17",35900,72,"Prime","Booked"
"APP-C3EB73850509","D1009","2026-06-17",43400,72,"Near_Prime","Approved"
"APP-E2FC67FA014D","D1009","2026-06-17",37700,72,"Prime","Approved"
"APP-84402B63C8AA","D1009","2026-06-17",36500,84,"Prime","Approved"
"APP-2234FA70549B","D1009","2026-06-18",34500,60,"Subprime","Approved"
"APP-A8E81F7D2FF6","D1009","2026-06-18",36100,72,"Prime","Booked"
"APP-C039603A7772","D1009","2026-06-18",41200,72,"Prime","Declined"
"APP-6D19939F2357","D1009","2026-06-18",28000,72,"Prime","Approved"
"APP-D2E573EA78C9","D1009","2026-06-18",34500,60,"Prime","Declined"
"APP-6BE38A30EAA2","D1009","2026-06-19",29700,84,"Near_Prime","Declined"
"APP-2F1BFABCAA69","D1009","2026-06-19",35200,72,"Prime","Declined"
"APP-C6EDE9AE6EA1","D1009","2026-06-19",31500,48,"Subprime","Approved"
"APP-7AE86B2DA0AD","D1009","2026-06-19",33300,84,"Subprime","Declined"
"APP-DEAC2706B873","D1009","2026-06-19",38500,60,"Prime","Booked"
"APP-EF717D61BA96","D1009","2026-06-20",44600,84,"Prime","Booked"
"APP-2759F2A61C2B","D1009","2026-06-20",41600,60,"Prime","Declined"
"APP-3CA5004B7D00","D1009","2026-06-21",39900,48,"Prime","Booked"
"APP-C8269793038F","D1009","2026-06-21",26700,60,"Subprime","Declined"
"APP-05A8FD890267","D1009","2026-06-22",43400,60,"Prime","Booked"
"APP-6BDBDEA7E618","D1009","2026-06-22",31100,72,"Prime","Declined"
"APP-ED94A1354A66","D1009","2026-06-22",29500,72,"Subprime","Booked"
"APP-1C8F048DB596","D1009","2026-06-22",28900,72,"Prime","Booked"
"APP-B42144154DAF","D1009","2026-06-23",41800,84,"Prime","Declined"
"APP-2734BCA01AED","D1009","2026-06-23",29500,72,"Near_Prime","Booked"
"APP-D766896202AC","D1009","2026-06-23",50800,84,"Prime","Declined"
"APP-DB52D00C29DA","D1009","2026-06-23",46100,72,"Prime","Booked"
"APP-2BFF383CEF02","D1009","2026-06-23",23800,60,"Subprime","Booked"
"APP-4F47F138C049","D1009","2026-06-24",32900,72,"Subprime","Booked"
"APP-6044EBB9B58E","D1009","2026-06-24",41400,84,"Prime","Booked"
"APP-F8BD1AC03F25","D1009","2026-06-24",31800,72,"Prime","Declined"
"APP-AC0797B13E34","D1009","2026-06-24",43100,48,"Prime","Booked"
"APP-99FCCF100823","D1009","2026-06-24",31700,84,"Prime","Declined"
"APP-7D6FDF42EEDB","D1009","2026-06-25",43700,72,"Prime","Booked"
"APP-84CBBDFF1469","D1009","2026-06-25",42500,60,"Prime","Declined"
"APP-80B0A7A15835","D1009","2026-06-25",39900,72,"Prime","Approved"
"APP-116D0475B78E","D1009","2026-06-25",23800,72,"Subprime","Booked"
"APP-029A6E267630","D1009","2026-06-25",36200,60,"Prime","Declined"
"APP-9CF10F8749BE","D1009","2026-06-25",34500,60,"Subprime","Approved"
"APP-7C4D30A1B100","D1009","2026-06-25",41900,60,"Prime","Booked"
"APP-3ABD85781174","D1009","2026-06-25",43900,72,"Prime","Booked"
"APP-DC2C2E45E0D2","D1010","2026-03-28",45200,72,"Subprime","Booked"
"APP-890CF6801678","D1010","2026-03-28",46600,84,"Subprime","Approved"
"APP-0897EF039423","D1010","2026-03-28",46700,72,"Near_Prime","Approved"
"APP-0A28D1BD776A","D1010","2026-03-29",46100,60,"Prime","Approved"
"APP-8742CD450951","D1010","2026-03-29",45500,60,"Subprime","Declined"
"APP-D6BFC62B7B4D","D1010","2026-03-29",56000,48,"Prime","Booked"
"APP-FD83B5F173C1","D1010","2026-03-30",44000,72,"Prime","Booked"
"APP-52911D8FFD63","D1010","2026-03-30",61000,60,"Prime","Booked"
"APP-CE736F206EC2","D1010","2026-03-30",39100,60,"Prime","Declined"
"APP-52EFF53567C8","D1010","2026-03-30",51500,72,"Prime","Declined"
"APP-E57558EE4FBA","D1010","2026-03-31",50900,48,"Prime","Booked"
"APP-76C395A309E6","D1010","2026-03-31",34900,72,"Subprime","Booked"
"APP-0BAF6D76E400","D1010","2026-03-31",61600,72,"Prime","Approved"
"APP-E4C7270CDB46","D1010","2026-03-31",40700,72,"Prime","Booked"
"APP-DA498BEAA25A","D1010","2026-03-31",56500,72,"Prime","Declined"
"APP-808669F111AB","D1010","2026-04-01",53800,84,"Prime","Booked"
"APP-4C46271EA149","D1010","2026-04-01",48200,48,"Prime","Approved"
"APP-EE515134A8F8","D1010","2026-04-01",42700,60,"Near_Prime","Approved"
"APP-D1F2A0E97865","D1010","2026-04-01",37300,72,"Prime","Approved"
"APP-F9FAF4F47FAF","D1010","2026-04-02",65400,84,"Prime","Booked"
"APP-4C891DB38F70","D1010","2026-04-02",53100,72,"Prime","Declined"
"APP-62249ECBB368","D1010","2026-04-02",44900,60,"Prime","Declined"
"APP-70AB64C0BCEA","D1010","2026-04-02",41600,60,"Subprime","Booked"
"APP-ACC5FFAB5D71","D1010","2026-04-02",35200,60,"Subprime","Booked"
"APP-7CDDC01CCD33","D1010","2026-04-03",37000,72,"Subprime","Declined"
"APP-7A6F185CBD2A","D1010","2026-04-03",47000,72,"Prime","Booked"
"APP-58E1C6B3CAE9","D1010","2026-04-03",50900,60,"Prime","Approved"
"APP-C010225C6097","D1010","2026-04-03",52700,84,"Near_Prime","Declined"
"APP-A1C6B4E32C6C","D1010","2026-04-03",50800,72,"Near_Prime","Booked"
"APP-2823F1C88272","D1010","2026-04-04",56300,72,"Prime","Booked"
"APP-763DEA148106","D1010","2026-04-04",32000,60,"Subprime","Approved"
"APP-61D1E3418A40","D1010","2026-04-05",45500,72,"Subprime","Booked"
"APP-AB9A39C75C41","D1010","2026-04-05",45500,84,"Prime","Booked"
"APP-92555125E9D3","D1010","2026-04-05",58600,72,"Prime","Declined"
"APP-F7A399F14163","D1010","2026-04-06",46600,60,"Near_Prime","Approved"
"APP-7800008A7652","D1010","2026-04-06",48000,72,"Near_Prime","Booked"
"APP-4FF352EA9B1E","D1010","2026-04-06",52300,72,"Prime","Approved"
"APP-9E1457EB4F5A","D1010","2026-04-06",55200,48,"Subprime","Declined"
"APP-17DA3029058D","D1010","2026-04-06",49100,72,"Near_Prime","Declined"
"APP-CDB9A6AC3CF5","D1010","2026-04-07",49600,72,"Subprime","Booked"
"APP-0DC92A7DC24F","D1010","2026-04-07",54500,72,"Prime","Declined"
"APP-023AD1351870","D1010","2026-04-07",45300,72,"Prime","Approved"
"APP-850BA9A15401","D1010","2026-04-08",32800,72,"Prime","Booked"
"APP-4D04CDA5EEB6","D1010","2026-04-08",51000,72,"Prime","Booked"
"APP-15236C47EB77","D1010","2026-04-08",49700,72,"Near_Prime","Declined"
"APP-4DBF298D8EA4","D1010","2026-04-08",54100,72,"Prime","Declined"
"APP-D39CE790B652","D1010","2026-04-09",58600,60,"Prime","Approved"
"APP-5FFF42AB5F71","D1010","2026-04-09",51600,72,"Prime","Declined"
"APP-C0B1D296B29B","D1010","2026-04-09",65000,72,"Prime","Approved"
"APP-603484F9AC4B","D1010","2026-04-09",43400,84,"Prime","Declined"
"APP-B3299C9DEC5F","D1010","2026-04-10",50100,84,"Prime","Approved"
"APP-CE0D1B87E74D","D1010","2026-04-10",56700,72,"Prime","Booked"
"APP-E673B73F1B4A","D1010","2026-04-10",51400,60,"Prime","Declined"
"APP-FD79D97FDB72","D1010","2026-04-10",52600,72,"Subprime","Booked"
"APP-12D980B8FC58","D1010","2026-04-10",34500,60,"Prime","Booked"
"APP-9C4909D63DFA","D1010","2026-04-11",47000,72,"Prime","Declined"
"APP-739EE3103104","D1010","2026-04-11",38400,72,"Subprime","Approved"
"APP-923806D0EB74","D1010","2026-04-12",39600,72,"Prime","Declined"
"APP-DD82BDB4FDE8","D1010","2026-04-12",50500,60,"Subprime","Approved"
"APP-D0E2A7AC935A","D1010","2026-04-12",61000,60,"Prime","Booked"
"APP-38A483459419","D1010","2026-04-13",56500,72,"Prime","Approved"
"APP-61264787EC73","D1010","2026-04-13",25700,84,"Prime","Booked"
"APP-DE159433E898","D1010","2026-04-13",50700,60,"Prime","Approved"
"APP-B571750C7416","D1010","2026-04-13",44400,72,"Subprime","Booked"
"APP-4CB86A5AE807","D1010","2026-04-13",60500,84,"Near_Prime","Declined"
"APP-0A767FADEF66","D1010","2026-04-14",42800,48,"Prime","Booked"
"APP-761B96D1B09E","D1010","2026-04-14",41100,72,"Subprime","Approved"
"APP-CB704F6FF1E7","D1010","2026-04-14",49000,84,"Prime","Booked"
"APP-6280BAB68924","D1010","2026-04-15",49000,84,"Prime","Approved"
"APP-207994784BF5","D1010","2026-04-15",46000,60,"Near_Prime","Booked"
"APP-1A9578569D82","D1010","2026-04-15",54500,72,"Prime","Approved"
"APP-86B814C4C407","D1010","2026-04-15",44300,72,"Subprime","Booked"
"APP-CA8C647E3449","D1010","2026-04-15",39900,72,"Prime","Declined"
"APP-9595F58CD2A8","D1010","2026-04-16",40600,72,"Prime","Booked"
"APP-CF2F4B5BC8E8","D1010","2026-04-16",59400,72,"Prime","Declined"
"APP-9BB66903EB4E","D1010","2026-04-16",38300,48,"Subprime","Booked"
"APP-24EEAB855F38","D1010","2026-04-16",50400,84,"Prime","Booked"
"APP-8F180DF0DC4E","D1010","2026-04-16",39800,48,"Subprime","Declined"
"APP-66EFC0ABD8DD","D1010","2026-04-17",53500,72,"Near_Prime","Booked"
"APP-D09EBF441241","D1010","2026-04-17",58100,60,"Prime","Approved"
"APP-6C5985EB946D","D1010","2026-04-17",50400,84,"Prime","Booked"
"APP-334353ECCEA3","D1010","2026-04-18",46800,60,"Prime","Booked"
"APP-B9299EE8E5EE","D1010","2026-04-18",36900,84,"Prime","Booked"
"APP-FBB2E6CC2E38","D1010","2026-04-19",36400,72,"Subprime","Declined"
"APP-85240F500662","D1010","2026-04-19",54000,72,"Prime","Booked"
"APP-A8FFCB3C180E","D1010","2026-04-20",52600,60,"Prime","Approved"
"APP-438F4B21FEB8","D1010","2026-04-20",51600,60,"Prime","Approved"
"APP-9BA6BF9E8281","D1010","2026-04-20",54000,60,"Prime","Booked"
"APP-A57337086212","D1010","2026-04-20",63900,48,"Near_Prime","Declined"
"APP-EA6C8DDBDBE2","D1010","2026-04-21",56600,72,"Prime","Declined"
"APP-83247E04DF18","D1010","2026-04-21",51100,72,"Prime","Booked"
"APP-D13C5FC751C8","D1010","2026-04-21",47700,72,"Prime","Approved"
"APP-5EE8FB254518","D1010","2026-04-21",41600,84,"Near_Prime","Declined"
"APP-12D3407C2DF9","D1010","2026-04-21",46400,60,"Subprime","Booked"
"APP-3CCF5C4758CD","D1010","2026-04-22",44900,72,"Subprime","Booked"
"APP-A31E6B9DA8CA","D1010","2026-04-22",57200,48,"Prime","Approved"
"APP-B8C8950CDA52","D1010","2026-04-22",47400,60,"Near_Prime","Booked"
"APP-376CA414CC69","D1010","2026-04-22",50900,84,"Prime","Declined"
"APP-679069D96512","D1010","2026-04-22",30100,84,"Subprime","Booked"
"APP-C3FA49BFD79D","D1010","2026-04-23",53700,72,"Prime","Booked"
"APP-E8E2F72DA713","D1010","2026-04-23",54800,60,"Prime","Declined"
"APP-4E42A9582FDE","D1010","2026-04-23",37300,84,"Prime","Declined"
"APP-CCDD33313393","D1010","2026-04-23",62900,48,"Near_Prime","Approved"
"APP-F72DD72A6B31","D1010","2026-04-24",42300,48,"Prime","Booked"
"APP-367377C00E3E","D1010","2026-04-24",50000,48,"Prime","Approved"
"APP-71C4177B8445","D1010","2026-04-24",45500,84,"Prime","Approved"
"APP-0A4262321323","D1010","2026-04-24",35300,72,"Subprime","Booked"
"APP-DA0A6E876123","D1010","2026-04-24",39700,84,"Prime","Declined"
"APP-76EBB57EF479","D1010","2026-04-25",64400,60,"Prime","Declined"
"APP-D2180C33A23A","D1010","2026-04-25",34200,48,"Subprime","Declined"
"APP-F2B60A63D1F1","D1010","2026-04-26",28100,72,"Prime","Booked"
"APP-F8D574B8A474","D1010","2026-04-26",48700,84,"Prime","Declined"
"APP-29AD629D2AED","D1010","2026-04-26",47900,72,"Prime","Declined"
"APP-5A78FBD8ABA4","D1010","2026-04-27",49200,60,"Prime","Booked"
"APP-5585143A33B8","D1010","2026-04-27",42200,84,"Prime","Booked"
"APP-2D4439BF6694","D1010","2026-04-27",40000,60,"Prime","Booked"
"APP-D22F7771F1C4","D1010","2026-04-28",44100,60,"Prime","Booked"
"APP-76435DDECB77","D1010","2026-04-28",51300,72,"Prime","Booked"
"APP-D30451FF2344","D1010","2026-04-28",37700,84,"Near_Prime","Booked"
"APP-0F7D315D07C9","D1010","2026-04-28",60300,84,"Prime","Booked"
"APP-9D999FDAE38A","D1010","2026-04-28",46200,72,"Prime","Booked"
"APP-EA4F0B548094","D1010","2026-04-29",46700,48,"Near_Prime","Declined"
"APP-313D691418D0","D1010","2026-04-29",56100,72,"Near_Prime","Booked"
"APP-4FBC1BB923A1","D1010","2026-04-29",35000,72,"Prime","Approved"
"APP-1B0977406E2C","D1010","2026-04-29",55500,72,"Prime","Declined"
"APP-E09219A61683","D1010","2026-04-30",43800,60,"Prime","Approved"
"APP-5E47E4C6112B","D1010","2026-04-30",40500,72,"Prime","Approved"
"APP-18646E8DC096","D1010","2026-04-30",50700,72,"Prime","Approved"
"APP-1C4502E361F5","D1010","2026-04-30",46400,72,"Prime","Approved"
"APP-A1B7BA5F32A5","D1010","2026-04-30",60400,60,"Prime","Booked"
"APP-B7A2F9756C0B","D1010","2026-05-01",57100,60,"Prime","Declined"
"APP-DEF0C51A1A02","D1010","2026-05-01",49500,60,"Subprime","Booked"
"APP-F4987870551A","D1010","2026-05-01",51300,48,"Prime","Declined"
"APP-BC2C56635F88","D1010","2026-05-01",61200,84,"Prime","Approved"
"APP-495162B88099","D1010","2026-05-02",63100,84,"Prime","Booked"
"APP-A8BFB5045ABF","D1010","2026-05-02",60100,84,"Prime","Declined"
"APP-01DC50320DE6","D1010","2026-05-02",35500,72,"Near_Prime","Declined"
"APP-39BE27941C52","D1010","2026-05-03",55400,84,"Prime","Declined"
"APP-DB0F19523875","D1010","2026-05-03",51700,48,"Prime","Approved"
"APP-F4998C2B0363","D1010","2026-05-03",43600,48,"Near_Prime","Declined"
"APP-1328389E9CE3","D1010","2026-05-04",41600,48,"Prime","Booked"
"APP-3F33B97FA444","D1010","2026-05-04",39200,84,"Subprime","Declined"
"APP-6F58B4F9E723","D1010","2026-05-04",63000,72,"Prime","Booked"
"APP-51CCF805907B","D1010","2026-05-04",47900,60,"Prime","Declined"
"APP-992E669E4DC7","D1010","2026-05-04",57800,72,"Prime","Booked"
"APP-14985C58924A","D1010","2026-05-05",50100,84,"Prime","Booked"
"APP-7B50AFDF6AB9","D1010","2026-05-05",47900,72,"Subprime","Declined"
"APP-8026EFA8A7B0","D1010","2026-05-05",35200,72,"Subprime","Declined"
"APP-4F629936B026","D1010","2026-05-05",48500,72,"Prime","Declined"
"APP-9EEC2553A7FF","D1010","2026-05-05",35900,72,"Prime","Declined"
"APP-BF1671873EAB","D1010","2026-05-06",60500,60,"Prime","Declined"
"APP-79D2460416F5","D1010","2026-05-06",49000,60,"Prime","Declined"
"APP-80D95A1DD937","D1010","2026-05-06",52400,72,"Prime","Declined"
"APP-96CEC9E73BDE","D1010","2026-05-07",47400,60,"Prime","Booked"
"APP-97652024C2FF","D1010","2026-05-07",53400,72,"Prime","Approved"
"APP-8B9414721259","D1010","2026-05-07",62400,84,"Prime","Approved"
"APP-81568ED7F594","D1010","2026-05-07",52400,60,"Prime","Booked"
"APP-0D3C741B511F","D1010","2026-05-08",39100,60,"Subprime","Declined"
"APP-964DA697C504","D1010","2026-05-08",39100,60,"Subprime","Declined"
"APP-E3C7F59A524F","D1010","2026-05-08",44600,72,"Subprime","Declined"
"APP-07222CD7DA8D","D1010","2026-05-08",46900,72,"Prime","Declined"
"APP-2D4AD05AF10A","D1010","2026-05-08",36500,84,"Near_Prime","Booked"
"APP-60CF2962414B","D1010","2026-05-09",40800,72,"Near_Prime","Booked"
"APP-1228DB8D790B","D1010","2026-05-09",26600,84,"Subprime","Booked"
"APP-713FD9D650C8","D1010","2026-05-09",56500,72,"Prime","Declined"
"APP-27A7E4CE4E55","D1010","2026-05-10",45600,48,"Prime","Approved"
"APP-C15544676C70","D1010","2026-05-10",55900,60,"Prime","Booked"
"APP-95AC665F9174","D1010","2026-05-11",47800,48,"Prime","Declined"
"APP-EC1AD52238FD","D1010","2026-05-11",49100,84,"Prime","Declined"
"APP-71FCA009F22D","D1010","2026-05-11",46900,72,"Subprime","Declined"
"APP-42F869897FC4","D1010","2026-05-11",38900,72,"Prime","Booked"
"APP-4444788048A7","D1010","2026-05-12",35500,84,"Subprime","Booked"
"APP-A9CC786688E0","D1010","2026-05-12",37300,72,"Near_Prime","Declined"
"APP-B906D1CC18D6","D1010","2026-05-12",54500,48,"Prime","Booked"
"APP-641A9AB211B0","D1010","2026-05-12",41300,84,"Prime","Approved"
"APP-870E8E4CEFA1","D1010","2026-05-13",44600,48,"Prime","Booked"
"APP-08060EA63DEB","D1010","2026-05-13",51400,60,"Prime","Approved"
"APP-F4572A79F7D2","D1010","2026-05-13",56100,60,"Prime","Declined"
"APP-B3865274C27F","D1010","2026-05-13",42400,60,"Subprime","Booked"
"APP-317FDEBAA6F1","D1010","2026-05-13",46300,72,"Near_Prime","Booked"
"APP-E98F1C97F2D0","D1010","2026-05-14",49700,84,"Near_Prime","Approved"
"APP-734938D9C6BB","D1010","2026-05-14",42600,48,"Prime","Booked"
"APP-7AAC1F237915","D1010","2026-05-14",51600,72,"Near_Prime","Booked"
"APP-E0D8D74370F0","D1010","2026-05-14",46700,72,"Prime","Approved"
"APP-BAE4C18A71AC","D1010","2026-05-15",42900,72,"Prime","Declined"
"APP-0FA83F4B6E15","D1010","2026-05-15",54600,60,"Subprime","Declined"
"APP-9263DB831522","D1010","2026-05-15",39300,72,"Subprime","Booked"
"APP-16DA9FDDC170","D1010","2026-05-16",41900,84,"Near_Prime","Booked"
"APP-1D4C2D4421C7","D1010","2026-05-16",53900,84,"Subprime","Declined"
"APP-4323F78AECB9","D1010","2026-05-17",54100,72,"Prime","Booked"
"APP-B0DBF7966F60","D1010","2026-05-17",43200,84,"Subprime","Booked"
"APP-DBA785ED0C59","D1010","2026-05-18",61400,60,"Prime","Booked"
"APP-AA53C650ACE0","D1010","2026-05-18",46600,72,"Prime","Approved"
"APP-74FD2705AEA3","D1010","2026-05-18",49500,72,"Prime","Approved"
"APP-B0B9633910E6","D1010","2026-05-18",39400,72,"Prime","Booked"
"APP-85F9AFB3BF28","D1010","2026-05-19",57800,60,"Prime","Booked"
"APP-7D5C3B8DE818","D1010","2026-05-19",49400,84,"Prime","Booked"
"APP-89F1EDA52165","D1010","2026-05-19",49600,48,"Prime","Booked"
"APP-7E6277C4308C","D1010","2026-05-19",44100,72,"Prime","Declined"
"APP-C8458E3223DC","D1010","2026-05-20",53200,72,"Near_Prime","Approved"
"APP-77D5201C90AA","D1010","2026-05-20",69800,48,"Prime","Declined"
"APP-8DBA46715CAA","D1010","2026-05-20",41900,72,"Prime","Booked"
"APP-C797E6482295","D1010","2026-05-20",56700,84,"Prime","Booked"
"APP-A0CB6E6FFE36","D1010","2026-05-20",43100,84,"Prime","Approved"
"APP-E20B6E47CDE5","D1010","2026-05-21",23600,60,"Prime","Declined"
"APP-2AF21C67B561","D1010","2026-05-21",49500,72,"Near_Prime","Booked"
"APP-A42889D9E202","D1010","2026-05-21",45900,72,"Near_Prime","Declined"
"APP-3C7E05828C28","D1010","2026-05-21",54400,72,"Prime","Declined"
"APP-F14CC3E6E04F","D1010","2026-05-22",46200,48,"Prime","Declined"
"APP-133A98C4E23B","D1010","2026-05-22",55000,60,"Prime","Declined"
"APP-80CFB2E2B79A","D1010","2026-05-22",43500,72,"Prime","Booked"
"APP-F2BF36AB6DD0","D1010","2026-05-22",54600,72,"Prime","Approved"
"APP-C55C4EB8F985","D1010","2026-05-23",57900,48,"Prime","Booked"
"APP-37D5EDDAD80E","D1010","2026-05-23",44500,60,"Subprime","Booked"
"APP-ABBEEDEED7E6","D1010","2026-05-23",55300,72,"Prime","Booked"
"APP-F613E0B82741","D1010","2026-05-24",50400,72,"Prime","Approved"
"APP-24EE51CD1283","D1010","2026-05-24",58700,72,"Near_Prime","Booked"
"APP-3C8264F3C0BF","D1010","2026-05-25",47200,72,"Prime","Booked"
"APP-063BD6D006CA","D1010","2026-05-25",48400,72,"Prime","Declined"
"APP-10215454DC3B","D1010","2026-05-25",43200,84,"Prime","Declined"
"APP-A9F99406D867","D1010","2026-05-26",61100,72,"Prime","Approved"
"APP-511557E1BAFA","D1010","2026-05-26",59100,72,"Prime","Booked"
"APP-CD289193E533","D1010","2026-05-26",32400,60,"Subprime","Booked"
"APP-3B5CA5B4104A","D1010","2026-05-26",28900,48,"Prime","Approved"
"APP-5D308C593B1F","D1010","2026-05-26",52000,72,"Prime","Declined"
"APP-40E15B62360E","D1010","2026-05-27",46400,60,"Prime","Booked"
"APP-1DB37B5C089C","D1010","2026-05-27",28200,60,"Prime","Declined"
"APP-E47C34828E63","D1010","2026-05-27",60500,48,"Prime","Declined"
"APP-77BF9B1E53E7","D1010","2026-05-27",33200,60,"Near_Prime","Declined"
"APP-7D6198D7AD93","D1010","2026-05-28",53200,84,"Prime","Booked"
"APP-ED30E82F7131","D1010","2026-05-28",51000,84,"Prime","Approved"
"APP-D19981F9546E","D1010","2026-05-28",49100,84,"Prime","Declined"
"APP-50D7B2A25E01","D1010","2026-05-28",36700,60,"Prime","Booked"
"APP-BC3C2A7947C6","D1010","2026-05-28",43400,60,"Subprime","Approved"
"APP-7FB583F8BD4D","D1010","2026-05-29",46800,60,"Prime","Booked"
"APP-813C5622BD05","D1010","2026-05-29",43000,60,"Near_Prime","Approved"
"APP-1CBC68E59024","D1010","2026-05-29",38300,72,"Subprime","Approved"
"APP-9EF616861869","D1010","2026-05-29",49900,60,"Near_Prime","Booked"
"APP-BB1057F51BB4","D1010","2026-05-29",49700,72,"Subprime","Approved"
"APP-439CD92ABE1F","D1010","2026-05-30",49200,72,"Prime","Approved"
"APP-F285E93C5360","D1010","2026-05-30",50500,84,"Prime","Declined"
"APP-BFEE26FD1030","D1010","2026-05-30",50900,60,"Prime","Declined"
"APP-B1D865459623","D1010","2026-05-31",46700,84,"Prime","Booked"
"APP-CD7199A791A2","D1010","2026-05-31",44500,48,"Near_Prime","Declined"
"APP-10B855DE9585","D1010","2026-06-01",47000,72,"Prime","Declined"
"APP-A9F61AA9BC84","D1010","2026-06-01",67200,84,"Prime","Booked"
"APP-1510C50279BF","D1010","2026-06-01",52900,84,"Prime","Approved"
"APP-0019B6CE1C07","D1010","2026-06-01",56600,72,"Prime","Booked"
"APP-3B7655F23B3D","D1010","2026-06-02",60300,60,"Prime","Booked"
"APP-9C6D45547AEF","D1010","2026-06-02",55600,60,"Prime","Approved"
"APP-4A4D8569C72D","D1010","2026-06-02",38300,72,"Near_Prime","Booked"
"APP-29FAA9163CD2","D1010","2026-06-02",45000,60,"Prime","Declined"
"APP-7D24DA54A887","D1010","2026-06-02",50100,60,"Prime","Booked"
"APP-8364EFBC2826","D1010","2026-06-03",47400,72,"Near_Prime","Booked"
"APP-5D5644C22E83","D1010","2026-06-03",43900,48,"Prime","Approved"
"APP-D38835A982A8","D1010","2026-06-03",49700,60,"Near_Prime","Declined"
"APP-8D3B9BABE66B","D1010","2026-06-03",45700,48,"Prime","Declined"
"APP-45606E07AABC","D1010","2026-06-04",64800,72,"Prime","Booked"
"APP-8F12BF3C63AA","D1010","2026-06-04",60300,48,"Prime","Booked"
"APP-60661392B206","D1010","2026-06-04",43700,72,"Near_Prime","Declined"
"APP-F4A5AAD70198","D1010","2026-06-04",58200,72,"Prime","Approved"
"APP-6063FE22A4FC","D1010","2026-06-04",37700,72,"Prime","Declined"
"APP-E644C77D348E","D1010","2026-06-05",56400,72,"Prime","Declined"
"APP-871EC67912C1","D1010","2026-06-05",51000,60,"Prime","Booked"
"APP-09A63605BC08","D1010","2026-06-05",38000,84,"Prime","Booked"
"APP-8D5A741400D6","D1010","2026-06-06",37600,60,"Subprime","Booked"
"APP-25CAFBCA1C11","D1010","2026-06-06",45100,72,"Prime","Approved"
"APP-935DE206B552","D1010","2026-06-07",45800,72,"Prime","Approved"
"APP-7E32B8DCB9BB","D1010","2026-06-07",51700,72,"Subprime","Approved"
"APP-54CA82D65D3D","D1010","2026-06-07",37900,60,"Prime","Booked"
"APP-E027C49B8A81","D1010","2026-06-08",49800,72,"Prime","Booked"
"APP-4F2DDC556B25","D1010","2026-06-08",62800,72,"Near_Prime","Declined"
"APP-25B1A0E237DE","D1010","2026-06-08",57000,48,"Prime","Approved"
"APP-4EE4807B8542","D1010","2026-06-08",32200,60,"Prime","Approved"
"APP-E4BD739D5CF1","D1010","2026-06-08",52500,72,"Prime","Booked"
"APP-93B6D537BD85","D1010","2026-06-09",47400,72,"Prime","Declined"
"APP-FE73B62D3D8B","D1010","2026-06-09",45300,72,"Subprime","Booked"
"APP-5179649803F4","D1010","2026-06-09",49800,72,"Prime","Approved"
"APP-BF74B3B9A934","D1010","2026-06-10",50400,84,"Prime","Approved"
"APP-2EF90DAEBC0C","D1010","2026-06-10",57300,84,"Prime","Declined"
"APP-FC6C34099B11","D1010","2026-06-10",50200,84,"Prime","Declined"
"APP-DF939D93D4D5","D1010","2026-06-10",55400,60,"Prime","Booked"
"APP-ADC8464DB7A8","D1010","2026-06-11",51300,72,"Near_Prime","Approved"
"APP-C8FFF58B24AD","D1010","2026-06-11",57600,72,"Prime","Booked"
"APP-A3659B062E13","D1010","2026-06-11",46700,60,"Subprime","Booked"
"APP-2760A4453068","D1010","2026-06-11",54200,84,"Prime","Booked"
"APP-D26466442DFD","D1010","2026-06-12",42500,72,"Prime","Declined"
"APP-5B311237D24E","D1010","2026-06-12",54500,48,"Prime","Booked"
"APP-D072D13FE0E5","D1010","2026-06-12",52000,72,"Prime","Approved"
"APP-9B02BB32278B","D1010","2026-06-12",46600,72,"Prime","Declined"
"APP-D1FB079BC3D0","D1010","2026-06-12",60500,84,"Near_Prime","Booked"
"APP-76B756076744","D1010","2026-06-13",50600,72,"Near_Prime","Booked"
"APP-4513DF3E9F3E","D1010","2026-06-13",49200,72,"Prime","Approved"
"APP-2CA355182215","D1010","2026-06-14",37000,60,"Subprime","Booked"
"APP-E4F7C0B80B31","D1010","2026-06-14",58200,72,"Prime","Declined"
"APP-909C0B63D3FB","D1010","2026-06-14",46700,84,"Prime","Declined"
"APP-5519AC51F90E","D1010","2026-06-15",54200,48,"Prime","Declined"
"APP-1FA81FE6E102","D1010","2026-06-15",63700,60,"Prime","Approved"
"APP-020F13DE1587","D1010","2026-06-15",52800,72,"Prime","Declined"
"APP-E5FF3BC217C1","D1010","2026-06-15",57700,60,"Near_Prime","Booked"
"APP-F3AEAC82E352","D1010","2026-06-15",60000,60,"Prime","Approved"
"APP-D9CD116C42E5","D1010","2026-06-16",47400,72,"Near_Prime","Approved"
"APP-58552913E95B","D1010","2026-06-16",52100,84,"Prime","Booked"
"APP-992CE0F79108","D1010","2026-06-16",46500,60,"Prime","Booked"
"APP-65FE4CF18D83","D1010","2026-06-16",51400,48,"Prime","Booked"
"APP-BAB096774E38","D1010","2026-06-17",43000,60,"Subprime","Declined"
"APP-2D3AB9A082B4","D1010","2026-06-17",39300,72,"Near_Prime","Booked"
"APP-9E5687D4A450","D1010","2026-06-17",66400,72,"Prime","Approved"
"APP-66697C872234","D1010","2026-06-17",53200,60,"Near_Prime","Declined"
"APP-50BD8388278C","D1010","2026-06-18",61400,60,"Prime","Approved"
"APP-3581C79B939A","D1010","2026-06-18",62200,60,"Prime","Booked"
"APP-EA84AC04E41C","D1010","2026-06-18",57200,60,"Prime","Booked"
"APP-000626524E07","D1010","2026-06-18",53400,60,"Near_Prime","Declined"
"APP-10E4BAB00F3D","D1010","2026-06-18",51500,60,"Prime","Approved"
"APP-8E382348199F","D1010","2026-06-19",38500,48,"Near_Prime","Booked"
"APP-C8A1CD8933AB","D1010","2026-06-19",57200,72,"Prime","Approved"
"APP-7982C07864FC","D1010","2026-06-19",35800,72,"Subprime","Booked"
"APP-B71FA1F43BCF","D1010","2026-06-19",38900,84,"Subprime","Approved"
"APP-2CEE138E4577","D1010","2026-06-20",51100,84,"Prime","Declined"
"APP-67F9D237B215","D1010","2026-06-20",59600,72,"Prime","Booked"
"APP-070148ED7AF1","D1010","2026-06-21",42600,60,"Near_Prime","Declined"
"APP-9E7CA5B02957","D1010","2026-06-21",42400,72,"Prime","Approved"
"APP-6976F9FC23DB","D1010","2026-06-22",40700,84,"Prime","Approved"
"APP-21A1AAD9C42E","D1010","2026-06-22",65900,72,"Prime","Declined"
"APP-A152E9452894","D1010","2026-06-22",40700,84,"Subprime","Booked"
"APP-459E8C5604B8","D1010","2026-06-22",60500,48,"Prime","Declined"
"APP-88A4D07CEBD2","D1010","2026-06-22",29900,84,"Prime","Booked"
"APP-95C9E624D411","D1010","2026-06-23",50400,84,"Prime","Declined"
"APP-6C70BD54C086","D1010","2026-06-23",52400,84,"Prime","Booked"
"APP-A1CEFEA373A3","D1010","2026-06-23",40700,48,"Prime","Declined"
"APP-C5D4FDF3DD9F","D1010","2026-06-23",54000,72,"Prime","Declined"
"APP-1AA2ECE5E136","D1010","2026-06-23",62400,72,"Prime","Approved"
"APP-0CFA66E3FC71","D1010","2026-06-24",43200,84,"Prime","Declined"
"APP-17A38C077980","D1010","2026-06-24",57800,72,"Prime","Booked"
"APP-81ADB070F305","D1010","2026-06-24",34800,72,"Near_Prime","Booked"
"APP-48DFCBD85A10","D1010","2026-06-24",42300,60,"Subprime","Booked"
"APP-8BEB6734DB08","D1010","2026-06-25",42200,84,"Prime","Declined"
"APP-7C4A0444234E","D1010","2026-06-25",36100,72,"Prime","Booked"
"APP-10E452E89B41","D1010","2026-06-25",49600,48,"Subprime","Booked"
"APP-DCFD51695B99","D1010","2026-06-25",48500,72,"Prime","Declined"
"APP-82FB8D17B8F5","D1011","2026-03-28",52300,84,"Prime","Declined"
"APP-6531C190F7A3","D1011","2026-03-28",40900,72,"Prime","Booked"
"APP-FDB09B4FCED0","D1011","2026-03-29",46300,72,"Prime","Booked"
"APP-1E4FE3332F4B","D1011","2026-03-29",41000,72,"Prime","Approved"
"APP-A7A60C5A433D","D1011","2026-03-29",75700,72,"Prime","Declined"
"APP-0A9518C33A7B","D1011","2026-03-30",24300,84,"Subprime","Declined"
"APP-A38F08820C35","D1011","2026-03-30",42000,48,"Subprime","Declined"
"APP-1ADFEB6EF11A","D1011","2026-03-30",57500,72,"Prime","Declined"
"APP-DC6F6424B9DB","D1011","2026-03-30",43200,72,"Prime","Booked"
"APP-384F531E5029","D1011","2026-03-30",64200,72,"Prime","Booked"
"APP-9E0CA83B1E35","D1011","2026-03-31",50800,84,"Prime","Approved"
"APP-8CD657E41CBD","D1011","2026-03-31",43900,48,"Prime","Declined"
"APP-DFEF761B2AA5","D1011","2026-03-31",42500,72,"Prime","Approved"
"APP-E3132BC88E98","D1011","2026-03-31",53400,84,"Near_Prime","Approved"
"APP-1949617D06A0","D1011","2026-04-01",54700,48,"Prime","Booked"
"APP-18360FDF0DD2","D1011","2026-04-01",40300,84,"Prime","Booked"
"APP-2C09DE14CE09","D1011","2026-04-01",52700,72,"Prime","Booked"
"APP-417BABCF6778","D1011","2026-04-01",54200,72,"Subprime","Booked"
"APP-67E093763933","D1011","2026-04-02",61900,84,"Prime","Approved"
"APP-726B86AE73A4","D1011","2026-04-02",48800,72,"Prime","Declined"
"APP-119F558D0167","D1011","2026-04-02",65400,60,"Near_Prime","Booked"
"APP-1E08A777BC06","D1011","2026-04-02",48200,48,"Subprime","Approved"
"APP-B671D3C844EA","D1011","2026-04-03",40300,72,"Prime","Declined"
"APP-2B6F03B0126E","D1011","2026-04-03",46400,60,"Prime","Declined"
"APP-F739A7CEA910","D1011","2026-04-03",58000,60,"Prime","Booked"
"APP-46E9A03583CB","D1011","2026-04-03",58400,84,"Prime","Booked"
"APP-D78B4E03317C","D1011","2026-04-04",40300,60,"Prime","Booked"
"APP-C2175182C6F4","D1011","2026-04-04",74000,84,"Prime","Approved"
"APP-D0052EA8DC0F","D1011","2026-04-04",42100,60,"Subprime","Booked"
"APP-4ABACCBC09F4","D1011","2026-04-05",50400,72,"Prime","Declined"
"APP-7BDB53037203","D1011","2026-04-05",42300,72,"Subprime","Declined"
"APP-EDF944876DB8","D1011","2026-04-05",42000,72,"Prime","Declined"
"APP-36554F901354","D1011","2026-04-06",55100,72,"Prime","Approved"
"APP-46F6CD0AE19E","D1011","2026-04-06",44300,72,"Near_Prime","Booked"
"APP-2426CC410A5F","D1011","2026-04-06",37400,84,"Near_Prime","Declined"
"APP-1AFA47D3FAC6","D1011","2026-04-06",53000,72,"Near_Prime","Declined"
"APP-05C559F7075D","D1011","2026-04-07",41900,72,"Prime","Booked"
"APP-4225A05FED65","D1011","2026-04-07",43900,60,"Prime","Declined"
"APP-FE69C7194DBE","D1011","2026-04-07",64200,60,"Prime","Declined"
"APP-15A48AE8F74E","D1011","2026-04-07",30800,84,"Prime","Approved"
"APP-B0062394CF7B","D1011","2026-04-07",47700,48,"Prime","Approved"
"APP-5EACA7424B27","D1011","2026-04-07",63500,84,"Prime","Declined"
"APP-654B0B5541C2","D1011","2026-04-08",54300,72,"Prime","Booked"
"APP-CD4D8C845B93","D1011","2026-04-08",53700,72,"Prime","Booked"
"APP-45F92AC942C8","D1011","2026-04-08",68200,72,"Subprime","Booked"
"APP-8F197A69C590","D1011","2026-04-08",70200,60,"Prime","Declined"
"APP-6717DE180281","D1011","2026-04-08",62700,84,"Prime","Declined"
"APP-BABA7E080B3C","D1011","2026-04-09",66800,60,"Prime","Approved"
"APP-9B2F21EF34D1","D1011","2026-04-09",53800,72,"Near_Prime","Booked"
"APP-7A99CACF2CFE","D1011","2026-04-09",56600,84,"Prime","Declined"
"APP-43D9E2AFDCB9","D1011","2026-04-09",57100,72,"Prime","Approved"
"APP-95CDA7BE865D","D1011","2026-04-10",47000,72,"Near_Prime","Booked"
"APP-174220251B97","D1011","2026-04-10",44500,48,"Subprime","Approved"
"APP-79F14D96D6AB","D1011","2026-04-10",49600,72,"Prime","Approved"
"APP-ADD5DA4A7EE4","D1011","2026-04-10",41800,48,"Prime","Declined"
"APP-9662AF4D8FF8","D1011","2026-04-10",72000,84,"Prime","Booked"
"APP-D42AD4E36CE6","D1011","2026-04-10",58500,84,"Prime","Booked"
"APP-1C674C3AC075","D1011","2026-04-11",43200,60,"Subprime","Declined"
"APP-FD708B44A2CF","D1011","2026-04-11",36300,84,"Subprime","Declined"
"APP-5983FBE2B1ED","D1011","2026-04-11",51300,72,"Near_Prime","Approved"
"APP-64DBCFB41DD5","D1011","2026-04-12",59800,72,"Prime","Booked"
"APP-6CE8D4655F55","D1011","2026-04-12",52000,72,"Prime","Booked"
"APP-029E36B75641","D1011","2026-04-13",47500,48,"Prime","Declined"
"APP-3DC98477ABA0","D1011","2026-04-13",47300,84,"Prime","Booked"
"APP-CBD8E01C67E2","D1011","2026-04-13",53600,48,"Prime","Approved"
"APP-B7EB318572E1","D1011","2026-04-13",61300,72,"Near_Prime","Booked"
"APP-F78AB5D7A3E4","D1011","2026-04-14",69200,84,"Near_Prime","Approved"
"APP-C920BCDA20C9","D1011","2026-04-14",48700,60,"Near_Prime","Approved"
"APP-BC06EE0410B8","D1011","2026-04-14",58700,72,"Prime","Declined"
"APP-FCC7CBFACE82","D1011","2026-04-14",38400,72,"Prime","Approved"
"APP-D0C4D864E340","D1011","2026-04-14",51200,60,"Prime","Declined"
"APP-F70136C26C5C","D1011","2026-04-15",54700,72,"Subprime","Booked"
"APP-D11552042B6A","D1011","2026-04-15",54100,84,"Prime","Approved"
"APP-18C46DBC253D","D1011","2026-04-15",59500,60,"Prime","Approved"
"APP-62DBBC89506E","D1011","2026-04-15",41000,48,"Near_Prime","Declined"
"APP-EA95E53F24E2","D1011","2026-04-15",47900,72,"Prime","Booked"
"APP-AF3AE791FA95","D1011","2026-04-16",48500,72,"Subprime","Booked"
"APP-045F9362C87B","D1011","2026-04-16",47000,84,"Near_Prime","Booked"
"APP-B3E5DD890F05","D1011","2026-04-16",43900,84,"Prime","Declined"
"APP-97731BFE9983","D1011","2026-04-16",54000,72,"Prime","Approved"
"APP-B88CA7B1B052","D1011","2026-04-17",38200,72,"Subprime","Booked"
"APP-61782503A397","D1011","2026-04-17",45100,72,"Prime","Declined"
"APP-04C63E7AE2DF","D1011","2026-04-17",51900,84,"Prime","Approved"
"APP-0C28F431B57B","D1011","2026-04-17",37800,72,"Prime","Approved"
"APP-3162894B38A5","D1011","2026-04-18",47400,60,"Subprime","Approved"
"APP-749A9358D51B","D1011","2026-04-18",37700,60,"Subprime","Declined"
"APP-5038AB2F4E7A","D1011","2026-04-19",43800,48,"Prime","Booked"
"APP-F902F08E3AD1","D1011","2026-04-19",50100,72,"Prime","Declined"
"APP-CACAE2638441","D1011","2026-04-19",45300,84,"Near_Prime","Declined"
"APP-22685AB24B41","D1011","2026-04-20",56100,84,"Prime","Booked"
"APP-64F0D338651C","D1011","2026-04-20",58900,72,"Near_Prime","Booked"
"APP-ED0D85F987EB","D1011","2026-04-20",37900,72,"Prime","Booked"
"APP-6085B2B50B0D","D1011","2026-04-20",42000,60,"Near_Prime","Booked"
"APP-BCCEB28A1257","D1011","2026-04-20",54400,84,"Near_Prime","Declined"
"APP-4D80CFBBFAAF","D1011","2026-04-21",49900,72,"Prime","Declined"
"APP-EAF52545D3CA","D1011","2026-04-21",49400,84,"Near_Prime","Declined"
"APP-3E15DF9B31F9","D1011","2026-04-21",51200,48,"Subprime","Declined"
"APP-62E1509912C0","D1011","2026-04-21",46700,48,"Prime","Approved"
"APP-C306F6CDDCF5","D1011","2026-04-21",53600,60,"Prime","Declined"
"APP-19B93558DB5D","D1011","2026-04-22",51100,72,"Subprime","Booked"
"APP-9FC02517013E","D1011","2026-04-22",58100,84,"Prime","Declined"
"APP-465E0D917D13","D1011","2026-04-22",46400,72,"Prime","Booked"
"APP-B69DA276D1D2","D1011","2026-04-22",47900,72,"Prime","Declined"
"APP-4C98621353D3","D1011","2026-04-23",60300,72,"Prime","Declined"
"APP-34E8E5C705AC","D1011","2026-04-23",55100,84,"Near_Prime","Booked"
"APP-AEBDA23BC77A","D1011","2026-04-23",47300,84,"Prime","Approved"
"APP-1E1900BE692F","D1011","2026-04-23",53200,72,"Prime","Declined"
"APP-062F283A8288","D1011","2026-04-23",47000,84,"Prime","Declined"
"APP-30B074F30E70","D1011","2026-04-24",58200,60,"Prime","Declined"
"APP-B57D645A8EF1","D1011","2026-04-24",34500,48,"Subprime","Declined"
"APP-5C82121746C4","D1011","2026-04-24",54000,60,"Prime","Booked"
"APP-93F596A67DF3","D1011","2026-04-24",50000,84,"Near_Prime","Declined"
"APP-F89ED0D5C972","D1011","2026-04-24",39200,72,"Prime","Declined"
"APP-C691B5FBDA3C","D1011","2026-04-24",48300,60,"Prime","Booked"
"APP-51248ECDE328","D1011","2026-04-25",51300,72,"Near_Prime","Booked"
"APP-220F80D8F269","D1011","2026-04-25",38200,84,"Prime","Booked"
"APP-2D0E497ADEAD","D1011","2026-04-26",51000,72,"Subprime","Declined"
"APP-C4DB423F271C","D1011","2026-04-26",44000,72,"Subprime","Booked"
"APP-612C169CF123","D1011","2026-04-27",45800,60,"Prime","Declined"
"APP-BED3D500DCA2","D1011","2026-04-27",55000,48,"Prime","Approved"
"APP-A44A332DC3F0","D1011","2026-04-27",37400,60,"Prime","Booked"
"APP-7B131BD4A704","D1011","2026-04-27",42100,84,"Near_Prime","Approved"
"APP-7862E741CEE7","D1011","2026-04-28",57300,60,"Prime","Declined"
"APP-A0A2ED5D53D9","D1011","2026-04-28",57600,72,"Near_Prime","Booked"
"APP-E46410E8ED77","D1011","2026-04-28",58200,60,"Prime","Declined"
"APP-95F018D65719","D1011","2026-04-28",62000,60,"Prime","Declined"
"APP-904C59A400EE","D1011","2026-04-29",69200,84,"Prime","Booked"
"APP-400795B0320D","D1011","2026-04-29",68600,60,"Prime","Booked"
"APP-71DD50BB4274","D1011","2026-04-29",50800,72,"Near_Prime","Booked"
"APP-5FD0771B71F0","D1011","2026-04-29",51300,72,"Near_Prime","Approved"
"APP-EFF457C9DCE5","D1011","2026-04-30",35300,72,"Prime","Declined"
"APP-F10E12FEDB6E","D1011","2026-04-30",58800,72,"Near_Prime","Booked"
"APP-D99DE36CFDFE","D1011","2026-04-30",52000,84,"Prime","Approved"
"APP-84E0227213EE","D1011","2026-04-30",55300,72,"Subprime","Declined"
"APP-D37684FC4BA7","D1011","2026-05-01",45300,72,"Prime","Approved"
"APP-72B22596EE3D","D1011","2026-05-01",41800,48,"Near_Prime","Declined"
"APP-F8CEE834BEE7","D1011","2026-05-01",59600,48,"Prime","Booked"
"APP-9C5F3D90DAD4","D1011","2026-05-01",35400,72,"Prime","Approved"
"APP-3606B25F0E5C","D1011","2026-05-02",52100,72,"Subprime","Booked"
"APP-263FAFB2B0F5","D1011","2026-05-02",54300,72,"Prime","Booked"
"APP-BBE93A9043C6","D1011","2026-05-02",57200,72,"Prime","Approved"
"APP-95B99C6BA561","D1011","2026-05-03",67300,60,"Prime","Booked"
"APP-5D9F55F69218","D1011","2026-05-03",60800,84,"Near_Prime","Declined"
"APP-BA3494B2A7BF","D1011","2026-05-04",51800,84,"Prime","Booked"
"APP-A0DC9D6A0F8C","D1011","2026-05-04",44100,84,"Prime","Booked"
"APP-59675A597F7C","D1011","2026-05-04",45800,48,"Near_Prime","Declined"
"APP-6810783E1E48","D1011","2026-05-04",38600,48,"Near_Prime","Booked"
"APP-D95FEA437326","D1011","2026-05-05",60200,84,"Prime","Booked"
"APP-39FEA692C851","D1011","2026-05-05",50000,48,"Subprime","Booked"
"APP-EB17E43668B8","D1011","2026-05-05",49800,72,"Subprime","Booked"
"APP-574EBE275ADC","D1011","2026-05-05",51400,84,"Near_Prime","Booked"
"APP-B52F5F816EC4","D1011","2026-05-05",55600,72,"Prime","Booked"
"APP-AC9273230F7E","D1011","2026-05-06",52400,84,"Near_Prime","Booked"
"APP-E44FB1623FBF","D1011","2026-05-06",45800,60,"Prime","Booked"
"APP-69B89E92420F","D1011","2026-05-06",55400,72,"Subprime","Declined"
"APP-7935649EA3C8","D1011","2026-05-06",55900,48,"Prime","Declined"
"APP-1BBEB7C80DE5","D1011","2026-05-06",46600,72,"Near_Prime","Booked"
"APP-666526C5E27B","D1011","2026-05-07",46000,84,"Prime","Approved"
"APP-ADBF38ACF43C","D1011","2026-05-07",45900,72,"Prime","Booked"
"APP-126CAACC9805","D1011","2026-05-07",38700,72,"Prime","Booked"
"APP-6131A7186770","D1011","2026-05-07",49600,84,"Prime","Declined"
"APP-C395D870054D","D1011","2026-05-08",41200,48,"Prime","Declined"
"APP-FA6876B692CC","D1011","2026-05-08",45500,84,"Subprime","Booked"
"APP-E8BAE2A16877","D1011","2026-05-08",55300,72,"Near_Prime","Booked"
"APP-3EBA59630D6D","D1011","2026-05-08",69800,72,"Prime","Approved"
"APP-0513127E14AB","D1011","2026-05-08",49000,60,"Prime","Approved"
"APP-BF134564CC4B","D1011","2026-05-09",71200,72,"Near_Prime","Declined"
"APP-88298B94D4E4","D1011","2026-05-09",70000,84,"Prime","Booked"
"APP-8F8BA93C64D4","D1011","2026-05-10",54200,72,"Prime","Booked"
"APP-171F8E21A410","D1011","2026-05-10",55000,84,"Prime","Booked"
"APP-40EC817E08B6","D1011","2026-05-10",39700,60,"Subprime","Booked"
"APP-2775ADBF9905","D1011","2026-05-11",63600,72,"Prime","Booked"
"APP-6F2EF3D89198","D1011","2026-05-11",36100,72,"Subprime","Declined"
"APP-B79E34724D27","D1011","2026-05-11",51500,84,"Prime","Declined"
"APP-1CC3A3EC0453","D1011","2026-05-11",42000,48,"Prime","Approved"
"APP-A1254FA36309","D1011","2026-05-11",38200,72,"Prime","Declined"
"APP-F58D1F2EBBF9","D1011","2026-05-12",61600,60,"Prime","Booked"
"APP-7C95863CA6EB","D1011","2026-05-12",56600,72,"Prime","Declined"
"APP-A553B25295B0","D1011","2026-05-12",51700,84,"Prime","Booked"
"APP-E15194828902","D1011","2026-05-12",59600,84,"Prime","Approved"
"APP-5BD6BAC1BDEF","D1011","2026-05-12",56100,48,"Prime","Declined"
"APP-F6858867D036","D1011","2026-05-13",52600,72,"Prime","Approved"
"APP-93F13C5D4C29","D1011","2026-05-13",24900,72,"Subprime","Declined"
"APP-8E610BBA0011","D1011","2026-05-13",49400,84,"Subprime","Booked"
"APP-55E78AB76237","D1011","2026-05-13",49300,60,"Prime","Approved"
"APP-7D7CEA71D219","D1011","2026-05-13",72000,72,"Prime","Booked"
"APP-CB92FF8D33B7","D1011","2026-05-14",43600,84,"Prime","Declined"
"APP-14D53BC0356A","D1011","2026-05-14",52400,72,"Prime","Approved"
"APP-0798B9847192","D1011","2026-05-14",65600,72,"Prime","Declined"
"APP-F2E244525D95","D1011","2026-05-14",47000,60,"Prime","Booked"
"APP-C9779578F4DF","D1011","2026-05-15",61900,60,"Prime","Approved"
"APP-362CFF80CEB3","D1011","2026-05-15",38500,72,"Prime","Booked"
"APP-260A490B32F7","D1011","2026-05-15",52600,48,"Prime","Booked"
"APP-0DA64DF9924E","D1011","2026-05-15",57100,60,"Prime","Booked"
"APP-DE500C3A45A5","D1011","2026-05-15",54400,60,"Prime","Booked"
"APP-0C23869050F7","D1011","2026-05-15",58500,60,"Prime","Declined"
"APP-9B3FF25A7BD9","D1011","2026-05-16",62300,72,"Prime","Declined"
"APP-64AF2E8C9214","D1011","2026-05-16",38900,72,"Prime","Booked"
"APP-D9183390A0D5","D1011","2026-05-16",63600,72,"Prime","Booked"
"APP-246C08FE4214","D1011","2026-05-17",43000,84,"Prime","Booked"
"APP-08841DFAB1E1","D1011","2026-05-17",45300,60,"Prime","Approved"
"APP-242709B00E56","D1011","2026-05-18",48100,72,"Prime","Declined"
"APP-78B78EC19AB5","D1011","2026-05-18",65900,60,"Prime","Booked"
"APP-3CA7AAEBEA95","D1011","2026-05-18",54700,60,"Prime","Approved"
"APP-F0ACD9582F45","D1011","2026-05-18",50100,84,"Prime","Booked"
"APP-798A550ECAD0","D1011","2026-05-18",29700,72,"Prime","Declined"
"APP-B3E970DB7027","D1011","2026-05-19",31300,72,"Subprime","Approved"
"APP-961EA34179E7","D1011","2026-05-19",48700,48,"Prime","Declined"
"APP-A0127E26F663","D1011","2026-05-19",33900,60,"Prime","Declined"
"APP-3D7244820126","D1011","2026-05-19",46400,60,"Near_Prime","Booked"
"APP-83987B5A0C43","D1011","2026-05-19",58500,84,"Prime","Approved"
"APP-4DEE282A0779","D1011","2026-05-20",40900,72,"Subprime","Booked"
"APP-4E03659A768D","D1011","2026-05-20",49300,84,"Prime","Booked"
"APP-5CEFDCA18C65","D1011","2026-05-20",37400,60,"Prime","Approved"
"APP-2F922D677B6E","D1011","2026-05-20",61600,72,"Prime","Approved"
"APP-324D90FB7F83","D1011","2026-05-21",63000,60,"Subprime","Declined"
"APP-BFEA07ADB4BB","D1011","2026-05-21",38300,72,"Subprime","Approved"
"APP-51AEEEA5DEE6","D1011","2026-05-21",57100,72,"Subprime","Approved"
"APP-72A9952DE46A","D1011","2026-05-21",52600,84,"Prime","Approved"
"APP-59A689EEB3DE","D1011","2026-05-21",59300,84,"Prime","Approved"
"APP-773506CEF079","D1011","2026-05-22",53300,84,"Near_Prime","Approved"
"APP-3DAF1F0EF8FD","D1011","2026-05-22",41200,72,"Prime","Booked"
"APP-F930C1C4A52D","D1011","2026-05-22",59700,72,"Prime","Declined"
"APP-520386DE9578","D1011","2026-05-22",51100,72,"Prime","Booked"
"APP-83D17C58A5BB","D1011","2026-05-22",36800,84,"Prime","Declined"
"APP-AC50C245DFEB","D1011","2026-05-23",49600,84,"Near_Prime","Booked"
"APP-66D2561D062F","D1011","2026-05-23",58200,60,"Prime","Booked"
"APP-0AB59AA50F18","D1011","2026-05-23",42300,84,"Prime","Approved"
"APP-AC52BC62E6CB","D1011","2026-05-24",33900,60,"Prime","Declined"
"APP-94C073BEB5BA","D1011","2026-05-24",35000,72,"Subprime","Declined"
"APP-63782082B08D","D1011","2026-05-25",45500,84,"Subprime","Declined"
"APP-A4C68D29CDD7","D1011","2026-05-25",45900,72,"Prime","Declined"
"APP-DFB8768C08BD","D1011","2026-05-25",43900,72,"Prime","Declined"
"APP-339EAE142D1C","D1011","2026-05-25",57300,72,"Prime","Declined"
"APP-9C6DEC9544B1","D1011","2026-05-26",41800,84,"Subprime","Declined"
"APP-87AA04835A81","D1011","2026-05-26",58500,60,"Prime","Booked"
"APP-6E5BE0341FAD","D1011","2026-05-26",56200,60,"Prime","Booked"
"APP-A2C13A5418D5","D1011","2026-05-26",50700,72,"Prime","Approved"
"APP-91C46367BC53","D1011","2026-05-27",71100,84,"Prime","Declined"
"APP-EA82900A01F1","D1011","2026-05-27",46100,72,"Subprime","Approved"
"APP-B2728FCDA065","D1011","2026-05-27",34100,48,"Prime","Declined"
"APP-8B03FF6A25B3","D1011","2026-05-27",46000,60,"Prime","Booked"
"APP-7C681972992D","D1011","2026-05-27",51600,72,"Near_Prime","Booked"
"APP-8E7C07B85C4E","D1011","2026-05-27",50400,72,"Prime","Booked"
"APP-AF8262C9D62A","D1011","2026-05-28",60000,84,"Prime","Declined"
"APP-47AC8ECE450A","D1011","2026-05-28",45200,72,"Near_Prime","Booked"
"APP-6EF5506D61D1","D1011","2026-05-28",53600,84,"Prime","Declined"
"APP-0BE9A46459FD","D1011","2026-05-28",42000,84,"Prime","Booked"
"APP-B26608A65613","D1011","2026-05-29",43900,72,"Prime","Booked"
"APP-F1BDD188D5A8","D1011","2026-05-29",46200,72,"Subprime","Booked"
"APP-91EFCEABE076","D1011","2026-05-29",61400,84,"Prime","Booked"
"APP-9BA9CEC22E49","D1011","2026-05-29",32900,72,"Subprime","Approved"
"APP-781D54439838","D1011","2026-05-29",56100,72,"Near_Prime","Booked"
"APP-DF688846F092","D1011","2026-05-30",51900,60,"Prime","Declined"
"APP-345CB184AEE2","D1011","2026-05-30",34700,48,"Subprime","Approved"
"APP-02CCB218AFA2","D1011","2026-05-31",44900,72,"Subprime","Declined"
"APP-96DB69F51A92","D1011","2026-05-31",62700,72,"Subprime","Approved"
"APP-86C564737E1A","D1011","2026-05-31",53100,48,"Prime","Declined"
"APP-6D1F4BD2E659","D1011","2026-06-01",39500,72,"Near_Prime","Declined"
"APP-21EAD0290206","D1011","2026-06-01",32100,60,"Near_Prime","Booked"
"APP-AAED1EE78AC5","D1011","2026-06-01",27200,84,"Subprime","Approved"
"APP-AB6C760ECB78","D1011","2026-06-01",57600,72,"Prime","Booked"
"APP-135F1CC84720","D1011","2026-06-01",59400,84,"Prime","Declined"
"APP-C508019696BC","D1011","2026-06-02",44800,72,"Subprime","Declined"
"APP-BBFA63CEC13F","D1011","2026-06-02",50500,72,"Prime","Booked"
"APP-04F84E0CF193","D1011","2026-06-02",60300,72,"Prime","Booked"
"APP-CFA327C73557","D1011","2026-06-02",56300,48,"Subprime","Declined"
"APP-1B07178F0C0D","D1011","2026-06-02",51000,60,"Subprime","Approved"
"APP-1AE116AED9D5","D1011","2026-06-02",49200,72,"Near_Prime","Booked"
"APP-C4DF6C8B34CB","D1011","2026-06-03",70500,72,"Prime","Booked"
"APP-E7201B1BFC14","D1011","2026-06-03",58400,72,"Prime","Declined"
"APP-52FC56902547","D1011","2026-06-03",49300,84,"Prime","Approved"
"APP-0097948A9443","D1011","2026-06-03",60300,60,"Near_Prime","Booked"
"APP-CB345CE35EE1","D1011","2026-06-04",37900,48,"Subprime","Booked"
"APP-FCBADEFEE811","D1011","2026-06-04",43400,48,"Prime","Approved"
"APP-A9C1DBDB825D","D1011","2026-06-04",40600,72,"Prime","Declined"
"APP-7442CE191D84","D1011","2026-06-04",41300,84,"Subprime","Declined"
"APP-67B8557E3F6A","D1011","2026-06-04",51000,84,"Prime","Declined"
"APP-54DC7E1F1869","D1011","2026-06-05",40800,84,"Prime","Declined"
"APP-31E030CE9BC4","D1011","2026-06-05",58900,72,"Prime","Declined"
"APP-55DFF98E6F60","D1011","2026-06-05",45200,72,"Prime","Approved"
"APP-3C1824414D99","D1011","2026-06-05",38700,72,"Subprime","Declined"
"APP-CCFD101CBDDC","D1011","2026-06-05",45600,60,"Prime","Booked"
"APP-62949DBA380E","D1011","2026-06-06",48200,48,"Prime","Booked"
"APP-C216B40CF030","D1011","2026-06-06",44700,72,"Subprime","Declined"
"APP-BEAB4A5190A1","D1011","2026-06-06",48600,84,"Near_Prime","Approved"
"APP-F77F14E07D3F","D1011","2026-06-07",40800,72,"Prime","Approved"
"APP-448DFF7C993F","D1011","2026-06-07",56200,84,"Near_Prime","Booked"
"APP-D6F98610AF40","D1011","2026-06-08",62700,60,"Near_Prime","Declined"
"APP-24B4BF199768","D1011","2026-06-08",53500,72,"Prime","Booked"
"APP-1F2E4EB20674","D1011","2026-06-08",65000,60,"Prime","Declined"
"APP-155AB1FDF8CC","D1011","2026-06-08",56000,72,"Prime","Booked"
"APP-07D0024BB3EC","D1011","2026-06-09",41300,72,"Subprime","Booked"
"APP-410142C3A725","D1011","2026-06-09",61000,60,"Near_Prime","Approved"
"APP-D0898EAE3A23","D1011","2026-06-09",37700,72,"Subprime","Approved"
"APP-1CC372843FE9","D1011","2026-06-09",55000,84,"Prime","Declined"
"APP-10AD520635BC","D1011","2026-06-09",59800,72,"Prime","Approved"
"APP-423E1C905D97","D1011","2026-06-09",67000,72,"Prime","Approved"
"APP-5F88F2B8D6DC","D1011","2026-06-10",56000,72,"Near_Prime","Booked"
"APP-8172914D35B7","D1011","2026-06-10",45100,48,"Subprime","Declined"
"APP-630ED070C152","D1011","2026-06-10",44600,60,"Prime","Declined"
"APP-C2C8F4FC03B6","D1011","2026-06-10",59700,72,"Prime","Approved"
"APP-057F7CEF6A62","D1011","2026-06-11",60900,60,"Subprime","Booked"
"APP-CEB269ADD863","D1011","2026-06-11",70700,72,"Prime","Declined"
"APP-823183E18963","D1011","2026-06-11",37100,72,"Prime","Declined"
"APP-DC94889BF0A6","D1011","2026-06-11",37100,48,"Subprime","Booked"
"APP-E325D6C5B621","D1011","2026-06-11",42300,84,"Prime","Declined"
"APP-DD097A274FB6","D1011","2026-06-11",60600,60,"Prime","Approved"
"APP-95216008FC18","D1011","2026-06-12",59600,84,"Prime","Approved"
"APP-CC0E365A6CBC","D1011","2026-06-12",46600,84,"Prime","Booked"
"APP-9C1C5D891D6C","D1011","2026-06-12",48200,60,"Near_Prime","Declined"
"APP-0DEA66A7535C","D1011","2026-06-12",47600,72,"Subprime","Booked"
"APP-552347F64FA7","D1011","2026-06-12",68700,84,"Prime","Booked"
"APP-05D6C1D743D2","D1011","2026-06-13",56500,72,"Prime","Declined"
"APP-413B22A02708","D1011","2026-06-13",63800,60,"Prime","Approved"
"APP-B9FD5B58E836","D1011","2026-06-14",34000,84,"Subprime","Booked"
"APP-AE8CD08D10FB","D1011","2026-06-14",50000,72,"Prime","Approved"
"APP-F97CA9B447C9","D1011","2026-06-15",63100,72,"Prime","Declined"
"APP-C0FD510E73F6","D1011","2026-06-15",47500,60,"Near_Prime","Declined"
"APP-1D77D1C470D7","D1011","2026-06-15",53400,72,"Prime","Booked"
"APP-21E23BBAA574","D1011","2026-06-15",54400,72,"Near_Prime","Booked"
"APP-4AF2574A5CDE","D1011","2026-06-15",53000,60,"Subprime","Approved"
"APP-9F9ADAD46DC8","D1011","2026-06-16",48900,72,"Near_Prime","Approved"
"APP-05435ADCF284","D1011","2026-06-16",38400,72,"Prime","Declined"
"APP-6F36DBEFDCCA","D1011","2026-06-16",60900,60,"Prime","Booked"
"APP-E5B0AEC06D6E","D1011","2026-06-16",37500,84,"Subprime","Approved"
"APP-FACE8B526DD9","D1011","2026-06-17",65200,72,"Prime","Declined"
"APP-1E06D6DC3BA2","D1011","2026-06-17",37600,84,"Prime","Approved"
"APP-44A516067F59","D1011","2026-06-17",43900,72,"Prime","Declined"
"APP-C723C59A8A3A","D1011","2026-06-17",72200,60,"Prime","Booked"
"APP-D5B17F85B828","D1011","2026-06-18",49800,60,"Prime","Approved"
"APP-8D9E33BE89A3","D1011","2026-06-18",48400,60,"Prime","Declined"
"APP-18AEDCCB50F2","D1011","2026-06-18",52200,72,"Prime","Declined"
"APP-BB04A0900E2F","D1011","2026-06-18",56600,72,"Prime","Approved"
"APP-0C39AAA4EEF1","D1011","2026-06-19",50600,72,"Near_Prime","Declined"
"APP-7FB6A99CDA66","D1011","2026-06-19",45300,84,"Near_Prime","Approved"
"APP-F0F4154CC8E8","D1011","2026-06-19",38100,72,"Prime","Approved"
"APP-9D34B573974D","D1011","2026-06-19",69800,60,"Prime","Approved"
"APP-C81748BE1531","D1011","2026-06-20",51000,84,"Subprime","Declined"
"APP-4B547D77E94A","D1011","2026-06-20",36100,72,"Prime","Declined"
"APP-83EC82C9A93C","D1011","2026-06-21",44100,72,"Prime","Booked"
"APP-27069FB0E169","D1011","2026-06-21",59800,60,"Near_Prime","Booked"
"APP-15B12A21332F","D1011","2026-06-22",34200,72,"Prime","Declined"
"APP-FEDCA81D502D","D1011","2026-06-22",57200,84,"Prime","Booked"
"APP-5A02A37619C1","D1011","2026-06-22",56000,72,"Prime","Declined"
"APP-319E05FF93CC","D1011","2026-06-22",60500,84,"Prime","Declined"
"APP-FF5A1D9AF67F","D1011","2026-06-22",48800,72,"Near_Prime","Booked"
"APP-7473E7B93CAC","D1011","2026-06-23",61500,72,"Prime","Approved"
"APP-248047F15AFF","D1011","2026-06-23",40900,72,"Prime","Booked"
"APP-BE21F36A30A2","D1011","2026-06-23",39700,60,"Prime","Approved"
"APP-E33B62EAC69D","D1011","2026-06-23",61000,60,"Prime","Declined"
"APP-87E932407CB5","D1011","2026-06-24",49600,84,"Near_Prime","Booked"
"APP-51BC14E7A226","D1011","2026-06-24",37800,48,"Prime","Booked"
"APP-93309FDCD9D7","D1011","2026-06-24",41900,60,"Prime","Booked"
"APP-1A7017C2E1FD","D1011","2026-06-24",34800,84,"Prime","Declined"
"APP-4450E3EA8854","D1012","2026-03-28",29000,72,"Prime","Approved"
"APP-BD6348D0C1C6","D1012","2026-03-28",38700,60,"Prime","Approved"
"APP-E6C0087F1932","D1012","2026-03-28",39300,72,"Prime","Booked"
"APP-0BA0A7E2886A","D1012","2026-03-29",39500,84,"Prime","Booked"
"APP-555C9D0DB803","D1012","2026-03-29",32600,84,"Subprime","Approved"
"APP-12D402C2E127","D1012","2026-03-30",44300,72,"Prime","Approved"
"APP-569127BDB00F","D1012","2026-03-30",28900,72,"Prime","Booked"
"APP-E26CEFB33061","D1012","2026-03-30",36900,72,"Near_Prime","Declined"
"APP-91F759225BFC","D1012","2026-03-30",32500,60,"Prime","Approved"
"APP-5642A56A8E87","D1012","2026-03-31",35500,84,"Near_Prime","Approved"
"APP-B16BDA6FCB29","D1012","2026-03-31",33000,72,"Prime","Declined"
"APP-3D96D3E8787C","D1012","2026-03-31",28700,72,"Prime","Booked"
"APP-B5ACCE363162","D1012","2026-03-31",34600,72,"Prime","Booked"
"APP-AE217650002F","D1012","2026-03-31",44200,60,"Prime","Booked"
"APP-55398F00DD05","D1012","2026-04-01",32100,72,"Prime","Declined"
"APP-4EB7DB841ECD","D1012","2026-04-01",34300,72,"Prime","Booked"
"APP-9FB3134CF363","D1012","2026-04-01",38000,72,"Prime","Booked"
"APP-F32B758A2E12","D1012","2026-04-02",33400,72,"Prime","Booked"
"APP-0743CE1778DF","D1012","2026-04-02",32800,84,"Near_Prime","Approved"
"APP-2372874F9051","D1012","2026-04-02",40900,60,"Near_Prime","Approved"
"APP-6DFBD68B4D19","D1012","2026-04-02",41100,60,"Near_Prime","Booked"
"APP-F730CE6AF513","D1012","2026-04-02",35800,84,"Prime","Declined"
"APP-54D8511C2A61","D1012","2026-04-03",45200,72,"Prime","Approved"
"APP-5400E8B11746","D1012","2026-04-03",34500,84,"Prime","Booked"
"APP-65723DDBDAA9","D1012","2026-04-03",35600,84,"Prime","Booked"
"APP-7DBFF81FDF75","D1012","2026-04-03",42400,72,"Prime","Booked"
"APP-66365EF72501","D1012","2026-04-03",33200,84,"Near_Prime","Booked"
"APP-5CCEA2D19586","D1012","2026-04-04",35400,72,"Near_Prime","Approved"
"APP-257EA2E322C6","D1012","2026-04-04",32600,72,"Prime","Declined"
"APP-1265D91C7453","D1012","2026-04-05",46400,72,"Prime","Booked"
"APP-1FD7A8F0D507","D1012","2026-04-05",36900,48,"Prime","Booked"
"APP-4D9448CF9C89","D1012","2026-04-06",26300,72,"Subprime","Booked"
"APP-29A37E771640","D1012","2026-04-06",42400,72,"Prime","Booked"
"APP-DFDC24B52A6D","D1012","2026-04-06",34400,72,"Near_Prime","Approved"
"APP-2474BF4C49B4","D1012","2026-04-06",24500,60,"Prime","Approved"
"APP-7D63FF055F71","D1012","2026-04-07",28800,72,"Prime","Declined"
"APP-1169FD646839","D1012","2026-04-07",26300,72,"Subprime","Declined"
"APP-93D22337B3A1","D1012","2026-04-07",34800,48,"Prime","Booked"
"APP-EC1F4F3B347C","D1012","2026-04-07",38700,72,"Prime","Declined"
"APP-DFE7982B0E34","D1012","2026-04-07",22100,84,"Prime","Declined"
"APP-69CC4716B49C","D1012","2026-04-08",25900,60,"Subprime","Declined"
"APP-2F480548BE16","D1012","2026-04-08",30800,72,"Near_Prime","Booked"
"APP-3C23AC9CC40C","D1012","2026-04-08",38200,84,"Prime","Declined"
"APP-C8DACF175D65","D1012","2026-04-08",31100,72,"Prime","Booked"
"APP-4289DC2F0880","D1012","2026-04-08",28200,72,"Subprime","Booked"
"APP-2E38F520D598","D1012","2026-04-09",41300,48,"Prime","Declined"
"APP-603769DFE355","D1012","2026-04-09",37300,72,"Prime","Approved"
"APP-B8DB96D7DFF2","D1012","2026-04-09",40100,72,"Prime","Booked"
"APP-3CCE46920704","D1012","2026-04-09",36900,84,"Prime","Booked"
"APP-108F67E3658A","D1012","2026-04-09",35500,84,"Prime","Approved"
"APP-25439955604B","D1012","2026-04-10",23100,72,"Subprime","Booked"
"APP-802A296ABE4F","D1012","2026-04-10",35800,60,"Near_Prime","Approved"
"APP-6DC94E986F79","D1012","2026-04-10",36800,60,"Near_Prime","Declined"
"APP-12D36850F067","D1012","2026-04-10",30700,72,"Subprime","Approved"
"APP-79A53C02EC59","D1012","2026-04-11",41100,72,"Near_Prime","Booked"
"APP-5F9D44130390","D1012","2026-04-11",32000,84,"Subprime","Booked"
"APP-1A3727B64AA7","D1012","2026-04-12",43000,84,"Prime","Declined"
"APP-367F0C914D2B","D1012","2026-04-12",28500,72,"Near_Prime","Declined"
"APP-873CFDB836D7","D1012","2026-04-13",32300,60,"Prime","Declined"
"APP-FEDF517D2785","D1012","2026-04-13",40600,48,"Prime","Booked"
"APP-E1AAC1AE9F37","D1012","2026-04-13",38000,60,"Prime","Approved"
"APP-07589C4D18AB","D1012","2026-04-13",31400,84,"Prime","Booked"
"APP-6AEF850CBCA1","D1012","2026-04-14",34300,72,"Subprime","Declined"
"APP-DC52AD1BF72F","D1012","2026-04-14",35900,48,"Subprime","Booked"
"APP-BF7F3FE2C32D","D1012","2026-04-14",25300,72,"Near_Prime","Approved"
"APP-7B865776D713","D1012","2026-04-15",29400,84,"Subprime","Booked"
"APP-E4BF664DBE7D","D1012","2026-04-15",38600,48,"Prime","Approved"
"APP-93CF3FC8617F","D1012","2026-04-15",32800,60,"Prime","Approved"
"APP-D522341BD6A1","D1012","2026-04-15",30200,84,"Prime","Declined"
"APP-F92F90D4227D","D1012","2026-04-16",27800,60,"Subprime","Booked"
"APP-491D052A566D","D1012","2026-04-16",36500,60,"Prime","Booked"
"APP-5BCFE4ED3DEA","D1012","2026-04-16",30600,72,"Near_Prime","Booked"
"APP-C3F79F88299F","D1012","2026-04-17",28200,72,"Near_Prime","Booked"
"APP-C4F522E631A8","D1012","2026-04-17",28400,84,"Prime","Approved"
"APP-ACD55318211C","D1012","2026-04-17",32000,84,"Subprime","Declined"
"APP-13AB16FB60B0","D1012","2026-04-17",39900,84,"Prime","Booked"
"APP-6705DDC71DFF","D1012","2026-04-17",35800,72,"Prime","Booked"
"APP-FF22D59B9E1C","D1012","2026-04-18",33600,48,"Near_Prime","Declined"
"APP-07CFBC539943","D1012","2026-04-18",38700,72,"Prime","Booked"
"APP-7EADA44C46CB","D1012","2026-04-19",27300,72,"Subprime","Declined"
"APP-9BA689D55623","D1012","2026-04-19",30200,84,"Prime","Declined"
"APP-E9408EBAEEB9","D1012","2026-04-20",29500,72,"Near_Prime","Approved"
"APP-166940213D4E","D1012","2026-04-20",39500,60,"Prime","Declined"
"APP-807C3452C75E","D1012","2026-04-20",27200,60,"Subprime","Declined"
"APP-2E20489B2C97","D1012","2026-04-20",21900,60,"Subprime","Approved"
"APP-1C578A623AD5","D1012","2026-04-21",27900,72,"Near_Prime","Booked"
"APP-29C6AAAEA869","D1012","2026-04-21",37500,84,"Prime","Approved"
"APP-8683B598F17F","D1012","2026-04-21",36100,72,"Prime","Booked"
"APP-5DA0073C2832","D1012","2026-04-21",44500,84,"Prime","Declined"
"APP-C46245AED64D","D1012","2026-04-22",38100,60,"Prime","Declined"
"APP-E5B5C03DF77C","D1012","2026-04-22",30400,48,"Subprime","Booked"
"APP-4AFAD837B87E","D1012","2026-04-22",33700,60,"Prime","Booked"
"APP-44C9A73502C7","D1012","2026-04-23",27900,72,"Subprime","Declined"
"APP-4ECF7214610C","D1012","2026-04-23",27500,72,"Subprime","Declined"
"APP-6BA5649B072B","D1012","2026-04-23",38500,48,"Prime","Declined"
"APP-8FCCB895525E","D1012","2026-04-23",41000,72,"Prime","Booked"
"APP-EDF470F455CC","D1012","2026-04-24",35800,48,"Near_Prime","Declined"
"APP-BD7B8B3DCC91","D1012","2026-04-24",38200,72,"Prime","Declined"
"APP-8E82DCB683AA","D1012","2026-04-24",21200,72,"Subprime","Declined"
"APP-F57AB3E987F0","D1012","2026-04-24",37700,84,"Prime","Declined"
"APP-28FE923CD30C","D1012","2026-04-25",27800,72,"Subprime","Booked"
"APP-FF64A22CBC38","D1012","2026-04-25",37500,60,"Prime","Declined"
"APP-0FE537955F0C","D1012","2026-04-25",32300,84,"Subprime","Declined"
"APP-C52DD77CC084","D1012","2026-04-26",32600,60,"Prime","Declined"
"APP-F78602027C74","D1012","2026-04-26",34000,72,"Near_Prime","Booked"
"APP-B2CE0160450B","D1012","2026-04-26",37000,84,"Prime","Approved"
"APP-C332C1CD0AB7","D1012","2026-04-27",23200,60,"Subprime","Booked"
"APP-1AD756D68C32","D1012","2026-04-27",39200,48,"Prime","Declined"
"APP-E45441FE7F3B","D1012","2026-04-27",33100,60,"Prime","Declined"
"APP-49AE06AD299E","D1012","2026-04-28",38700,72,"Prime","Declined"
"APP-DE48BC672773","D1012","2026-04-28",39400,60,"Prime","Declined"
"APP-7AB2912DF4FA","D1012","2026-04-28",38600,84,"Prime","Approved"
"APP-EA0CFD8819B1","D1012","2026-04-28",38900,84,"Prime","Booked"
"APP-F83002C0A86D","D1012","2026-04-29",35000,72,"Prime","Approved"
"APP-A5C8B285B613","D1012","2026-04-29",40200,60,"Prime","Booked"
"APP-E164C4FB7973","D1012","2026-04-29",40600,84,"Prime","Approved"
"APP-C18C755C59DB","D1012","2026-04-30",34700,84,"Prime","Approved"
"APP-A972590C6E4D","D1012","2026-04-30",32900,72,"Prime","Declined"
"APP-698EE47DAF99","D1012","2026-04-30",35900,84,"Near_Prime","Declined"
"APP-5856F9E6E035","D1012","2026-04-30",46600,84,"Prime","Declined"
"APP-F2ECE55426C1","D1012","2026-04-30",26700,72,"Prime","Approved"
"APP-D73908854EF6","D1012","2026-05-01",34300,72,"Near_Prime","Approved"
"APP-F3E2F85FAB29","D1012","2026-05-01",19900,84,"Subprime","Approved"
"APP-73609077837F","D1012","2026-05-01",40000,84,"Prime","Declined"
"APP-77B69FECA7C9","D1012","2026-05-01",29600,72,"Subprime","Declined"
"APP-88C0DBD26868","D1012","2026-05-01",35000,60,"Subprime","Approved"
"APP-9F75490847B6","D1012","2026-05-02",40200,48,"Prime","Booked"
"APP-82CE256BECC6","D1012","2026-05-02",35900,84,"Near_Prime","Booked"
"APP-B2B1E4D58DE2","D1012","2026-05-02",31000,60,"Prime","Booked"
"APP-CF64BBAB24C1","D1012","2026-05-03",31500,72,"Prime","Declined"
"APP-554B2C8D6D33","D1012","2026-05-03",31700,72,"Prime","Approved"
"APP-CF88FF075E70","D1012","2026-05-04",32600,60,"Prime","Approved"
"APP-C926A51D87CA","D1012","2026-05-04",36900,72,"Prime","Declined"
"APP-E03A85531074","D1012","2026-05-04",33800,72,"Prime","Approved"
"APP-FDB33F15C3DB","D1012","2026-05-04",46000,84,"Prime","Declined"
"APP-A08F7041DE72","D1012","2026-05-04",35200,60,"Near_Prime","Booked"
"APP-37953F90576C","D1012","2026-05-05",36100,72,"Prime","Declined"
"APP-87274EFE6E84","D1012","2026-05-05",33000,72,"Prime","Declined"
"APP-BB9391D1B21E","D1012","2026-05-05",43600,72,"Prime","Declined"
"APP-AE691DADF7EE","D1012","2026-05-05",31200,84,"Prime","Declined"
"APP-5EB76E9B15AE","D1012","2026-05-05",34700,60,"Prime","Booked"
"APP-58AA615798DA","D1012","2026-05-06",31500,84,"Subprime","Declined"
"APP-845CBAE2AE1C","D1012","2026-05-06",38100,60,"Near_Prime","Approved"
"APP-E03646C5E7C0","D1012","2026-05-06",31300,48,"Near_Prime","Booked"
"APP-081AD30F9586","D1012","2026-05-06",33300,84,"Prime","Declined"
"APP-E46359BE9266","D1012","2026-05-07",30400,72,"Prime","Approved"
"APP-66AA19462283","D1012","2026-05-07",24200,72,"Subprime","Declined"
"APP-0C96A5A57573","D1012","2026-05-07",32600,72,"Prime","Booked"
"APP-C7A7617A5AA8","D1012","2026-05-07",39800,48,"Prime","Approved"
"APP-9D7054A7EB6C","D1012","2026-05-08",37800,84,"Near_Prime","Declined"
"APP-572FFC62B121","D1012","2026-05-08",41200,72,"Prime","Approved"
"APP-51CB581F17C9","D1012","2026-05-08",44800,72,"Prime","Declined"
"APP-118F0430A8D4","D1012","2026-05-08",37100,72,"Prime","Declined"
"APP-194E22BAE375","D1012","2026-05-09",41800,72,"Prime","Booked"
"APP-C166460738B0","D1012","2026-05-09",32200,72,"Prime","Booked"
"APP-B252887EF602","D1012","2026-05-10",37900,60,"Prime","Approved"
"APP-AF762FF0B8AC","D1012","2026-05-10",47500,72,"Prime","Booked"
"APP-DC9F4A8C4CBB","D1012","2026-05-10",25800,72,"Subprime","Approved"
"APP-23B5D3430CC1","D1012","2026-05-11",32600,72,"Prime","Declined"
"APP-35D5E3E50BF7","D1012","2026-05-11",36500,84,"Subprime","Approved"
"APP-33D382D0F0DE","D1012","2026-05-11",35900,72,"Prime","Approved"
"APP-FF34F4050EC7","D1012","2026-05-12",35300,60,"Subprime","Approved"
"APP-9E123431072D","D1012","2026-05-12",36600,72,"Near_Prime","Booked"
"APP-E286EE142546","D1012","2026-05-12",38500,84,"Prime","Declined"
"APP-B34B67C2974A","D1012","2026-05-12",36600,84,"Prime","Approved"
"APP-B04EA4CACDC7","D1012","2026-05-13",39700,72,"Prime","Approved"
"APP-FDB559271A26","D1012","2026-05-13",38000,48,"Prime","Booked"
"APP-D0AF4A329BEB","D1012","2026-05-13",37100,60,"Prime","Booked"
"APP-11F48454F517","D1012","2026-05-13",40800,60,"Prime","Declined"
"APP-9EDF4F82BE98","D1012","2026-05-14",30400,72,"Prime","Approved"
"APP-0953E1A5F18A","D1012","2026-05-14",40100,48,"Prime","Booked"
"APP-B3DAA31BC305","D1012","2026-05-14",36800,48,"Prime","Declined"
"APP-077C6FA54241","D1012","2026-05-15",30600,84,"Near_Prime","Booked"
"APP-BCD284BCA07C","D1012","2026-05-15",32500,72,"Prime","Booked"
"APP-E4A29A4C62D0","D1012","2026-05-15",30400,72,"Near_Prime","Declined"
"APP-223DC0F965B8","D1012","2026-05-16",28200,60,"Prime","Declined"
"APP-56940FB78389","D1012","2026-05-16",40700,60,"Prime","Declined"
"APP-1BB5F1883498","D1012","2026-05-17",34900,72,"Prime","Declined"
"APP-652634BEB235","D1012","2026-05-17",32200,72,"Subprime","Declined"
"APP-4F38FCF17684","D1012","2026-05-17",31100,72,"Subprime","Booked"
"APP-ECB19119C0FC","D1012","2026-05-18",39800,84,"Prime","Booked"
"APP-E9584E89200A","D1012","2026-05-18",38600,84,"Prime","Approved"
"APP-198561373FE4","D1012","2026-05-18",32200,60,"Prime","Declined"
"APP-FC03EAE82C4C","D1012","2026-05-18",32000,60,"Prime","Declined"
"APP-2E78197BD733","D1012","2026-05-19",47500,72,"Prime","Approved"
"APP-B83FD7E70909","D1012","2026-05-19",35900,60,"Prime","Booked"
"APP-908BBB3FC04F","D1012","2026-05-19",25800,72,"Subprime","Declined"
"APP-4A2AA93DE10A","D1012","2026-05-20",42600,84,"Prime","Booked"
"APP-4F52CCAA22BF","D1012","2026-05-20",30300,72,"Near_Prime","Booked"
"APP-0EAEF664E78D","D1012","2026-05-20",31200,84,"Prime","Declined"
"APP-C7F6B24AC8EB","D1012","2026-05-21",50800,72,"Prime","Declined"
"APP-23EC4597570A","D1012","2026-05-21",29700,72,"Subprime","Declined"
"APP-BB0051022F90","D1012","2026-05-21",41000,72,"Prime","Approved"
"APP-B2FE105E0225","D1012","2026-05-21",26600,48,"Subprime","Booked"
"APP-83496E1D0778","D1012","2026-05-22",30800,72,"Prime","Booked"
"APP-74C781016ABB","D1012","2026-05-22",34400,72,"Subprime","Booked"
"APP-A92A34E3EC49","D1012","2026-05-22",34200,48,"Subprime","Booked"
"APP-F1032658133A","D1012","2026-05-22",36600,60,"Prime","Declined"
"APP-A2E5561F329D","D1012","2026-05-23",34600,60,"Prime","Declined"
"APP-017051ABF729","D1012","2026-05-23",33400,72,"Prime","Booked"
"APP-4020AFC7E72B","D1012","2026-05-23",31100,72,"Prime","Declined"
"APP-5BA477129AEE","D1012","2026-05-24",38300,60,"Prime","Booked"
"APP-54895DB6ADA2","D1012","2026-05-24",33100,60,"Prime","Booked"
"APP-869821D24517","D1012","2026-05-25",38100,72,"Prime","Booked"
"APP-2649202557A9","D1012","2026-05-25",45100,84,"Prime","Declined"
"APP-78ECC815E77E","D1012","2026-05-25",36100,60,"Prime","Declined"
"APP-BC0227B33748","D1012","2026-05-25",24500,72,"Prime","Approved"
"APP-D874F90C095C","D1012","2026-05-25",37600,48,"Near_Prime","Declined"
"APP-E71442EC5DDC","D1012","2026-05-26",29800,72,"Prime","Declined"
"APP-A0214A603A3A","D1012","2026-05-26",36500,84,"Prime","Declined"
"APP-417CB89B700F","D1012","2026-05-26",38200,60,"Prime","Booked"
"APP-198C1AADF288","D1012","2026-05-26",44100,72,"Prime","Declined"
"APP-C4F66D81FBE5","D1012","2026-05-27",43400,60,"Near_Prime","Booked"
"APP-65AC68AD0509","D1012","2026-05-27",42400,48,"Prime","Declined"
"APP-5A1FF0DC5BAA","D1012","2026-05-27",33900,60,"Prime","Declined"
"APP-A2C465E454A3","D1012","2026-05-27",30900,84,"Subprime","Booked"
"APP-D89870A43A0A","D1012","2026-05-28",32500,48,"Prime","Declined"
"APP-8EB44AC450E8","D1012","2026-05-28",37700,60,"Prime","Booked"
"APP-0962025F4DC8","D1012","2026-05-28",39000,60,"Prime","Booked"
"APP-E19F86C56C82","D1012","2026-05-29",32400,84,"Prime","Booked"
"APP-CDA451735C4D","D1012","2026-05-29",29000,72,"Prime","Declined"
"APP-C2415D2E692B","D1012","2026-05-29",26700,72,"Near_Prime","Declined"
"APP-1BF1E78558FB","D1012","2026-05-29",28800,72,"Subprime","Approved"
"APP-A3786BCC2690","D1012","2026-05-29",29000,84,"Near_Prime","Declined"
"APP-1046163E4E36","D1012","2026-05-30",35400,72,"Prime","Declined"
"APP-8BA69D1180A8","D1012","2026-05-30",40800,84,"Prime","Declined"
"APP-B96341EDFCA0","D1012","2026-05-31",34300,60,"Prime","Declined"
"APP-CEF09DDE3F97","D1012","2026-05-31",43800,84,"Prime","Approved"
"APP-EAE333B62902","D1012","2026-06-01",25000,72,"Prime","Declined"
"APP-3E38ACB3772A","D1012","2026-06-01",30200,60,"Prime","Declined"
"APP-E4EDD4C9E54B","D1012","2026-06-01",26900,60,"Subprime","Declined"
"APP-320979BDA5CF","D1012","2026-06-01",39800,84,"Prime","Declined"
"APP-C50DE40AD53C","D1012","2026-06-01",30200,84,"Prime","Declined"
"APP-69310F92C528","D1012","2026-06-02",37300,72,"Prime","Declined"
"APP-0CE93960A609","D1012","2026-06-02",48500,84,"Prime","Declined"
"APP-840C87F2E5AB","D1012","2026-06-02",40400,60,"Near_Prime","Booked"
"APP-EED51EB4B251","D1012","2026-06-02",31800,84,"Prime","Booked"
"APP-67317C01F28E","D1012","2026-06-02",42500,72,"Prime","Booked"
"APP-9DCC2A656925","D1012","2026-06-03",35800,60,"Near_Prime","Approved"
"APP-7D803BA12531","D1012","2026-06-03",35400,84,"Prime","Approved"
"APP-0D805A4B352C","D1012","2026-06-03",26600,60,"Prime","Approved"
"APP-20D439EFFD73","D1012","2026-06-03",41100,72,"Prime","Booked"
"APP-418DFAE566B5","D1012","2026-06-04",42800,72,"Prime","Approved"
"APP-D91B43331F7A","D1012","2026-06-04",37200,72,"Prime","Declined"
"APP-0286D3245884","D1012","2026-06-04",38000,60,"Prime","Booked"
"APP-859DC3F251BE","D1012","2026-06-04",33000,84,"Prime","Approved"
"APP-E574780036F7","D1012","2026-06-05",34100,72,"Near_Prime","Booked"
"APP-875DB5F3E281","D1012","2026-06-05",34900,72,"Prime","Declined"
"APP-1AC02BA233AA","D1012","2026-06-05",38000,72,"Prime","Booked"
"APP-7297DBFBC6C3","D1012","2026-06-06",42400,84,"Prime","Declined"
"APP-20DDFE20EFD8","D1012","2026-06-06",43000,72,"Prime","Declined"
"APP-A1DCA7E452F0","D1012","2026-06-07",37300,72,"Prime","Booked"
"APP-440EB66BFF62","D1012","2026-06-07",35100,48,"Prime","Approved"
"APP-757308873102","D1012","2026-06-08",32500,60,"Near_Prime","Booked"
"APP-93F4EEA8691D","D1012","2026-06-08",44900,84,"Prime","Declined"
"APP-C50C6425EDE9","D1012","2026-06-08",33900,48,"Near_Prime","Declined"
"APP-F188BD5A7F62","D1012","2026-06-08",33900,72,"Near_Prime","Approved"
"APP-EEDF508A7872","D1012","2026-06-09",33600,72,"Prime","Booked"
"APP-7EB73936E3A0","D1012","2026-06-09",25600,72,"Near_Prime","Declined"
"APP-A85FADAFD276","D1012","2026-06-09",26400,72,"Near_Prime","Booked"
"APP-204F87640E18","D1012","2026-06-10",40200,72,"Prime","Declined"
"APP-3EE1059C320D","D1012","2026-06-10",23400,84,"Prime","Booked"
"APP-973460B11837","D1012","2026-06-10",31200,72,"Prime","Declined"
"APP-BED1D714F542","D1012","2026-06-11",40500,72,"Prime","Approved"
"APP-2498F607D55F","D1012","2026-06-11",38200,60,"Prime","Booked"
"APP-3303AB8C635F","D1012","2026-06-11",38400,72,"Prime","Declined"
"APP-86FD187828E1","D1012","2026-06-11",28600,48,"Prime","Booked"
"APP-F86A3F79D334","D1012","2026-06-12",27300,72,"Subprime","Declined"
"APP-6843412757BF","D1012","2026-06-12",40100,48,"Prime","Declined"
"APP-813D93887F38","D1012","2026-06-12",35100,72,"Prime","Declined"
"APP-536BDC9B5DEB","D1012","2026-06-12",39900,48,"Prime","Booked"
"APP-E488037C6E0C","D1012","2026-06-12",35600,72,"Near_Prime","Declined"
"APP-018A12914C9B","D1012","2026-06-13",35500,72,"Prime","Approved"
"APP-ECB8FB21CAE8","D1012","2026-06-13",28200,84,"Prime","Booked"
"APP-7F70C13E74B1","D1012","2026-06-13",35100,72,"Subprime","Declined"
"APP-719D4EB6F372","D1012","2026-06-14",31400,72,"Subprime","Booked"
"APP-9B7D0570ADCD","D1012","2026-06-14",32900,60,"Prime","Booked"
"APP-3E9DE1E0BB9D","D1012","2026-06-15",44100,72,"Near_Prime","Declined"
"APP-2FDBF9F76487","D1012","2026-06-15",36800,84,"Prime","Declined"
"APP-A03B9FB9FE83","D1012","2026-06-15",42000,48,"Prime","Declined"
"APP-4C375CD9D4C8","D1012","2026-06-15",57800,72,"Prime","Declined"
"APP-A83A1E00897E","D1012","2026-06-15",35900,84,"Prime","Declined"
"APP-E750984EF178","D1012","2026-06-16",31400,72,"Subprime","Declined"
"APP-789D31EEE992","D1012","2026-06-16",35700,48,"Prime","Declined"
"APP-0412B88F135E","D1012","2026-06-16",39900,84,"Prime","Approved"
"APP-F426120C927F","D1012","2026-06-16",43100,84,"Prime","Declined"
"APP-EB51961B3F65","D1012","2026-06-17",29800,72,"Prime","Approved"
"APP-9190373708CF","D1012","2026-06-17",33000,84,"Prime","Declined"
"APP-C92D97BA00F6","D1012","2026-06-17",36900,72,"Prime","Booked"
"APP-235E745ADD7A","D1012","2026-06-18",34800,72,"Prime","Approved"
"APP-A980D599201A","D1012","2026-06-18",31600,60,"Subprime","Declined"
"APP-5CE26F0620E6","D1012","2026-06-18",25800,72,"Prime","Booked"
"APP-1600C848F6C2","D1012","2026-06-19",34500,72,"Near_Prime","Approved"
"APP-0EF7DD67B84D","D1012","2026-06-19",43400,72,"Prime","Booked"
"APP-8363D6A45CA0","D1012","2026-06-19",34300,84,"Prime","Approved"
"APP-BC9BFB0DD892","D1012","2026-06-19",28700,72,"Prime","Approved"
"APP-1E99ADED0063","D1012","2026-06-20",36300,72,"Prime","Declined"
"APP-7CD3F33759B0","D1012","2026-06-20",32500,72,"Prime","Declined"
"APP-985FF3D3EEAF","D1012","2026-06-21",31200,72,"Prime","Declined"
"APP-2A2799970387","D1012","2026-06-21",34600,72,"Prime","Booked"
"APP-02627B2B2B85","D1012","2026-06-21",34000,72,"Prime","Approved"
"APP-8A84DFECB40C","D1012","2026-06-22",42000,84,"Prime","Booked"
"APP-8D02FB0F1EC4","D1012","2026-06-22",28700,72,"Prime","Declined"
"APP-D847639B6913","D1012","2026-06-22",31700,84,"Prime","Approved"
"APP-6FB21FFD5FB5","D1012","2026-06-23",28000,72,"Near_Prime","Booked"
"APP-E4E297C10C29","D1012","2026-06-23",40000,84,"Near_Prime","Booked"
"APP-CDDBEEE54ED3","D1012","2026-06-23",36300,84,"Prime","Declined"
"APP-46832B8B799A","D1012","2026-06-23",33500,60,"Near_Prime","Approved"
"APP-48CAEE98053C","D1012","2026-06-24",36200,72,"Near_Prime","Approved"
"APP-9F76A28C0808","D1012","2026-06-24",29100,60,"Prime","Booked"
"APP-2B1559F5DB98","D1012","2026-06-24",38500,60,"Prime","Booked"
"APP-D8F0417AFB08","D1012","2026-06-24",39700,84,"Prime","Approved"
"APP-2928F807E1C3","D1012","2026-06-24",39200,84,"Near_Prime","Declined"
"APP-CEBB4B51CBD6","D1012","2026-06-25",46300,72,"Prime","Approved"
"APP-CC4F69F37A2B","D1012","2026-06-25",43400,72,"Prime","Approved"
"APP-EDACEAFE4D70","D1012","2026-06-25",23500,84,"Subprime","Declined"
"APP-245EE1863F60","D1012","2026-06-25",34900,84,"Prime","Booked"
"APP-3F726FC302A0","D1012","2026-06-25",33900,48,"Prime","Booked"
"APP-F157B42FD50A","D1012","2026-06-25",34800,72,"Prime","Booked"
"APP-1F5F783A5088","D1012","2026-06-25",36500,72,"Near_Prime","Declined"
"APP-D3B41D9A4A02","D1013","2026-03-28",30800,84,"Prime","Declined"
"APP-8E5EE0FEBFD1","D1013","2026-03-29",26300,60,"Near_Prime","Declined"
"APP-80B70599F993","D1013","2026-03-30",19200,60,"Prime","Booked"
"APP-31035D0DCC76","D1013","2026-03-30",20000,72,"Prime","Booked"
"APP-E1B64E4FAF85","D1013","2026-03-31",26400,60,"Prime","Booked"
"APP-B489C2696F90","D1013","2026-03-31",23700,60,"Subprime","Declined"
"APP-1B0A0D77BABE","D1013","2026-04-01",25000,48,"Near_Prime","Declined"
"APP-7DF86C32AE89","D1013","2026-04-01",23800,60,"Prime","Declined"
"APP-49C3C217B469","D1013","2026-04-02",30500,84,"Prime","Booked"
"APP-625A6A6C4774","D1013","2026-04-02",21500,60,"Subprime","Declined"
"APP-AF10FB66563A","D1013","2026-04-03",21100,84,"Near_Prime","Booked"
"APP-39A1045E1752","D1013","2026-04-03",18200,84,"Subprime","Approved"
"APP-B5FDEB6AAB79","D1013","2026-04-04",21800,84,"Prime","Declined"
"APP-BF7B6C653C78","D1013","2026-04-05",18700,72,"Subprime","Approved"
"APP-9B744E115514","D1013","2026-04-06",31000,72,"Near_Prime","Booked"
"APP-79068F01C9B8","D1013","2026-04-06",26500,60,"Prime","Booked"
"APP-70A56E9421EC","D1013","2026-04-07",19600,72,"Subprime","Booked"
"APP-71FDF328B6F2","D1013","2026-04-07",27100,72,"Prime","Declined"
"APP-9412242DFFC9","D1013","2026-04-08",28700,48,"Prime","Approved"
"APP-9D7EB8310C8C","D1013","2026-04-08",21500,72,"Prime","Booked"
"APP-0CBB8AB18425","D1013","2026-04-09",29900,60,"Prime","Declined"
"APP-EA44267E9145","D1013","2026-04-09",24400,72,"Prime","Booked"
"APP-7EF3B6F544F9","D1013","2026-04-10",33400,60,"Prime","Declined"
"APP-73B1A9432335","D1013","2026-04-10",25700,60,"Subprime","Booked"
"APP-3FA6696F2EB4","D1013","2026-04-11",31800,84,"Prime","Approved"
"APP-A29749F03E49","D1013","2026-04-12",24900,60,"Near_Prime","Booked"
"APP-5AEC513039E4","D1013","2026-04-13",20800,60,"Prime","Declined"
"APP-5856FDD07D32","D1013","2026-04-13",24800,60,"Prime","Declined"
"APP-CBD30605BF79","D1013","2026-04-14",29600,84,"Prime","Declined"
"APP-62AC9EA216BD","D1013","2026-04-14",31600,48,"Prime","Booked"
"APP-CA252113B531","D1013","2026-04-15",33800,84,"Prime","Declined"
"APP-3F7C429A9C57","D1013","2026-04-15",26800,72,"Prime","Booked"
"APP-268CA474C107","D1013","2026-04-16",34100,72,"Prime","Booked"
"APP-C8C88C9E691A","D1013","2026-04-16",17600,72,"Subprime","Declined"
"APP-C3BE01B52637","D1013","2026-04-17",22100,60,"Subprime","Booked"
"APP-6B35028F4677","D1013","2026-04-17",18600,72,"Subprime","Booked"
"APP-4865E48DC1E8","D1013","2026-04-18",24900,72,"Prime","Declined"
"APP-F234B9D84DC4","D1013","2026-04-19",26500,84,"Prime","Booked"
"APP-40BDDEC39C0A","D1013","2026-04-20",31300,84,"Prime","Declined"
"APP-9255D11BA9A2","D1013","2026-04-20",36000,72,"Prime","Declined"
"APP-A73097CE9C36","D1013","2026-04-21",24100,84,"Prime","Declined"
"APP-3DFB9A4B0A93","D1013","2026-04-21",14100,72,"Subprime","Booked"
"APP-DFB52992C081","D1013","2026-04-22",31400,72,"Prime","Booked"
"APP-7D5B4775206B","D1013","2026-04-22",22600,84,"Near_Prime","Declined"
"APP-F04F14406AD5","D1013","2026-04-23",22100,72,"Prime","Declined"
"APP-81E932D0953E","D1013","2026-04-23",28700,72,"Prime","Declined"
"APP-A3E02DBF8995","D1013","2026-04-24",27600,84,"Prime","Approved"
"APP-3F52553CA2A2","D1013","2026-04-25",36600,60,"Prime","Booked"
"APP-85683EC27840","D1013","2026-04-26",23200,72,"Prime","Approved"
"APP-0B283E5DA461","D1013","2026-04-27",26800,60,"Prime","Declined"
"APP-FC042F344815","D1013","2026-04-27",36100,72,"Prime","Booked"
"APP-3203DE007936","D1013","2026-04-28",37800,72,"Prime","Declined"
"APP-8EC02B4C3F6B","D1013","2026-04-28",30800,48,"Near_Prime","Declined"
"APP-ECF3AFC64284","D1013","2026-04-29",26100,72,"Near_Prime","Declined"
"APP-1FC91283D2E2","D1013","2026-04-29",26500,72,"Prime","Booked"
"APP-7BA8B46FDCF3","D1013","2026-04-30",23100,72,"Prime","Declined"
"APP-46E6C0FF98F5","D1013","2026-04-30",21500,60,"Near_Prime","Declined"
"APP-6884CAC38240","D1013","2026-05-01",18900,60,"Subprime","Declined"
"APP-E7290103DD2B","D1013","2026-05-02",30200,48,"Near_Prime","Declined"
"APP-EDABC7A783D4","D1013","2026-05-03",26400,60,"Prime","Declined"
"APP-AEF9E0EBBAF8","D1013","2026-05-04",22800,72,"Prime","Declined"
"APP-17A50277B987","D1013","2026-05-04",33100,72,"Prime","Approved"
"APP-53D500144F3A","D1013","2026-05-05",19800,72,"Prime","Declined"
"APP-D2A346C9903D","D1013","2026-05-05",24100,72,"Near_Prime","Approved"
"APP-0D6962AB178A","D1013","2026-05-06",26800,84,"Prime","Booked"
"APP-38C17CACCEB1","D1013","2026-05-06",32200,72,"Prime","Declined"
"APP-E2D27F2FC418","D1013","2026-05-07",36100,48,"Prime","Approved"
"APP-6FE20D7FCF29","D1013","2026-05-07",19000,72,"Prime","Booked"
"APP-9185D4EBD215","D1013","2026-05-08",28400,72,"Prime","Booked"
"APP-8986DBD8EF10","D1013","2026-05-08",19600,72,"Subprime","Booked"
"APP-93890ED19086","D1013","2026-05-09",21500,60,"Subprime","Approved"
"APP-3884E898F182","D1013","2026-05-10",35000,60,"Prime","Declined"
"APP-9BE650CF8886","D1013","2026-05-11",34000,72,"Prime","Booked"
"APP-5B39D6E520B0","D1013","2026-05-11",31100,72,"Prime","Declined"
"APP-E697B4D982B2","D1013","2026-05-12",25000,72,"Prime","Approved"
"APP-3DE71DE9AC1D","D1013","2026-05-12",22300,84,"Near_Prime","Booked"
"APP-27034403FDDF","D1013","2026-05-13",25100,84,"Prime","Approved"
"APP-9E42D37E44E4","D1013","2026-05-13",31300,60,"Near_Prime","Approved"
"APP-23AADE188CC4","D1013","2026-05-14",19200,72,"Near_Prime","Declined"
"APP-54F1717807D0","D1013","2026-05-14",19700,60,"Prime","Booked"
"APP-8694480806C1","D1013","2026-05-15",30700,72,"Prime","Approved"
"APP-ABE74AC27AB8","D1013","2026-05-15",25300,60,"Prime","Booked"
"APP-900DA0E3CB6E","D1013","2026-05-16",29100,72,"Prime","Declined"
"APP-D40FA3C3D5D3","D1013","2026-05-17",31000,84,"Prime","Booked"
"APP-FBFE025B5F26","D1013","2026-05-18",30500,72,"Prime","Booked"
"APP-FA80AF6F81F2","D1013","2026-05-18",25100,72,"Prime","Booked"
"APP-16F5E79961E3","D1013","2026-05-19",24000,72,"Prime","Booked"
"APP-2E878BBE8033","D1013","2026-05-19",28800,84,"Prime","Approved"
"APP-B5CC3977F943","D1013","2026-05-20",22000,84,"Near_Prime","Declined"
"APP-DA059DAB0D37","D1013","2026-05-21",32200,72,"Prime","Declined"
"APP-5610FE888835","D1013","2026-05-21",15900,84,"Subprime","Declined"
"APP-C3DE4D765A56","D1013","2026-05-22",33900,72,"Prime","Booked"
"APP-162DF6B015D3","D1013","2026-05-22",27200,72,"Prime","Declined"
"APP-3A7AA1FCDB5B","D1013","2026-05-23",23800,72,"Subprime","Approved"
"APP-EEC0E810B5FA","D1013","2026-05-24",16600,72,"Subprime","Approved"
"APP-54C026590BE9","D1013","2026-05-25",18500,72,"Subprime","Declined"
"APP-63EF4FB3D61D","D1013","2026-05-25",31900,72,"Prime","Declined"
"APP-E4BF63D1CC70","D1013","2026-05-26",30400,60,"Prime","Approved"
"APP-26B2814D9F5B","D1013","2026-05-26",21200,60,"Prime","Approved"
"APP-FC1AE0B8AEB4","D1013","2026-05-27",29300,60,"Prime","Declined"
"APP-2F7A1C1D5250","D1013","2026-05-27",27600,48,"Near_Prime","Booked"
"APP-F4C6D8919D6C","D1013","2026-05-28",25300,84,"Prime","Booked"
"APP-8F724641906E","D1013","2026-05-28",27800,72,"Prime","Declined"
"APP-627801C2C4EA","D1013","2026-05-29",22100,84,"Prime","Approved"
"APP-A8C00525E786","D1013","2026-05-29",23400,60,"Near_Prime","Approved"
"APP-05EDEBCA77CA","D1013","2026-05-30",33800,72,"Prime","Declined"
"APP-2163FC1F77A3","D1013","2026-05-31",26100,72,"Prime","Approved"
"APP-023D1BE3E64F","D1013","2026-06-01",22800,60,"Prime","Booked"
"APP-48962D6331BA","D1013","2026-06-01",24200,60,"Prime","Declined"
"APP-189C50597923","D1013","2026-06-02",15200,72,"Prime","Booked"
"APP-B6BC8E2FADD4","D1013","2026-06-02",19700,60,"Near_Prime","Approved"
"APP-E2E05B777742","D1013","2026-06-03",22000,60,"Prime","Booked"
"APP-3C60AE92FF1A","D1013","2026-06-04",33500,84,"Prime","Booked"
"APP-B41DDC0F3670","D1013","2026-06-04",28600,84,"Prime","Declined"
"APP-6138C93A7670","D1013","2026-06-05",28600,84,"Near_Prime","Declined"
"APP-6A857A433FDD","D1013","2026-06-06",24000,72,"Prime","Approved"
"APP-5118A764B672","D1013","2026-06-07",25400,84,"Prime","Booked"
"APP-4CE0060807B1","D1013","2026-06-08",21000,48,"Near_Prime","Booked"
"APP-6CA2EC29EE9C","D1013","2026-06-08",27000,60,"Prime","Declined"
"APP-D170F56BE509","D1013","2026-06-09",18800,84,"Subprime","Declined"
"APP-2DCE150B6166","D1013","2026-06-09",33000,60,"Prime","Booked"
"APP-591DF1BD41EE","D1013","2026-06-10",18600,72,"Prime","Approved"
"APP-015730CC3D41","D1013","2026-06-10",22000,72,"Prime","Declined"
"APP-CAB2F3FE8F83","D1013","2026-06-11",23000,60,"Prime","Declined"
"APP-24117C294095","D1013","2026-06-11",23100,72,"Prime","Declined"
"APP-68D6E8979516","D1013","2026-06-12",20900,72,"Near_Prime","Declined"
"APP-1BFBB51B4CE3","D1013","2026-06-12",28400,84,"Prime","Booked"
"APP-837AE21A3634","D1013","2026-06-13",21600,48,"Prime","Booked"
"APP-269CABCF18A0","D1013","2026-06-14",27100,60,"Prime","Booked"
"APP-606531ED4D0C","D1013","2026-06-15",30200,48,"Prime","Booked"
"APP-DAEDD422E369","D1013","2026-06-15",25800,72,"Prime","Approved"
"APP-FD9A9453C69E","D1013","2026-06-16",16200,60,"Subprime","Approved"
"APP-FE5A76D514A3","D1013","2026-06-16",34800,72,"Prime","Declined"
"APP-77553BDB5719","D1013","2026-06-17",13700,72,"Prime","Approved"
"APP-67808AACE93D","D1013","2026-06-17",18700,60,"Prime","Declined"
"APP-DD71DB0B5988","D1013","2026-06-18",17800,60,"Prime","Declined"
"APP-4950B56B4C3C","D1013","2026-06-18",19200,60,"Subprime","Approved"
"APP-B36A45448065","D1013","2026-06-19",23400,60,"Prime","Approved"
"APP-08D21906A870","D1013","2026-06-19",29600,60,"Prime","Approved"
"APP-1D336CD36979","D1013","2026-06-20",28000,84,"Prime","Declined"
"APP-6970CE8FCA18","D1013","2026-06-21",30500,48,"Prime","Declined"
"APP-CC5321BE7565","D1013","2026-06-22",30900,72,"Prime","Declined"
"APP-93907902687E","D1013","2026-06-22",24800,72,"Prime","Declined"
"APP-E490FE1A0194","D1013","2026-06-23",21700,60,"Prime","Booked"
"APP-3618C1727E67","D1013","2026-06-23",18400,60,"Subprime","Booked"
"APP-206654A6273C","D1013","2026-06-24",27300,84,"Subprime","Approved"
"APP-577EFEC1AAF0","D1013","2026-06-24",28200,60,"Prime","Approved"
"APP-D4329A016478","D1013","2026-06-25",27300,84,"Prime","Booked"
"APP-84133FDA7B11","D1013","2026-06-25",31300,60,"Near_Prime","Declined"
"APP-3334CBCDC054","D1013","2026-06-25",25400,84,"Near_Prime","Booked"
"APP-CC55C43B080A","D1014","2026-03-28",23300,48,"Near_Prime","Declined"
"APP-FA0D8C6C4D05","D1014","2026-03-29",25200,48,"Prime","Declined"
"APP-0D7AC8F59FCA","D1014","2026-03-30",17900,60,"Prime","Declined"
"APP-0D2D7A6F21BE","D1014","2026-03-30",23100,48,"Near_Prime","Declined"
"APP-238C641FAB52","D1014","2026-03-31",17800,60,"Near_Prime","Approved"
"APP-ACCD584C2A9D","D1014","2026-03-31",23100,48,"Prime","Approved"
"APP-50FE2122C867","D1014","2026-04-01",16600,60,"Prime","Declined"
"APP-EB1696B67913","D1014","2026-04-01",32600,84,"Prime","Declined"
"APP-DB2289AB929A","D1014","2026-04-02",34900,60,"Prime","Approved"
"APP-51EC57A47F6D","D1014","2026-04-02",25200,48,"Near_Prime","Declined"
"APP-42CB27036A4C","D1014","2026-04-03",28000,72,"Prime","Approved"
"APP-0DE7EE18E274","D1014","2026-04-03",27500,48,"Prime","Booked"
"APP-629ABDB1F909","D1014","2026-04-04",27900,84,"Near_Prime","Approved"
"APP-0E1344C859A4","D1014","2026-04-05",27300,72,"Prime","Booked"
"APP-B21499BEAB9A","D1014","2026-04-06",35200,84,"Prime","Booked"
"APP-B0248DCE9066","D1014","2026-04-06",26400,60,"Subprime","Declined"
"APP-F360B9A349F8","D1014","2026-04-07",30300,48,"Prime","Booked"
"APP-C3F91CA8D6EC","D1014","2026-04-07",20900,84,"Prime","Booked"
"APP-F1FD9041E1A7","D1014","2026-04-08",23400,48,"Near_Prime","Declined"
"APP-14F352EF665C","D1014","2026-04-08",37000,60,"Prime","Declined"
"APP-DE531808E93D","D1014","2026-04-09",18100,72,"Prime","Booked"
"APP-5D884D26E00D","D1014","2026-04-09",30900,84,"Near_Prime","Booked"
"APP-22DE15CD5D38","D1014","2026-04-10",23100,60,"Prime","Declined"
"APP-3B780E15E178","D1014","2026-04-10",22600,72,"Prime","Declined"
"APP-07F05FE1A540","D1014","2026-04-11",22700,84,"Prime","Declined"
"APP-FF579A52D7FC","D1014","2026-04-12",21700,60,"Prime","Approved"
"APP-3FB0E10E9435","D1014","2026-04-13",25000,72,"Prime","Booked"
"APP-16E85EEC549E","D1014","2026-04-13",23600,72,"Subprime","Booked"
"APP-0780828A2DCA","D1014","2026-04-14",31000,60,"Prime","Declined"
"APP-5E96E022A66A","D1014","2026-04-14",21800,60,"Subprime","Booked"
"APP-4FD00469CC44","D1014","2026-04-15",20300,84,"Subprime","Declined"
"APP-E1D537FB333B","D1014","2026-04-15",21500,60,"Prime","Approved"
"APP-013B6A86416F","D1014","2026-04-16",24300,48,"Prime","Booked"
"APP-71414D6F9662","D1014","2026-04-16",23400,60,"Prime","Approved"
"APP-C8318C31D866","D1014","2026-04-17",30300,72,"Prime","Booked"
"APP-1CE3C9A00585","D1014","2026-04-17",27000,72,"Prime","Approved"
"APP-1EC99D4072CB","D1014","2026-04-18",12700,84,"Subprime","Approved"
"APP-4CE718EF9CA6","D1014","2026-04-19",14800,72,"Subprime","Booked"
"APP-57C00FC843ED","D1014","2026-04-20",23500,48,"Prime","Declined"
"APP-BCB9EE0564A0","D1014","2026-04-20",22500,48,"Near_Prime","Approved"
"APP-747417B0F8EE","D1014","2026-04-21",17100,72,"Near_Prime","Approved"
"APP-A86F5F4A0E0A","D1014","2026-04-21",24000,84,"Prime","Approved"
"APP-83676178C139","D1014","2026-04-22",29000,72,"Subprime","Declined"
"APP-D6C0A220848B","D1014","2026-04-22",23000,60,"Near_Prime","Approved"
"APP-44362755E4C3","D1014","2026-04-23",27300,84,"Prime","Approved"
"APP-40582619A610","D1014","2026-04-23",25200,72,"Prime","Declined"
"APP-81A4784EE078","D1014","2026-04-24",23500,72,"Prime","Approved"
"APP-A0FFCED933C0","D1014","2026-04-24",24400,72,"Prime","Declined"
"APP-31F8691671AD","D1014","2026-04-25",23900,72,"Prime","Declined"
"APP-798A5D0B7B2E","D1014","2026-04-26",28400,72,"Near_Prime","Approved"
"APP-1E2C37192C6D","D1014","2026-04-27",29000,72,"Prime","Declined"
"APP-204AEB13FC07","D1014","2026-04-27",31200,72,"Prime","Approved"
"APP-382673129AD8","D1014","2026-04-28",31300,72,"Prime","Booked"
"APP-00825F763D75","D1014","2026-04-28",20400,60,"Near_Prime","Booked"
"APP-C11B406E27D7","D1014","2026-04-29",29900,60,"Prime","Declined"
"APP-E746ADA7C5A8","D1014","2026-04-29",27700,60,"Prime","Booked"
"APP-5A366FB2390A","D1014","2026-04-30",23000,84,"Prime","Declined"
"APP-D1213EDD748B","D1014","2026-04-30",28400,72,"Prime","Declined"
"APP-C72E6E2BD3FA","D1014","2026-05-01",31500,72,"Prime","Booked"
"APP-9C38EE76A293","D1014","2026-05-01",20300,72,"Subprime","Approved"
"APP-BE00D429EB37","D1014","2026-05-02",30800,84,"Prime","Declined"
"APP-E38703C9B49D","D1014","2026-05-03",18800,60,"Subprime","Declined"
"APP-566853C59973","D1014","2026-05-04",21800,72,"Near_Prime","Approved"
"APP-1EE81ADE471E","D1014","2026-05-04",24700,72,"Subprime","Declined"
"APP-667720807549","D1014","2026-05-05",18400,72,"Subprime","Booked"
"APP-6771E42A1C26","D1014","2026-05-05",26600,72,"Prime","Approved"
"APP-F3E137310F06","D1014","2026-05-06",31900,60,"Near_Prime","Booked"
"APP-FBFEA61A7419","D1014","2026-05-06",27600,60,"Prime","Booked"
"APP-FB8EE69BF801","D1014","2026-05-07",27000,84,"Near_Prime","Declined"
"APP-647DEF20444F","D1014","2026-05-07",29900,72,"Prime","Declined"
"APP-258759BCBB2B","D1014","2026-05-08",26900,72,"Subprime","Declined"
"APP-3B8F64558192","D1014","2026-05-08",20900,84,"Near_Prime","Declined"
"APP-BE900E658B4D","D1014","2026-05-09",25500,72,"Prime","Declined"
"APP-85D5B46D1F62","D1014","2026-05-10",25200,84,"Prime","Booked"
"APP-E5029485B50D","D1014","2026-05-11",24100,60,"Subprime","Approved"
"APP-BDE8010203F5","D1014","2026-05-11",19600,84,"Subprime","Booked"
"APP-27C53DEFFC91","D1014","2026-05-12",20900,60,"Near_Prime","Booked"
"APP-DC717B9AED70","D1014","2026-05-12",16700,48,"Subprime","Declined"
"APP-2D53A4F5A83A","D1014","2026-05-13",18500,48,"Prime","Declined"
"APP-C1F502B86C0C","D1014","2026-05-13",20700,84,"Prime","Approved"
"APP-5F76F9069B07","D1014","2026-05-14",17400,72,"Subprime","Declined"
"APP-25EC74F224A6","D1014","2026-05-15",22100,60,"Prime","Declined"
"APP-D10CBA0D8FD9","D1014","2026-05-15",21900,60,"Subprime","Declined"
"APP-0A795F806D97","D1014","2026-05-16",25900,84,"Prime","Approved"
"APP-FA1568A684B8","D1014","2026-05-17",25600,72,"Prime","Approved"
"APP-067520CB6489","D1014","2026-05-18",28400,72,"Prime","Approved"
"APP-6BA229C9CDE2","D1014","2026-05-18",22900,60,"Prime","Booked"
"APP-3B3B721FF595","D1014","2026-05-19",16100,48,"Near_Prime","Booked"
"APP-368661399CAB","D1014","2026-05-19",23800,84,"Prime","Booked"
"APP-B93A2C589A54","D1014","2026-05-20",22700,72,"Subprime","Declined"
"APP-F786DA0FC393","D1014","2026-05-20",30700,60,"Prime","Declined"
"APP-97ED2C79B6F6","D1014","2026-05-21",25400,72,"Prime","Booked"
"APP-657516D7CEC4","D1014","2026-05-21",17200,48,"Subprime","Declined"
"APP-18762A49BEBD","D1014","2026-05-22",20000,72,"Prime","Approved"
"APP-01BF663EE6AA","D1014","2026-05-22",22000,84,"Subprime","Declined"
"APP-23B690669F74","D1014","2026-05-23",29400,60,"Prime","Declined"
"APP-128E7B220BF8","D1014","2026-05-24",22800,48,"Prime","Booked"
"APP-74D1A9740A66","D1014","2026-05-25",23800,72,"Prime","Booked"
"APP-6E94B4CE8960","D1014","2026-05-25",16800,84,"Prime","Declined"
"APP-A143E62A2913","D1014","2026-05-26",19300,72,"Prime","Booked"
"APP-816D617216DB","D1014","2026-05-26",33800,60,"Prime","Declined"
"APP-E1089F643408","D1014","2026-05-27",22700,72,"Prime","Approved"
"APP-79727FCC0892","D1014","2026-05-27",15100,72,"Prime","Declined"
"APP-3B17486B93D2","D1014","2026-05-28",28400,60,"Prime","Approved"
"APP-10403BB0D2A3","D1014","2026-05-28",32400,48,"Near_Prime","Booked"
"APP-70B14374C0D1","D1014","2026-05-29",14600,60,"Near_Prime","Booked"
"APP-2BACA783BF56","D1014","2026-05-30",25500,84,"Prime","Declined"
"APP-03560AAA794B","D1014","2026-05-31",29700,72,"Prime","Booked"
"APP-ABAA28B355E3","D1014","2026-06-01",21000,72,"Subprime","Booked"
"APP-5F555E4D3FE8","D1014","2026-06-01",23300,48,"Subprime","Declined"
"APP-CFBF5F1A27A8","D1014","2026-06-02",23600,60,"Near_Prime","Approved"
"APP-CCCFB2030953","D1014","2026-06-03",29400,48,"Prime","Declined"
"APP-BA77DEB39039","D1014","2026-06-04",24100,60,"Prime","Booked"
"APP-FDD45638845F","D1014","2026-06-04",29500,84,"Prime","Approved"
"APP-0049D4DDE483","D1014","2026-06-05",33100,72,"Prime","Declined"
"APP-0F2D5984762F","D1014","2026-06-06",23000,72,"Near_Prime","Booked"
"APP-C7910C02DF61","D1014","2026-06-07",23700,72,"Prime","Declined"
"APP-8EBA7D432B02","D1014","2026-06-08",32300,72,"Prime","Booked"
"APP-E12C396FAAE9","D1014","2026-06-08",37900,84,"Prime","Booked"
"APP-FB45F41A6BF9","D1014","2026-06-09",28800,60,"Prime","Approved"
"APP-36F2A2013A61","D1014","2026-06-09",20500,60,"Near_Prime","Declined"
"APP-F8A06281E40B","D1014","2026-06-10",31700,48,"Prime","Declined"
"APP-D98DAB704E3A","D1014","2026-06-11",25900,72,"Prime","Declined"
"APP-A9BB36232EB7","D1014","2026-06-11",19200,72,"Prime","Declined"
"APP-1307A76091E5","D1014","2026-06-12",19200,72,"Prime","Declined"
"APP-B8F7D8B8C213","D1014","2026-06-12",28700,60,"Prime","Declined"
"APP-67A79B4D6584","D1014","2026-06-13",22700,60,"Prime","Approved"
"APP-B6108024A474","D1014","2026-06-14",28800,48,"Near_Prime","Declined"
"APP-7FC5C8F68D00","D1014","2026-06-15",21900,60,"Prime","Booked"
"APP-63DC4D1DA4C9","D1014","2026-06-16",26500,60,"Near_Prime","Booked"
"APP-C5801B204307","D1014","2026-06-16",25600,60,"Near_Prime","Booked"
"APP-95A70741B3BE","D1014","2026-06-17",36100,72,"Prime","Booked"
"APP-E5229A5DC666","D1014","2026-06-17",29100,48,"Subprime","Approved"
"APP-1F09DC97CBFA","D1014","2026-06-18",32100,72,"Prime","Declined"
"APP-B64C5F43466D","D1014","2026-06-18",22000,48,"Subprime","Booked"
"APP-13FC9A511610","D1014","2026-06-19",30200,72,"Prime","Declined"
"APP-BB1BB568F7FC","D1014","2026-06-19",26100,48,"Prime","Declined"
"APP-FAA8D97F0A81","D1014","2026-06-20",31100,72,"Prime","Declined"
"APP-441426D4F12C","D1014","2026-06-21",16900,72,"Near_Prime","Booked"
"APP-FCBFD5F8EC04","D1014","2026-06-22",19400,60,"Prime","Booked"
"APP-94BB6F59583E","D1014","2026-06-22",26000,60,"Prime","Declined"
"APP-837C92A6B14D","D1014","2026-06-23",24300,60,"Subprime","Declined"
"APP-70B9398CD0F1","D1014","2026-06-23",29200,60,"Prime","Approved"
"APP-1CBF23A79204","D1014","2026-06-24",22000,72,"Prime","Booked"
"APP-D364CAF6A46F","D1014","2026-06-24",29500,84,"Prime","Declined"
"APP-875E9DF258BD","D1015","2026-03-28",30100,72,"Prime","Booked"
"APP-B0855A942FE2","D1015","2026-03-29",29200,60,"Prime","Declined"
"APP-AE3FB3DDD322","D1015","2026-03-30",25300,60,"Subprime","Declined"
"APP-7A84EBC4043C","D1015","2026-03-30",24600,84,"Near_Prime","Booked"
"APP-07F69F649911","D1015","2026-03-31",29400,72,"Prime","Booked"
"APP-B7EBDF3DFE44","D1015","2026-03-31",33800,60,"Prime","Declined"
"APP-0B45D9438547","D1015","2026-04-01",28300,72,"Near_Prime","Booked"
"APP-C10719D39B57","D1015","2026-04-01",26700,72,"Prime","Declined"
"APP-E220B04EB51A","D1015","2026-04-02",21500,60,"Near_Prime","Booked"
"APP-41A2109BFC74","D1015","2026-04-02",22500,84,"Near_Prime","Declined"
"APP-87982CA364AE","D1015","2026-04-03",16300,72,"Prime","Approved"
"APP-F29FEA2C27CD","D1015","2026-04-04",21400,84,"Prime","Declined"
"APP-5ED5B6EBD468","D1015","2026-04-05",22000,60,"Subprime","Booked"
"APP-27E53C92EBC0","D1015","2026-04-06",35300,72,"Prime","Booked"
"APP-FBEE4C04A4D9","D1015","2026-04-06",20600,72,"Near_Prime","Approved"
"APP-150CA9B341D5","D1015","2026-04-07",28000,72,"Prime","Approved"
"APP-3AA829B1814D","D1015","2026-04-07",29900,72,"Prime","Declined"
"APP-C29C2873D575","D1015","2026-04-08",27900,72,"Near_Prime","Booked"
"APP-0ED2080DF8FE","D1015","2026-04-08",24800,60,"Prime","Declined"
"APP-402FB18D0C76","D1015","2026-04-09",27500,48,"Prime","Approved"
"APP-3CFE886800B9","D1015","2026-04-10",30500,84,"Prime","Declined"
"APP-54BE4AADB887","D1015","2026-04-10",27800,48,"Prime","Declined"
"APP-F9F0BDA52C2F","D1015","2026-04-11",18100,72,"Prime","Booked"
"APP-79F27847931C","D1015","2026-04-12",26700,72,"Subprime","Approved"
"APP-705B18E542D2","D1015","2026-04-13",26800,60,"Prime","Declined"
"APP-71190434D7CE","D1015","2026-04-13",23400,72,"Prime","Booked"
"APP-BFA3410AA4BC","D1015","2026-04-14",17100,72,"Subprime","Booked"
"APP-EBFB3928EBE8","D1015","2026-04-14",21800,84,"Subprime","Approved"
"APP-6EE8049F9DCF","D1015","2026-04-15",24400,72,"Prime","Approved"
"APP-DA210F3B5DA1","D1015","2026-04-15",30900,60,"Prime","Declined"
"APP-17F444AECC7B","D1015","2026-04-16",17700,60,"Near_Prime","Booked"
"APP-DCAD549CEEB9","D1015","2026-04-16",28000,60,"Prime","Approved"
"APP-BE1FD6D6EFE1","D1015","2026-04-17",26000,84,"Prime","Declined"
"APP-87982F6D5DF7","D1015","2026-04-17",37600,84,"Prime","Booked"
"APP-4E16ABE4F2EC","D1015","2026-04-18",27100,60,"Prime","Approved"
"APP-2633977BF7A2","D1015","2026-04-19",28400,72,"Prime","Declined"
"APP-F0DC49932BA6","D1015","2026-04-20",28400,72,"Subprime","Booked"
"APP-03246015FE24","D1015","2026-04-20",20000,60,"Prime","Declined"
"APP-A60A561B51F6","D1015","2026-04-21",32300,60,"Prime","Booked"
"APP-54627D18AF6C","D1015","2026-04-21",29000,72,"Near_Prime","Declined"
"APP-BF4B1D2518C9","D1015","2026-04-22",25900,84,"Prime","Declined"
"APP-8B7655C1D26B","D1015","2026-04-22",27500,60,"Near_Prime","Declined"
"APP-AD75B399F560","D1015","2026-04-23",22400,60,"Prime","Declined"
"APP-EA3C184AE68A","D1015","2026-04-23",25300,48,"Subprime","Declined"
"APP-F3D702190289","D1015","2026-04-24",22500,60,"Prime","Booked"
"APP-422D9D81E55F","D1015","2026-04-24",20200,60,"Prime","Declined"
"APP-9FE556FF99B0","D1015","2026-04-25",27800,60,"Prime","Declined"
"APP-CD1D6AFC9032","D1015","2026-04-26",27000,72,"Prime","Booked"
"APP-0701D8746A03","D1015","2026-04-27",23000,72,"Prime","Declined"
"APP-8D6E79363A95","D1015","2026-04-27",26900,84,"Prime","Declined"
"APP-89765F0621A9","D1015","2026-04-28",19500,48,"Prime","Declined"
"APP-A12ED3E46F35","D1015","2026-04-28",28900,72,"Prime","Declined"
"APP-6C65D27F5C54","D1015","2026-04-29",20400,84,"Subprime","Booked"
"APP-8FF42EA43E73","D1015","2026-04-29",25100,72,"Prime","Declined"
"APP-0DCF80593162","D1015","2026-04-30",24900,72,"Near_Prime","Declined"
"APP-861917F4FD66","D1015","2026-05-01",27400,84,"Prime","Booked"
"APP-4494D8A75065","D1015","2026-05-01",25200,60,"Prime","Declined"
"APP-01E1D50B68D1","D1015","2026-05-02",31900,72,"Prime","Declined"
"APP-A409F83CFB60","D1015","2026-05-03",26500,84,"Prime","Declined"
"APP-487914A06EFA","D1015","2026-05-04",15500,84,"Prime","Approved"
"APP-BC0D42AC87A7","D1015","2026-05-04",36700,60,"Prime","Declined"
"APP-071C14086910","D1015","2026-05-05",21800,72,"Prime","Approved"
"APP-5E8BF27A9F8A","D1015","2026-05-05",26500,72,"Subprime","Approved"
"APP-6DEA3FE3C2EE","D1015","2026-05-06",31300,72,"Prime","Booked"
"APP-E4D47DB8405A","D1015","2026-05-06",26200,84,"Prime","Approved"
"APP-48151606335D","D1015","2026-05-07",23100,84,"Prime","Booked"
"APP-D4078042608D","D1015","2026-05-07",19400,72,"Prime","Approved"
"APP-FC4E1F31B595","D1015","2026-05-08",23100,72,"Prime","Approved"
"APP-83A6E011E6FC","D1015","2026-05-08",30500,84,"Prime","Booked"
"APP-B439B25744C0","D1015","2026-05-09",20900,84,"Near_Prime","Declined"
"APP-07F923CEDCA5","D1015","2026-05-10",24900,84,"Prime","Booked"
"APP-E8884F733CAB","D1015","2026-05-11",20200,84,"Subprime","Declined"
"APP-3A9ECA2E613A","D1015","2026-05-11",21800,48,"Near_Prime","Booked"
"APP-278C90F3E161","D1015","2026-05-12",25000,72,"Prime","Declined"
"APP-CF1971E423CC","D1015","2026-05-12",21800,84,"Subprime","Booked"
"APP-9526B5D71263","D1015","2026-05-13",27000,60,"Prime","Approved"
"APP-A17C6756E04F","D1015","2026-05-13",28800,48,"Prime","Declined"
"APP-89A0ADCB29AE","D1015","2026-05-14",26700,72,"Near_Prime","Approved"
"APP-896FCF1D01A5","D1015","2026-05-14",28500,72,"Prime","Booked"
"APP-A282DA19CFB0","D1015","2026-05-15",22800,72,"Subprime","Declined"
"APP-1347BF38F210","D1015","2026-05-15",25600,72,"Prime","Booked"
"APP-DCD28D1F3F69","D1015","2026-05-16",27500,60,"Prime","Approved"
"APP-D52C802E9A70","D1015","2026-05-17",32400,72,"Prime","Booked"
"APP-98EE992C31D7","D1015","2026-05-18",16000,72,"Subprime","Declined"
"APP-08152721083B","D1015","2026-05-18",37200,72,"Prime","Approved"
"APP-BC931C8E9F75","D1015","2026-05-19",21000,84,"Prime","Approved"
"APP-40CC5738C3A5","D1015","2026-05-19",14900,84,"Prime","Approved"
"APP-14018C9707E0","D1015","2026-05-20",29100,72,"Near_Prime","Booked"
"APP-421627B12750","D1015","2026-05-20",25600,72,"Prime","Booked"
"APP-7055110AAFFE","D1015","2026-05-21",21700,60,"Near_Prime","Booked"
"APP-12274102782B","D1015","2026-05-22",25800,60,"Near_Prime","Booked"
"APP-30177C89C51C","D1015","2026-05-22",33900,60,"Prime","Approved"
"APP-13DF1D9C4812","D1015","2026-05-23",27100,60,"Prime","Declined"
"APP-4DB78CCAEC67","D1015","2026-05-24",23700,60,"Prime","Booked"
"APP-71C3C32BB0FA","D1015","2026-05-25",30700,84,"Prime","Declined"
"APP-CA00102DD570","D1015","2026-05-25",35700,72,"Prime","Declined"
"APP-673880CEB6E8","D1015","2026-05-26",38700,60,"Prime","Declined"
"APP-366BB345FD29","D1015","2026-05-26",20000,72,"Near_Prime","Declined"
"APP-62D236EED6A4","D1015","2026-05-27",24300,84,"Near_Prime","Declined"
"APP-273AA159A68F","D1015","2026-05-27",27900,60,"Prime","Declined"
"APP-C7553FD2841D","D1015","2026-05-28",25200,72,"Prime","Declined"
"APP-B3BAF820EF7C","D1015","2026-05-28",22500,72,"Near_Prime","Declined"
"APP-B07A43078693","D1015","2026-05-29",21600,84,"Prime","Declined"
"APP-F6CA0BBDDC37","D1015","2026-05-29",24500,72,"Near_Prime","Approved"
"APP-D5FDBB988CEA","D1015","2026-05-30",35200,72,"Prime","Booked"
"APP-72B759B8B38A","D1015","2026-05-31",29500,60,"Prime","Declined"
"APP-0877C7B786F1","D1015","2026-06-01",28500,72,"Prime","Declined"
"APP-8E2588DA4C3E","D1015","2026-06-01",23700,60,"Prime","Approved"
"APP-902AC07C01D3","D1015","2026-06-02",35300,72,"Prime","Booked"
"APP-11C27D000750","D1015","2026-06-02",31600,72,"Prime","Declined"
"APP-EAD0ECC8DA7C","D1015","2026-06-03",25800,48,"Prime","Declined"
"APP-36897A718B0C","D1015","2026-06-03",29600,84,"Prime","Approved"
"APP-BA4D0CF37A4E","D1015","2026-06-04",22500,84,"Prime","Approved"
"APP-A9E1B04C5955","D1015","2026-06-04",28700,60,"Near_Prime","Booked"
"APP-71AEF2E73A48","D1015","2026-06-05",24000,48,"Prime","Approved"
"APP-A39ED7560336","D1015","2026-06-05",33900,60,"Prime","Approved"
"APP-5736529FD1FC","D1015","2026-06-06",28300,60,"Prime","Declined"
"APP-9870DA909DDB","D1015","2026-06-07",19000,60,"Subprime","Booked"
"APP-9AF49F16418E","D1015","2026-06-08",29600,60,"Prime","Declined"
"APP-B0D0B09D239B","D1015","2026-06-08",22600,72,"Near_Prime","Declined"
"APP-E6A198309667","D1015","2026-06-09",19000,84,"Subprime","Booked"
"APP-74B1D9BDBDFB","D1015","2026-06-09",31700,60,"Prime","Approved"
"APP-37621E44FBD1","D1015","2026-06-10",22900,84,"Near_Prime","Booked"
"APP-99D9A6A07452","D1015","2026-06-11",27900,84,"Prime","Booked"
"APP-AC667DAF9C07","D1015","2026-06-11",22800,48,"Prime","Declined"
"APP-041697F5D3BF","D1015","2026-06-12",23800,60,"Prime","Declined"
"APP-CA45DA3B1BF5","D1015","2026-06-12",33600,72,"Prime","Approved"
"APP-3E0E7BCDB560","D1015","2026-06-13",19600,60,"Subprime","Declined"
"APP-BCB59F899548","D1015","2026-06-14",30000,84,"Prime","Declined"
"APP-400F0D2BCACB","D1015","2026-06-15",23100,72,"Prime","Approved"
"APP-A0751AD5B57D","D1015","2026-06-15",23600,72,"Prime","Declined"
"APP-E10A1177F9B7","D1015","2026-06-16",20300,84,"Prime","Approved"
"APP-52763BBD39D3","D1015","2026-06-16",28700,60,"Prime","Declined"
"APP-2404DA7EC752","D1015","2026-06-17",28200,72,"Prime","Booked"
"APP-D018D9116FBB","D1015","2026-06-17",18300,60,"Subprime","Approved"
"APP-831DCA6C29D4","D1015","2026-06-18",19500,48,"Prime","Approved"
"APP-02B8E89DECD4","D1015","2026-06-18",38100,72,"Prime","Declined"
"APP-9533836B67D1","D1015","2026-06-19",29700,60,"Prime","Approved"
"APP-D488F207311A","D1015","2026-06-19",24700,72,"Prime","Declined"
"APP-2F7AE829205A","D1015","2026-06-20",30400,84,"Prime","Declined"
"APP-46B6CC648672","D1015","2026-06-21",30800,84,"Prime","Booked"
"APP-011826E9DFF1","D1015","2026-06-22",28700,72,"Prime","Declined"
"APP-56F68F31A113","D1015","2026-06-22",27600,84,"Prime","Booked"
"APP-1811A085021F","D1015","2026-06-23",19900,72,"Prime","Declined"
"APP-E3F71C1A2A32","D1015","2026-06-23",21700,48,"Near_Prime","Declined"
"APP-31404D23BEA4","D1015","2026-06-24",28800,72,"Prime","Approved"
"APP-302171E0BA66","D1015","2026-06-24",31700,72,"Prime","Approved"
"APP-5AD0C4B4802D","D1015","2026-06-25",29000,84,"Prime","Booked"
