"CONTRACT_ID","APPLICATION_ID","DEALER_ID","CONTRACT_DATE","FUNDED_DATE","EXCEPTION_FLAG","EXCEPTION_TYPE"
"CON-3B019B57064C","APP-9C16A84C8B8C","D1005","2026-03-30","2026-04-02",false,"None"
"CON-85C7336113D2","APP-6531C190F7A3","D1011","2026-03-29","2026-04-01",false,"None"
"CON-FF9EADCE8FB9","APP-C52A86949106","D1008","2026-03-28","2026-04-01",false,"None"
"CON-B3BBD37DCEE7","APP-E6C0087F1932","D1012","2026-03-28","2026-03-30",false,"None"
"CON-A64A3FEFD40E","APP-AE6F15E309C7","D1009","2026-03-28","2026-03-31",false,"None"
"CON-517E4FC4DE1D","APP-5CAEB645880B","D1002","2026-03-28","2026-04-02",true,"Document_Error"
"CON-933953D845A5","APP-B32261068AE2","D1002","2026-03-28","2026-04-01",true,"Document_Error"
"CON-E7FD0FB8BB41","APP-4BFA6C19BB12","D1002","2026-03-28","2026-03-29",false,"None"
"CON-3EDD933335A3","APP-8AA794CC39F9","D1006","2026-03-28","2026-03-29",false,"None"
"CON-CBB652A6A41B","APP-F3DB33E1EBEA","D1006","2026-03-28","2026-03-30",false,"None"
"CON-CBBB0C264294","APP-D2F92C3E73FB","D1005","2026-03-30","2026-03-31",false,"None"
"CON-E04DA9B0E87E","APP-DCC1ECB46639","D1001","2026-03-30","2026-03-31",false,"None"
"CON-2BFC988EB27C","APP-3BEEA1E3B496","D1004","2026-03-29","2026-03-30",false,"None"
"CON-5CE4B2F7FA35","APP-45C847AFCDFD","D1004","2026-03-28","2026-03-29",false,"None"
"CON-A76B71A649A7","APP-875E9DF258BD","D1015","2026-03-29","2026-04-01",false,"None"
"CON-0FCE5A251887","APP-43D7E7496E2D","D1001","2026-03-30","2026-03-31",false,"None"
"CON-D08B00A59AB5","APP-4CD7E9E68D4E","D1003","2026-03-29","2026-03-31",false,"None"
"CON-F9F7EC6013FF","APP-459EF7A992F7","D1007","2026-03-28","2026-03-29",false,"None"
"CON-5AD091D92DDE","APP-E054FE831C45","D1007","2026-03-28","2026-03-31",false,"None"
"CON-7C7221E06849","APP-4F6FBD6B81FE","D1007","2026-03-30","2026-04-03",true,"Document_Error"
"CON-4E0B19AFE533","APP-8ACA0EC5A174","D4471","2026-03-29","2026-03-30",false,"None"
"CON-5E86EB2E977F","APP-86BEA993A479","D4471","2026-03-30","2026-03-31",false,"None"
"CON-938D87ECA5D5","APP-DC2C2E45E0D2","D1010","2026-03-29","2026-03-31",false,"None"
"CON-3F39984BA7D8","APP-0BA0A7E2886A","D1012","2026-03-29","2026-04-01",false,"None"
"CON-FC7B186020FB","APP-A5D567A7B646","D1002","2026-03-29","2026-03-31",false,"None"
"CON-349CE336E327","APP-A7FD2EF72BD3","D1003","2026-03-31","2026-04-01",false,"None"
"CON-C365DA73C32B","APP-E2604AB632BD","D4471","2026-03-30","2026-04-02",true,"Document_Error"
"CON-1317E22E3F9F","APP-0AE499890C59","D1003","2026-03-29","2026-03-31",false,"None"
"CON-2C0616575E83","APP-B1971A249FB7","D4471","2026-03-29","2026-03-30",false,"None"
"CON-E1531CA66019","APP-1E9446D17072","D1009","2026-03-29","2026-03-31",false,"None"
"CON-AC9E72BA9446","APP-79721A065411","D1009","2026-03-29","2026-03-31",false,"None"
"CON-F077E177A53C","APP-6A91EBFDD45C","D1002","2026-03-29","2026-03-31",false,"None"
"CON-C739A681F7F6","APP-A6D6B8B6CF23","D1003","2026-03-30","2026-04-04",true,"Document_Error"
"CON-BF41B68D84FB","APP-ACB7B6663C4B","D1004","2026-03-31","2026-04-01",false,"None"
"CON-6898ADA1FEDC","APP-52EC5F83107E","D1004","2026-03-29","2026-03-31",false,"None"
"CON-0FB262F3E95D","APP-D5153F9301BB","D1008","2026-03-31","2026-04-02",false,"None"
"CON-C7E824C01EF4","APP-E55E003299C1","D1004","2026-03-30","2026-03-31",false,"None"
"CON-DB5C9C87B13B","APP-41035C645192","D1006","2026-03-29","2026-04-01",false,"None"
"CON-AD89CCE66255","APP-9794C9A3A60F","D1005","2026-03-30","2026-04-01",false,"None"
"CON-C80EAC15E14F","APP-FDB09B4FCED0","D1011","2026-03-30","2026-04-03",false,"None"
"CON-922181896822","APP-D6BFC62B7B4D","D1010","2026-03-29","2026-04-01",false,"None"
"CON-98A7E5CC0FE0","APP-57FFB148CA7B","D1005","2026-03-30","2026-03-31",false,"None"
"CON-699B5CE16262","APP-23F83DDE715B","D1007","2026-03-31","2026-04-03",false,"None"
"CON-D3C95EF4C6BE","APP-FBA7DFAB79D6","D1001","2026-03-31","2026-04-01",false,"None"
"CON-81C585C51356","APP-C207387559B5","D1005","2026-03-31","2026-04-01",false,"None"
"CON-DC590E83F7BA","APP-6F52E7558655","D1006","2026-04-01","2026-04-04",false,"None"
"CON-4A9E436AFB8D","APP-506BA2F43979","D1006","2026-04-01","2026-04-04",true,"Document_Error"
"CON-FAA287228686","APP-9C97705DA253","D1006","2026-04-01","2026-04-05",false,"None"
"CON-EDCDDAAB0A87","APP-958E939F6372","D1005","2026-03-31","2026-04-01",false,"None"
"CON-C0C805CF8C36","APP-FD83B5F173C1","D1010","2026-03-31","2026-04-02",false,"None"
"CON-CACEFF067EFF","APP-AF99B2E95091","D1005","2026-04-01","2026-04-02",false,"None"
"CON-CBE7DBD94A25","APP-51BCE892A57B","D4471","2026-03-31","2026-04-01",false,"None"
"CON-39AEF67AEF61","APP-52911D8FFD63","D1010","2026-03-30","2026-04-02",false,"None"
"CON-3800EE7F0AC9","APP-DF874914A51A","D1007","2026-04-01","2026-04-06",false,"None"
"CON-1FDDD0A3863B","APP-80B70599F993","D1013","2026-04-01","2026-04-05",false,"None"
"CON-FD8DD2FB74F0","APP-31035D0DCC76","D1013","2026-04-01","2026-04-05",false,"None"
"CON-49A320518A99","APP-7A84EBC4043C","D1015","2026-04-01","2026-04-03",false,"None"
"CON-E392BEFF10D3","APP-F4FF2D371E1C","D1004","2026-04-01","2026-04-03",false,"None"
"CON-717004125835","APP-841CED6A595E","D1004","2026-04-01","2026-04-03",false,"None"
"CON-307CDB1F9E3A","APP-0012E815CCD2","D1004","2026-03-30","2026-03-31",false,"None"
"CON-D0124361134A","APP-D9DC3FF10B23","D1004","2026-03-30","2026-04-01",false,"None"
"CON-F370706D21B0","APP-C9FA44F548FA","D1004","2026-03-31","2026-04-02",false,"None"
"CON-0BFBB8E31823","APP-8C53BF852F4E","D1008","2026-04-01","2026-04-06",true,"Document_Error"
"CON-BDB7DF619B91","APP-0C5168D12C0D","D1003","2026-04-01","2026-04-03",false,"None"
"CON-2C747BFB0EFD","APP-4951E32068C5","D1001","2026-03-31","2026-04-01",false,"None"
"CON-9B7CD7F4604B","APP-633C337C1787","D1003","2026-03-30","2026-04-01",false,"None"
"CON-C3172A040C50","APP-DC6F6424B9DB","D1011","2026-04-01","2026-04-05",false,"None"
"CON-BA7B09233FFE","APP-384F531E5029","D1011","2026-03-31","2026-04-03",false,"None"
"CON-42C682CADCE8","APP-8881B82FAFF6","D1003","2026-03-31","2026-04-02",false,"None"
"CON-1A6611E5632B","APP-92BADEB0708B","D1003","2026-04-01","2026-04-03",false,"None"
"CON-E267FE3651D1","APP-569127BDB00F","D1012","2026-03-31","2026-04-02",false,"None"
"CON-C09F2277C8A3","APP-41B361EDD01F","D1001","2026-04-01","2026-04-03",false,"None"
"CON-AC214FA3AFB1","APP-82F432887D3B","D1001","2026-04-01","2026-04-02",false,"None"
"CON-0534C43A487D","APP-13ABE2BE9BBD","D1003","2026-03-31","2026-04-03",false,"None"
"CON-8FCE8FCC37F8","APP-79840EC9D1F6","D1009","2026-03-31","2026-04-02",false,"None"
"CON-403B1497F776","APP-0E39B9110018","D1003","2026-04-01","2026-04-03",false,"None"
"CON-E8ED481F6A37","APP-BE755A016F5A","D1002","2026-03-30","2026-03-31",false,"None"
"CON-1907B8A212BC","APP-E6A7119D1C55","D1002","2026-04-01","2026-04-03",false,"None"
"CON-514234070A3D","APP-A1F3EBFCA18D","D1002","2026-03-30","2026-03-31",false,"None"
"CON-C2B8B95D4E3E","APP-6D340733AADE","D1002","2026-04-01","2026-04-03",false,"None"
"CON-A4EA42421A22","APP-637F98AF944F","D1001","2026-04-01","2026-04-02",false,"None"
"CON-4F72260FC2FB","APP-18B731F1A121","D4471","2026-04-01","2026-04-02",false,"None"
"CON-5F0959D7A50E","APP-628D38010FE1","D4471","2026-03-30","2026-03-31",false,"None"
"CON-B282FC24CFCD","APP-851AD10DFA6F","D4471","2026-03-30","2026-03-31",false,"None"
"CON-BA426A9DF83C","APP-F85F83CF252A","D1001","2026-04-01","2026-04-03",false,"None"
"CON-23B3B04695C3","APP-EC6010868C5D","D1008","2026-04-01","2026-04-05",false,"None"
"CON-CC609A662787","APP-800FA89582F7","D1007","2026-04-01","2026-04-03",false,"None"
"CON-350B48710018","APP-07F69F649911","D1015","2026-03-31","2026-04-04",false,"None"
"CON-1D9D5E655385","APP-CE9953964682","D1004","2026-03-31","2026-04-02",false,"None"
"CON-0E48E5E8D334","APP-45F8728A6B50","D1004","2026-04-01","2026-04-03",false,"None"
"CON-C4CB1013209E","APP-09B69611405D","D1004","2026-03-31","2026-04-04",true,"Proof_Of_Residence"
"CON-0BCDA76A072C","APP-DA751B7B70E1","D1005","2026-04-02","2026-04-03",false,"None"
"CON-F6BBCF95DE5C","APP-A00AFF0FBCCC","D1003","2026-03-31","2026-04-01",false,"None"
"CON-CA029FB8E443","APP-18285CCA8D28","D1003","2026-03-31","2026-04-04",true,"Document_Error"
"CON-C8712F296777","APP-7539A494BE83","D1003","2026-03-31","2026-04-02",false,"None"
"CON-5C5A042000A3","APP-BACF1D45FC54","D1003","2026-04-02","2026-04-04",false,"None"
"CON-47D1EBC5175E","APP-3D96D3E8787C","D1012","2026-04-01","2026-04-04",false,"None"
"CON-2A0658B4DF1C","APP-B5ACCE363162","D1012","2026-04-01","2026-04-04",false,"None"
"CON-03D0536ED913","APP-AE217650002F","D1012","2026-04-02","2026-04-04",false,"None"
"CON-17C391CFCF13","APP-7F83B68F132F","D1002","2026-03-31","2026-04-01",false,"None"
"CON-84F305C966FE","APP-F35AC2695669","D1002","2026-04-01","2026-04-02",false,"None"
"CON-28624C9F0A26","APP-AB428045EE63","D1005","2026-04-01","2026-04-04",true,"Document_Error"
"CON-E254D95A5E8F","APP-B5CF19C43F88","D1005","2026-04-02","2026-04-04",false,"None"
"CON-267A6EBF4E3A","APP-958C37D0FC29","D1005","2026-04-02","2026-04-03",false,"None"
"CON-79082AAFBA3F","APP-8A88B6CD20E4","D1004","2026-04-02","2026-04-06",true,"Proof_Of_Residence"
"CON-886A4A546F9C","APP-D611AB31BB01","D1005","2026-04-01","2026-04-03",false,"None"
"CON-47C86A20C89F","APP-50202AC1A0BB","D1005","2026-03-31","2026-04-01",false,"None"
"CON-66A204CC4326","APP-F0A4646236CA","D1005","2026-04-02","2026-04-05",false,"None"
"CON-A55C35F031DE","APP-415EE5562781","D1005","2026-04-01","2026-04-03",false,"None"
"CON-4045177C0E1A","APP-E57558EE4FBA","D1010","2026-04-02","2026-04-05",false,"None"
"CON-14C5FF2270AB","APP-76C395A309E6","D1010","2026-04-02","2026-04-04",false,"None"
"CON-AEE8231CFE55","APP-E4C7270CDB46","D1010","2026-04-02","2026-04-05",false,"None"
"CON-3CF2E3371AB2","APP-E1B64E4FAF85","D1013","2026-04-02","2026-04-08",true,"Document_Error"
"CON-89F52B34880A","APP-A214146A2101","D1002","2026-04-01","2026-04-03",false,"None"
"CON-3D450443E0DB","APP-7FA7A4D119E3","D1002","2026-04-02","2026-04-04",false,"None"
"CON-DAB3153F4843","APP-9A3AE8E6BFE1","D1002","2026-04-01","2026-04-02",false,"None"
"CON-59465AEF222B","APP-0F144D207537","D4471","2026-04-01","2026-04-02",false,"None"
"CON-72E9CC4E0407","APP-3B3ED67BF1FC","D1009","2026-03-31","2026-04-03",false,"None"
"CON-1F23D6CC7163","APP-4EDC7A9B5DF7","D1009","2026-03-31","2026-04-02",false,"None"
"CON-FC2B0B1C1ED9","APP-DFE622DCBBD7","D1006","2026-03-31","2026-04-04",false,"None"
"CON-80E581C3EA0C","APP-A4D56C6760E2","D1006","2026-04-02","2026-04-04",false,"None"
"CON-45A4549D0DED","APP-52CA6D3E1B3D","D1001","2026-03-31","2026-04-01",false,"None"
"CON-2FE8FCCDE0D6","APP-E9C60B1817DA","D4471","2026-04-02","2026-04-03",false,"None"
"CON-1C92E493E012","APP-333B34422A68","D1001","2026-04-02","2026-04-03",false,"None"
"CON-9781968B6FBC","APP-0F57170DABEE","D1001","2026-03-31","2026-04-03",true,"Document_Error"
"CON-42CB9090AA6A","APP-C64F726168CE","D1001","2026-04-01","2026-04-02",false,"None"
"CON-9616B8749E82","APP-C41D9EB36712","D4471","2026-04-02","2026-04-03",false,"None"
"CON-9ED0A9337AF9","APP-C26155D50138","D4471","2026-04-01","2026-04-02",false,"None"
"CON-F030A795D998","APP-5DAFA24B95F4","D1004","2026-04-02","2026-04-03",false,"None"
"CON-FED449823545","APP-683738203ED0","D1004","2026-04-02","2026-04-03",false,"None"
"CON-D5DDE7D313CE","APP-660CA3409B74","D4471","2026-04-01","2026-04-03",false,"None"
"CON-451B2FAF40BD","APP-3225F78503A1","D1005","2026-04-01","2026-04-03",false,"None"
"CON-9743D7503901","APP-5A460DD686BE","D1005","2026-04-02","2026-04-03",false,"None"
"CON-791EE04FBB71","APP-7B4AE48AFF5E","D1008","2026-04-03","2026-04-06",false,"None"
"CON-C98DD502626E","APP-42FBBC104115","D1001","2026-04-03","2026-04-04",false,"None"
"CON-078A8D6BFBDE","APP-0B45D9438547","D1015","2026-04-02","2026-04-06",false,"None"
"CON-6A597C37E348","APP-6BAC5A8D5386","D4471","2026-04-03","2026-04-04",false,"None"
"CON-8A7BA97FB43C","APP-2AFDFD12C63F","D4471","2026-04-02","2026-04-04",false,"None"
"CON-A8BFB0E2FAFE","APP-5C8A9228FA18","D4471","2026-04-03","2026-04-04",false,"None"
"CON-1AFAAF63476C","APP-1AD7FF04BFFE","D1004","2026-04-01","2026-04-03",false,"None"
"CON-4A2C81732123","APP-9A65C8F9ED0E","D1004","2026-04-03","2026-04-05",false,"None"
"CON-159DA4E5896A","APP-D8A91F97BC0D","D1004","2026-04-01","2026-04-02",false,"None"
"CON-1617512982AA","APP-236B3A6C9067","D1006","2026-04-03","2026-04-06",false,"None"
"CON-CF155EF5DE0E","APP-FC2B00F865ED","D1006","2026-04-03","2026-04-07",false,"None"
"CON-2452BD9D95C0","APP-D9D1B22A1B3D","D1001","2026-04-03","2026-04-04",false,"None"
"CON-AC5D830ED0A2","APP-40D1A64C6992","D1007","2026-04-03","2026-04-10",true,"Income_Verification"
"CON-0FC697AAE29F","APP-98CF159CB1A4","D1007","2026-04-01","2026-04-05",true,"Proof_Of_Residence"
"CON-DF4DCBCCABAD","APP-7965298B052F","D1007","2026-04-02","2026-04-07",true,"Document_Error"
"CON-8179B02503D1","APP-1D305A4E97B9","D1005","2026-04-01","2026-04-03",false,"None"
"CON-828CED2A9AEB","APP-FF0A00AC1ED7","D1001","2026-04-02","2026-04-03",false,"None"
"CON-F879856014B8","APP-ED72F1D91871","D1005","2026-04-02","2026-04-03",false,"None"
"CON-DA514985DEC1","APP-303159B6681C","D1009","2026-04-02","2026-04-05",false,"None"
"CON-34DCE4105814","APP-A5F2A0BCD688","D1007","2026-04-02","2026-04-06",false,"None"
"CON-E84A84561D67","APP-B355DB3F3603","D1005","2026-04-02","2026-04-04",false,"None"
"CON-6552D7A8ED3A","APP-21CD9DC5458C","D1003","2026-04-01","2026-04-03",false,"None"
"CON-02DC11DAF407","APP-426A533F24D2","D1003","2026-04-01","2026-04-02",false,"None"
"CON-C496D78FD66E","APP-1949617D06A0","D1011","2026-04-01","2026-04-04",false,"None"
"CON-297875507315","APP-840A7019C482","D1003","2026-04-03","2026-04-06",false,"None"
"CON-BC9BC77202F6","APP-808669F111AB","D1010","2026-04-03","2026-04-05",false,"None"
"CON-39AAEFEB7162","APP-18360FDF0DD2","D1011","2026-04-02","2026-04-06",false,"None"
"CON-E7DED5316472","APP-2C09DE14CE09","D1011","2026-04-03","2026-04-08",false,"None"
"CON-8A20185A74E4","APP-417BABCF6778","D1011","2026-04-02","2026-04-03",false,"None"
"CON-5DAA5942C628","APP-7E5FE5B8488E","D1005","2026-04-01","2026-04-03",false,"None"
"CON-0889D309DF21","APP-0F958E70F771","D1002","2026-04-03","2026-04-04",false,"None"
"CON-E51DD680A357","APP-9FB3134CF363","D1012","2026-04-02","2026-04-06",false,"None"
"CON-5A0956A13D17","APP-4EB7DB841ECD","D1012","2026-04-02","2026-04-05",false,"None"
"CON-BE2184310D1E","APP-DF6D42EF7DF2","D1002","2026-04-03","2026-04-05",false,"None"
"CON-0948C3F5734D","APP-A0D12A9BA54C","D1003","2026-04-01","2026-04-02",false,"None"
"CON-8260FECC642F","APP-57EFFDF5FD1E","D1002","2026-04-01","2026-04-03",false,"None"
"CON-FD1D6CC93137","APP-4F6E83854129","D1005","2026-04-03","2026-04-04",false,"None"
"CON-6D331CC0CB3F","APP-49C3C217B469","D1013","2026-04-02","2026-04-03",false,"None"
"CON-C095F12E20AF","APP-C830C8CF23E2","D1008","2026-04-03","2026-04-04",false,"None"
"CON-8AE83157B21B","APP-209B746EE054","D1007","2026-04-04","2026-04-07",false,"None"
"CON-D88D72AA9B34","APP-F196DE2816CA","D1006","2026-04-02","2026-04-03",false,"None"
"CON-1D140650A84E","APP-1481654E1395","D1006","2026-04-02","2026-04-06",false,"None"
"CON-111C5E087239","APP-7A2994CDE04E","D1006","2026-04-02","2026-04-06",false,"None"
"CON-45AF11AF0869","APP-B12FA7BEEFF0","D4471","2026-04-03","2026-04-07",true,"Document_Error"
"CON-6718DCCB86A1","APP-966EB4FBBFA8","D1003","2026-04-04","2026-04-06",false,"None"
"CON-8814F113EEBB","APP-F4EE26E93759","D1001","2026-04-02","2026-04-03",false,"None"
"CON-4738300BE07C","APP-33847358BF8F","D1001","2026-04-03","2026-04-05",false,"None"
"CON-441AAF9987D6","APP-93066BA1AA56","D1001","2026-04-03","2026-04-04",false,"None"
"CON-EA870D8A02D7","APP-EB52F3AC86FF","D1001","2026-04-03","2026-04-04",false,"None"
"CON-84082B73FDFD","APP-763B38C343BB","D1003","2026-04-02","2026-04-03",false,"None"
"CON-11293F47A38D","APP-E146E8E6D9C9","D1003","2026-04-02","2026-04-03",false,"None"
"CON-9D749D53341C","APP-F32B758A2E12","D1012","2026-04-03","2026-04-06",false,"None"
"CON-4964303E4215","APP-6DFBD68B4D19","D1012","2026-04-02","2026-04-04",false,"None"
"CON-D25740A9140F","APP-0DD1E8AA8C7C","D1003","2026-04-04","2026-04-05",false,"None"
"CON-FDAD254D5B9A","APP-D8E98598DE46","D1003","2026-04-02","2026-04-03",false,"None"
"CON-C03E01436424","APP-FD83D985824B","D1009","2026-04-03","2026-04-05",false,"None"
"CON-4FEBBC8D94BF","APP-CE5C48AA88CD","D1005","2026-04-04","2026-04-06",false,"None"
"CON-0DDD10F21CA7","APP-ACC5FFAB5D71","D1010","2026-04-03","2026-04-05",false,"None"
"CON-C695411F8DC5","APP-70AB64C0BCEA","D1010","2026-04-03","2026-04-04",false,"None"
"CON-DEE2693034B8","APP-F9FAF4F47FAF","D1010","2026-04-03","2026-04-06",false,"None"
"CON-07A9DD1A3CF2","APP-119F558D0167","D1011","2026-04-04","2026-04-07",true,"Document_Error"
"CON-AE5E68EC9E60","APP-D28F0350B51A","D1005","2026-04-03","2026-04-06",false,"None"
"CON-8C65CFC754EF","APP-DA9471B31674","D1005","2026-04-02","2026-04-04",false,"None"
"CON-738B508522C1","APP-E160DB2C8330","D1004","2026-04-02","2026-04-03",false,"None"
"CON-4B9A1237A286","APP-FC9875B09060","D1004","2026-04-03","2026-04-05",false,"None"
"CON-549500F8611C","APP-32F67E27BE50","D1004","2026-04-03","2026-04-05",false,"None"
"CON-CF6F090A1D53","APP-2E2DF73A19D0","D1005","2026-04-03","2026-04-04",false,"None"
"CON-41CDEC15D4EA","APP-D9F813699FF2","D1005","2026-04-03","2026-04-05",false,"None"
"CON-72DD861B628E","APP-5E334E096D88","D1002","2026-04-03","2026-04-05",true,"Proof_Of_Residence"
"CON-95144BDB525E","APP-E220B04EB51A","D1015","2026-04-02","2026-04-06",false,"None"
"CON-E4690D3978E8","APP-8D48A47A473C","D4471","2026-04-02","2026-04-06",true,"Document_Error"
"CON-000FAA13B9D7","APP-611D999D5023","D1002","2026-04-04","2026-04-05",false,"None"
"CON-637C3076CCB2","APP-5707987D3691","D1002","2026-04-04","2026-04-05",false,"None"
"CON-6971A6D9D5A1","APP-11DB4B970CB1","D4471","2026-04-02","2026-04-03",false,"None"
"CON-0FDB103A5BF3","APP-50D8B5A9C163","D1002","2026-04-02","2026-04-04",false,"None"
"CON-92772FC3BDE4","APP-341CA1DFC3DC","D1002","2026-04-03","2026-04-04",false,"None"
"CON-449A1CAC3818","APP-3FD4BE91643B","D1002","2026-04-03","2026-04-04",false,"None"
"CON-BD69F2BA5F6E","APP-979112D73284","D1005","2026-04-04","2026-04-06",false,"None"
"CON-208BE382A6BD","APP-88D92C9C31A2","D4471","2026-04-02","2026-04-03",false,"None"
"CON-1095885BBDD0","APP-0E98C89BDAB5","D4471","2026-04-03","2026-04-05",false,"None"
"CON-A85C80E4D70B","APP-B519F039473E","D1007","2026-04-02","2026-04-04",false,"None"
"CON-4CA795F763B7","APP-AB8205F2A62A","D1005","2026-04-02","2026-04-03",false,"None"
"CON-FE88577A55F8","APP-C26F372B7B56","D4471","2026-04-04","2026-04-05",false,"None"
"CON-0297A0AD6325","APP-EF4C9470A1A8","D4471","2026-04-02","2026-04-03",false,"None"
"CON-83FF19D4E05B","APP-66365EF72501","D1012","2026-04-05","2026-04-08",false,"None"
"CON-5A3AA03A8108","APP-10A35B9E9BB6","D1001","2026-04-04","2026-04-06",false,"None"
"CON-EC95D442DE3B","APP-199048F65C82","D1005","2026-04-05","2026-04-07",false,"None"
"CON-1EF5E9427651","APP-CE048C1A2462","D1005","2026-04-03","2026-04-04",false,"None"
"CON-F533B77BA875","APP-3F7D86874914","D1003","2026-04-05","2026-04-07",false,"None"
"CON-C2E01392DD01","APP-7DBFF81FDF75","D1012","2026-04-04","2026-04-07",false,"None"
"CON-ADC294BBC00E","APP-65723DDBDAA9","D1012","2026-04-04","2026-04-06",false,"None"
"CON-77003EEF1ACA","APP-5400E8B11746","D1012","2026-04-04","2026-04-06",false,"None"
"CON-5FC9E9CF49AC","APP-0C6EF728CF93","D1005","2026-04-05","2026-04-07",false,"None"
"CON-2C22059F9DAA","APP-00BAAA55189F","D1005","2026-04-03","2026-04-04",false,"None"
"CON-250E818F9AB8","APP-DD1F43CB6FE9","D1005","2026-04-04","2026-04-05",false,"None"
"CON-777D7E801792","APP-46E9A03583CB","D1011","2026-04-05","2026-04-08",false,"None"
"CON-EACBB9DEBAE9","APP-85AA8A4AD570","D1003","2026-04-04","2026-04-05",false,"None"
"CON-BFE1C120D165","APP-ADCE37F4AE94","D1003","2026-04-04","2026-04-05",false,"None"
"CON-E3CA879E4680","APP-AF102CE4DF55","D1002","2026-04-05","2026-04-07",false,"None"
"CON-4706BB721DD1","APP-F739A7CEA910","D1011","2026-04-03","2026-04-04",false,"None"
"CON-5B582099DEE8","APP-9C860D3FDBE4","D4471","2026-04-04","2026-04-05",false,"None"
"CON-944352F6CBEF","APP-B929FFEF66C0","D4471","2026-04-04","2026-04-05",false,"None"
"CON-30D9485708A5","APP-B22F0D963148","D4471","2026-04-03","2026-04-05",false,"None"
"CON-7B0CC2471C3B","APP-B6C5A1D1CA52","D4471","2026-04-05","2026-04-06",false,"None"
"CON-7A0C2D604319","APP-3F52BE646B24","D4471","2026-04-05","2026-04-07",false,"None"
"CON-BF16CD680BA0","APP-AA49F955CF20","D4471","2026-04-04","2026-04-06",false,"None"
"CON-662EC49BA7BE","APP-0DE7EE18E274","D1014","2026-04-05","2026-04-08",false,"None"
"CON-D382964C0FE9","APP-AFDFC8F2B4F9","D1002","2026-04-05","2026-04-07",false,"None"
"CON-4D2F183B17B4","APP-165B3C7D8691","D1009","2026-04-04","2026-04-06",false,"None"
"CON-318017131D37","APP-405B3287F57F","D1004","2026-04-03","2026-04-05",false,"None"
"CON-52BC582640D5","APP-3CC8611DF3DB","D1004","2026-04-03","2026-04-05",false,"None"
"CON-B4AA2886DBD1","APP-097F5590CF1F","D1004","2026-04-05","2026-04-06",false,"None"
"CON-68503F9DD1F3","APP-2468EAFF483E","D1004","2026-04-03","2026-04-05",false,"None"
"CON-4F20BCF949E7","APP-9C6B7982AB8A","D1004","2026-04-05","2026-04-06",false,"None"
"CON-1125E0DEE10C","APP-768E2A8D8267","D1002","2026-04-03","2026-04-04",false,"None"
"CON-2F8BEBE120A3","APP-7A6F185CBD2A","D1010","2026-04-03","2026-04-06",false,"None"
"CON-C334C67609EB","APP-A1C6B4E32C6C","D1010","2026-04-04","2026-04-06",false,"None"
"CON-C5F556E4CA2E","APP-6C923B41ADE2","D1001","2026-04-05","2026-04-06",false,"None"
"CON-A43F8242EE05","APP-93BEC6B7B413","D1001","2026-04-04","2026-04-06",false,"None"
"CON-1C6856C9E5AF","APP-E856E8616D11","D1001","2026-04-03","2026-04-04",false,"None"
"CON-398C2F87B2AA","APP-8B353822E97F","D1001","2026-04-05","2026-04-08",true,"Proof_Of_Residence"
"CON-87D674D54AB7","APP-C3D81F0FB2D1","D1007","2026-04-03","2026-04-05",false,"None"
"CON-A3F9CFF656B8","APP-0B55D31A411E","D1007","2026-04-04","2026-04-06",false,"None"
"CON-F7A033A687F9","APP-CA5951B8607E","D1007","2026-04-04","2026-04-05",false,"None"
"CON-580904B83918","APP-E04D27967B8C","D1007","2026-04-05","2026-04-08",false,"None"
"CON-2E6FD67B6BA1","APP-8B1760CE1A3B","D1001","2026-04-03","2026-04-05",false,"None"
"CON-ABB8DA00285C","APP-53F13022584F","D1001","2026-04-04","2026-04-06",false,"None"
"CON-FE6A5B666C4B","APP-F7B843FA52EA","D1001","2026-04-04","2026-04-05",false,"None"
"CON-6D6CA1C74A1E","APP-237CB9FBB14F","D1001","2026-04-03","2026-04-05",false,"None"
"CON-EFD7566EB629","APP-25EE674AAAA5","D1009","2026-04-05","2026-04-08",false,"None"
"CON-445A5CFA4EDC","APP-6100E6D00C42","D1008","2026-04-04","2026-04-07",false,"None"
"CON-A1C811268726","APP-0B94F0D1A058","D1006","2026-04-03","2026-04-06",false,"None"
"CON-186474417E92","APP-AF10FB66563A","D1013","2026-04-04","2026-04-05",false,"None"
"CON-8B4E7062113A","APP-EE113A9627BD","D1001","2026-04-06","2026-04-07",false,"None"
"CON-C1B59612542E","APP-53C4F880DCA5","D1003","2026-04-05","2026-04-06",false,"None"
"CON-372A7F7A2407","APP-3922C6A7CBE0","D1003","2026-04-04","2026-04-06",false,"None"
"CON-5434B9AB9A1C","APP-07C9E7CE6706","D1003","2026-04-04","2026-04-06",false,"None"
"CON-034ECEB4EA05","APP-036458329531","D1003","2026-04-05","2026-04-07",false,"None"
"CON-452F51C81BBA","APP-D0052EA8DC0F","D1011","2026-04-06","2026-04-08",false,"None"
"CON-67C9EFAA822F","APP-D78B4E03317C","D1011","2026-04-05","2026-04-06",false,"None"
"CON-EEF1A95A3697","APP-1FD920E1502F","D1001","2026-04-06","2026-04-08",false,"None"
"CON-096DB533FBB9","APP-85E135401F78","D1001","2026-04-06","2026-04-08",false,"None"
"CON-9B143EB996AD","APP-2823F1C88272","D1010","2026-04-06","2026-04-09",false,"None"
"CON-589FEFEBFD54","APP-81A3B9DCF547","D1002","2026-04-06","2026-04-10",true,"Income_Verification"
"CON-DA06CFAD6610","APP-15C3D721997E","D1004","2026-04-04","2026-04-05",false,"None"
"CON-B8F2D17635EC","APP-91E58994029B","D1004","2026-04-05","2026-04-06",false,"None"
"CON-C82F74600EAA","APP-F5C442690B6B","D1004","2026-04-06","2026-04-07",false,"None"
"CON-0FD1491C952E","APP-07EAC9EDFE92","D4471","2026-04-05","2026-04-08",false,"None"
"CON-B3DD4169F04A","APP-E368C422FA9D","D4471","2026-04-04","2026-04-06",false,"None"
"CON-93AADD2A2013","APP-B31CC066BBFA","D4471","2026-04-04","2026-04-06",false,"None"
"CON-AA518BA88619","APP-DDAB9F8F692A","D1009","2026-04-05","2026-04-08",false,"None"
"CON-115328140B08","APP-460655AB359D","D1009","2026-04-04","2026-04-06",false,"None"
"CON-9C3958ED4B56","APP-1C3D4F5C5594","D1008","2026-04-04","2026-04-08",false,"None"
"CON-0186407955DE","APP-ECAF8B6A1245","D1001","2026-04-05","2026-04-07",false,"None"
"CON-46E65A545B32","APP-663FC6579AF9","D1007","2026-04-05","2026-04-07",false,"None"
"CON-7A82E959B391","APP-968BA8A6B01D","D1001","2026-04-04","2026-04-05",false,"None"
"CON-AB767CBB100A","APP-C9A28E66BAA7","D1001","2026-04-04","2026-04-06",false,"None"
"CON-A1F307974E1E","APP-140B3EA4BFC0","D1008","2026-04-05","2026-04-08",false,"None"
"CON-E59442CA73C4","APP-E71F2F1005A8","D1005","2026-04-07","2026-04-09",false,"None"
"CON-7B4B96530D3D","APP-276F572AF036","D1005","2026-04-07","2026-04-09",false,"None"
"CON-B16AB8AEC68A","APP-C708E5409AED","D1005","2026-04-06","2026-04-07",false,"None"
"CON-58F4BE838A67","APP-AB9A39C75C41","D1010","2026-04-07","2026-04-10",false,"None"
"CON-D7CB3E6C3EC2","APP-61D1E3418A40","D1010","2026-04-07","2026-04-11",false,"None"
"CON-0D7DD49B90CF","APP-8880BE0F4943","D1005","2026-04-07","2026-04-09",false,"None"
"CON-470BBC505CD2","APP-AF2DA5012AC6","D1002","2026-04-06","2026-04-08",false,"None"
"CON-9512C25A90A3","APP-1A8C29E97EA2","D1002","2026-04-06","2026-04-07",false,"None"
"CON-E1E4CE3D120E","APP-D27F0742F642","D1002","2026-04-07","2026-04-08",false,"None"
"CON-B672819A1609","APP-132C653EE579","D1004","2026-04-07","2026-04-12",true,"Document_Error"
"CON-83FA9C5CDFDB","APP-6098D11921DA","D1004","2026-04-05","2026-04-07",false,"None"
"CON-038EB96F4E84","APP-9FBBD2637939","D1004","2026-04-06","2026-04-08",false,"None"
"CON-0C37ACF42459","APP-5ED5B6EBD468","D1015","2026-04-05","2026-04-07",false,"None"
"CON-A902B3C39712","APP-0E1344C859A4","D1014","2026-04-05","2026-04-12",true,"Income_Verification"
"CON-597DC1E54DAE","APP-1CF3285CBAF5","D1006","2026-04-07","2026-04-11",false,"None"
"CON-017AF73CA527","APP-AC8C89180E1D","D4471","2026-04-06","2026-04-11",true,"Income_Verification"
"CON-C7663C0B9942","APP-7E62B9BEA9BF","D4471","2026-04-07","2026-04-10",true,"Income_Verification"
"CON-079AF06243EA","APP-36B075A38844","D4471","2026-04-06","2026-04-07",false,"None"
"CON-36C8762055AD","APP-B3721C9F5833","D1003","2026-04-06","2026-04-08",false,"None"
"CON-29F9CA4CA08A","APP-1FD7A8F0D507","D1012","2026-04-06","2026-04-10",false,"None"
"CON-82F3FB14A8ED","APP-23E92A593AA3","D1003","2026-04-06","2026-04-07",false,"None"
"CON-F5F6D93C475C","APP-1456710180BE","D1005","2026-04-07","2026-04-09",false,"None"
"CON-4ABAC2EC47FC","APP-BD498AFA5DA2","D1001","2026-04-06","2026-04-08",false,"None"
"CON-428910F92FDC","APP-FC21E7BDAA13","D1001","2026-04-07","2026-04-09",false,"None"
"CON-A942FE997A84","APP-E4EF11E620B3","D1001","2026-04-05","2026-04-06",false,"None"
"CON-7CB7FB8C0946","APP-744D52539FF5","D1001","2026-04-07","2026-04-08",false,"None"
"CON-14D0BC187D18","APP-1265D91C7453","D1012","2026-04-06","2026-04-08",false,"None"
"CON-0A9749D896F7","APP-05EB6710CD40","D1009","2026-04-05","2026-04-08",false,"None"
"CON-F0D953E4219B","APP-3E6807BD1A60","D1009","2026-04-05","2026-04-06",false,"None"
"CON-EFE051161EF9","APP-7800008A7652","D1010","2026-04-08","2026-04-10",false,"None"
"CON-F714A05CA813","APP-4045BB6E797F","D1002","2026-04-08","2026-04-10",false,"None"
"CON-E1AC46D8632D","APP-8015E526AD68","D1002","2026-04-06","2026-04-07",false,"None"
"CON-E0031A0A67E9","APP-03B21F0DA633","D1002","2026-04-06","2026-04-08",false,"None"
"CON-07AA0E4E87F6","APP-FA8A91E2EE96","D1002","2026-04-07","2026-04-10",false,"None"
"CON-FCFAF871863B","APP-FC6E65E3549F","D1002","2026-04-07","2026-04-09",false,"None"
"CON-945B891E7496","APP-A127C85393B0","D1002","2026-04-08","2026-04-10",false,"None"
"CON-8240A5DB2CB1","APP-4B41540F93C7","D1003","2026-04-07","2026-04-08",false,"None"
"CON-018DB1A80A42","APP-0536A5E33FED","D1007","2026-04-06","2026-04-09",false,"None"
"CON-7CCA9A26BB1B","APP-CC3E0F3D5AD1","D1009","2026-04-06","2026-04-11",true,"Document_Error"
"CON-4B8566B59B80","APP-EBC5B7565FFA","D1009","2026-04-08","2026-04-09",false,"None"
"CON-D8DE503971E1","APP-50741A20810D","D4471","2026-04-08","2026-04-09",false,"None"
"CON-025EDB51D6CD","APP-638CE27E531A","D4471","2026-04-08","2026-04-09",false,"None"
"CON-271CE16CCD46","APP-5A4531418EB0","D1003","2026-04-07","2026-04-08",false,"None"
"CON-DDA59811EB33","APP-81C30A27F62B","D1003","2026-04-08","2026-04-10",false,"None"
"CON-11F6368D3C53","APP-9B744E115514","D1013","2026-04-07","2026-04-10",false,"None"
"CON-A5B342F14934","APP-DBDCA1A7972C","D1005","2026-04-07","2026-04-08",false,"None"
"CON-E293A955557E","APP-6C7F83B6D6A3","D1005","2026-04-07","2026-04-09",false,"None"
"CON-5B416B8448C4","APP-10477D91AFB4","D1005","2026-04-07","2026-04-09",false,"None"
"CON-CDC736A00CC1","APP-12FA587D6FD9","D1005","2026-04-06","2026-04-10",true,"Income_Verification"
"CON-B58F348A1BEC","APP-46F6CD0AE19E","D1011","2026-04-07","2026-04-09",false,"None"
"CON-6BF3950C57AB","APP-CD8225BDB277","D1007","2026-04-07","2026-04-12",false,"None"
"CON-04ABE86A537B","APP-4D9448CF9C89","D1012","2026-04-07","2026-04-11",false,"None"
"CON-472D9284F0B2","APP-29A37E771640","D1012","2026-04-06","2026-04-09",false,"None"
"CON-50DBAAC547D2","APP-179EE006B4F4","D1004","2026-04-07","2026-04-09",false,"None"
"CON-ACE233BEF62D","APP-79068F01C9B8","D1013","2026-04-07","2026-04-11",false,"None"
"CON-8445528D584C","APP-B21499BEAB9A","D1014","2026-04-06","2026-04-10",true,"Document_Error"
"CON-50835EA77FA0","APP-27E53C92EBC0","D1015","2026-04-08","2026-04-14",false,"None"
"CON-655F6FFCBF63","APP-A0A28F1B8AB9","D1004","2026-04-08","2026-04-11",false,"None"
"CON-219FCFA479ED","APP-D1DC678227D5","D1004","2026-04-08","2026-04-09",false,"None"
"CON-B3DE2E419225","APP-B741C4FF48FC","D1004","2026-04-06","2026-04-07",false,"None"
"CON-D933B901FB9B","APP-8CADA606FC72","D1006","2026-04-06","2026-04-10",false,"None"
"CON-3BA400F6C151","APP-BC6D22DABAE3","D1006","2026-04-08","2026-04-10",false,"None"
"CON-54511D0F99D8","APP-D31D25BB571A","D1001","2026-04-06","2026-04-07",false,"None"
"CON-05D8DF326E36","APP-32B2C57125BE","D1001","2026-04-07","2026-04-08",false,"None"
"CON-52907334CAA6","APP-11518651F608","D1009","2026-04-08","2026-04-11",false,"None"
"CON-DF4E0639A0EC","APP-9EDFEB9A2995","D1001","2026-04-07","2026-04-09",false,"None"
"CON-8372A2F29677","APP-586F4814E405","D1007","2026-04-08","2026-04-10",false,"None"
"CON-10B2194355D1","APP-47DA00C4FBF4","D1007","2026-04-09","2026-04-10",false,"None"
"CON-D283A506CA55","APP-0FA51F0B2039","D1007","2026-04-08","2026-04-14",true,"Document_Error"
"CON-2B2EFA6DA69C","APP-DC627025B976","D1001","2026-04-09","2026-04-11",false,"None"
"CON-CED6A2350AEB","APP-D57405623F51","D1003","2026-04-08","2026-04-09",false,"None"
"CON-51E6B8FC5970","APP-93D22337B3A1","D1012","2026-04-07","2026-04-10",false,"None"
"CON-3DE53C1891A0","APP-4A40054470E7","D1008","2026-04-07","2026-04-10",false,"None"
"CON-2F6F5238AE9E","APP-D200948F0D1A","D1008","2026-04-07","2026-04-09",false,"None"
"CON-C37494864928","APP-B6148A16DF29","D1009","2026-04-09","2026-04-10",false,"None"
"CON-CFAE37E447FC","APP-70A56E9421EC","D1013","2026-04-08","2026-04-14",false,"None"
"CON-CB8CC5ABF2D6","APP-4645A411638C","D1003","2026-04-07","2026-04-08",false,"None"
"CON-FA64CFAE29E0","APP-45BC440898C8","D1009","2026-04-09","2026-04-11",false,"None"
"CON-18CC1FAAE159","APP-F360B9A349F8","D1014","2026-04-08","2026-04-10",false,"None"
"CON-8E1470575FFD","APP-C3F91CA8D6EC","D1014","2026-04-09","2026-04-13",false,"None"
"CON-A570CDAAA800","APP-04F22AC6AE54","D1002","2026-04-09","2026-04-11",false,"None"
"CON-62B8AA82FE17","APP-9A7D78BF365B","D1004","2026-04-08","2026-04-09",false,"None"
"CON-47C225067847","APP-D171A408B00F","D1004","2026-04-07","2026-04-08",false,"None"
"CON-87ACB185A24F","APP-46B3080C9D10","D1004","2026-04-09","2026-04-11",false,"None"
"CON-420A91A33C60","APP-91233E16EFD9","D1004","2026-04-07","2026-04-09",false,"None"
"CON-48A1B5B7E151","APP-FB6513C5BCFC","D1004","2026-04-07","2026-04-09",false,"None"
"CON-BAC9ADEC62B2","APP-7EBCBBC126CD","D4471","2026-04-09","2026-04-10",false,"None"
"CON-40328C7C855F","APP-CDB9A6AC3CF5","D1010","2026-04-09","2026-04-12",false,"None"
"CON-31D96A95E158","APP-D5748E678F6A","D1006","2026-04-07","2026-04-10",false,"None"
"CON-31A3036A768F","APP-7108968ACDAD","D1005","2026-04-07","2026-04-09",false,"None"
"CON-BC14C5A79CB4","APP-ADF0429EA4E9","D1005","2026-04-09","2026-04-10",false,"None"
"CON-DFD463FCF86B","APP-0040FFC2AB4A","D1005","2026-04-08","2026-04-10",false,"None"
"CON-448E9D7688A3","APP-1AC7FA3D7011","D1005","2026-04-09","2026-04-11",false,"None"
"CON-61690BBA7BAD","APP-16DE4BC0AF11","D1005","2026-04-07","2026-04-09",false,"None"
"CON-789BA5E1DD41","APP-D942B53F9C11","D1005","2026-04-08","2026-04-09",false,"None"
"CON-D2518CFFF5E8","APP-42E30D8E8285","D1005","2026-04-09","2026-04-10",false,"None"
"CON-80C35AA5C99B","APP-20CCE292D6AB","D1001","2026-04-08","2026-04-09",false,"None"
"CON-9525D614C118","APP-FC831B625E5B","D1001","2026-04-08","2026-04-10",false,"None"
"CON-9D380BC854D7","APP-A356025CDBF7","D1001","2026-04-09","2026-04-10",false,"None"
"CON-472B99CE45C3","APP-7EABCD3C2C62","D4471","2026-04-09","2026-04-11",false,"None"
"CON-534DD59F0C1B","APP-46C1ABBCC323","D4471","2026-04-09","2026-04-11",false,"None"
"CON-8363A66F3151","APP-05C559F7075D","D1011","2026-04-07","2026-04-09",false,"None"
"CON-A44C5DFE85A9","APP-BE9FD86F6E85","D1001","2026-04-08","2026-04-09",false,"None"
"CON-11AF832A4584","APP-4E43E2300B9D","D1004","2026-04-10","2026-04-12",false,"None"
"CON-20C8C18E9248","APP-3C1167975281","D1002","2026-04-10","2026-04-11",false,"None"
"CON-BF4BD94BE1E4","APP-95B68B814BBD","D1002","2026-04-09","2026-04-11",false,"None"
"CON-987BEED9FAD8","APP-EFE40A2FFC3E","D4471","2026-04-09","2026-04-10",false,"None"
"CON-C3C6F7F46EFE","APP-5773EC6A79C6","D1006","2026-04-09","2026-04-11",false,"None"
"CON-F850BD821F41","APP-1C2C1454498C","D4471","2026-04-10","2026-04-14",true,"Proof_Of_Residence"
"CON-561119BF899C","APP-7763F54A9E40","D1004","2026-04-09","2026-04-13",true,"Document_Error"
"CON-D77F775D6BED","APP-FD7A0A62B813","D1006","2026-04-08","2026-04-14",true,"Document_Error"
"CON-B6D421A28EDD","APP-0C4706E04111","D1006","2026-04-10","2026-04-12",false,"None"
"CON-3C6F029C5860","APP-FAB34B6E5AFE","D1006","2026-04-10","2026-04-13",false,"None"
"CON-B197B7F63C1A","APP-A32C0001E292","D4471","2026-04-08","2026-04-10",false,"None"
"CON-B46A2D316134","APP-407746C0412F","D4471","2026-04-08","2026-04-10",false,"None"
"CON-19DC5F207B87","APP-1FD89589200D","D1002","2026-04-09","2026-04-11",false,"None"
"CON-7D4FFB6562DA","APP-1797ED7A0DE5","D1008","2026-04-08","2026-04-12",false,"None"
"CON-E152CAF922E2","APP-A6180B0A9BB3","D1002","2026-04-08","2026-04-10",false,"None"
"CON-E892C09487D1","APP-EBC5AB737307","D1002","2026-04-09","2026-04-11",false,"None"
"CON-3BEED751261D","APP-850BA9A15401","D1010","2026-04-09","2026-04-14",false,"None"
"CON-2608526657DE","APP-E60F8F1B5194","D4471","2026-04-09","2026-04-11",false,"None"
"CON-8DA09CAE53FF","APP-E3F5CD0BFCD1","D1009","2026-04-10","2026-04-11",false,"None"
"CON-AFA6D4D225DC","APP-7C436859EB53","D1003","2026-04-10","2026-04-12",false,"None"
"CON-B7C8D1441767","APP-F599300001BC","D1003","2026-04-10","2026-04-11",false,"None"
"CON-57138E887340","APP-D2048814202C","D1003","2026-04-09","2026-04-10",false,"None"
"CON-BD15B4C08EA0","APP-80DBE8013A60","D1003","2026-04-10","2026-04-11",false,"None"
"CON-581AD8ADF593","APP-0C23724FF6CE","D1008","2026-04-09","2026-04-13",false,"None"
"CON-BBF6D742504E","APP-654B0B5541C2","D1011","2026-04-09","2026-04-10",false,"None"
"CON-6E24F791D453","APP-72A75A2A925F","D1001","2026-04-08","2026-04-10",false,"None"
"CON-BCF8E7FBBC47","APP-C2DC9D60FF9A","D1001","2026-04-09","2026-04-11",false,"None"
"CON-D7F4AAAA5B47","APP-9AEFE6D38D0A","D1001","2026-04-10","2026-04-12",false,"None"
"CON-BC9C46690E6F","APP-7B7AA7E0228F","D1007","2026-04-09","2026-04-12",false,"None"
"CON-69289214F649","APP-DEA2120A1961","D1007","2026-04-09","2026-04-12",false,"None"
"CON-B340DE804534","APP-CFC869783B8F","D1001","2026-04-08","2026-04-09",false,"None"
"CON-D962D8FA1279","APP-45F92AC942C8","D1011","2026-04-09","2026-04-12",false,"None"
"CON-662791041776","APP-CD4D8C845B93","D1011","2026-04-08","2026-04-11",false,"None"
"CON-09EB0754DAB3","APP-9D7EB8310C8C","D1013","2026-04-09","2026-04-14",false,"None"
"CON-9E91AC5DBEB4","APP-4289DC2F0880","D1012","2026-04-10","2026-04-12",false,"None"
"CON-72519C079109","APP-D3DDB0C54E71","D1005","2026-04-08","2026-04-10",false,"None"
"CON-4DA001B18C77","APP-0204B3558AF5","D1005","2026-04-09","2026-04-10",false,"None"
"CON-4EC5144AF761","APP-C74EEB72A361","D1005","2026-04-09","2026-04-11",false,"None"
"CON-6AF971BE45B5","APP-9AB5CB2E20FE","D1005","2026-04-08","2026-04-09",false,"None"
"CON-D8EACB3F6BD2","APP-C29C2873D575","D1015","2026-04-10","2026-04-14",false,"None"
"CON-EE9B1BB4B56D","APP-C8DACF175D65","D1012","2026-04-09","2026-04-12",false,"None"
"CON-35BC38DC7421","APP-2F480548BE16","D1012","2026-04-09","2026-04-11",false,"None"
"CON-210F899700A6","APP-4D04CDA5EEB6","D1010","2026-04-09","2026-04-11",true,"Document_Error"
"CON-DC2B3641FFA4","APP-C6117FAE6EDF","D1008","2026-04-11","2026-04-14",true,"Income_Verification"
"CON-E4C3D7BD696E","APP-0D9E01226759","D1008","2026-04-09","2026-04-12",false,"None"
"CON-871469FE9EBA","APP-02C51CFB57A6","D4471","2026-04-09","2026-04-11",false,"None"
"CON-D6C395754329","APP-D3A7F42A9D97","D1008","2026-04-09","2026-04-13",false,"None"
"CON-B2AD09BC7A16","APP-0D24DA10E21B","D1001","2026-04-09","2026-04-10",false,"None"
"CON-9F5F98E517C0","APP-29544CC7F88F","D4471","2026-04-11","2026-04-12",false,"None"
"CON-6BBC22212C23","APP-42F24ECE18B9","D4471","2026-04-11","2026-04-16",true,"Proof_Of_Residence"
"CON-128A5EA402C2","APP-E66398C5370E","D4471","2026-04-10","2026-04-12",false,"None"
"CON-DE6979F815AC","APP-3D6EA98EAF9F","D1008","2026-04-11","2026-04-13",false,"None"
"CON-C329BC5060B0","APP-5E9FE88A67B9","D4471","2026-04-10","2026-04-15",true,"Income_Verification"
"CON-D1B7048AD865","APP-9B2F21EF34D1","D1011","2026-04-11","2026-04-13",false,"None"
"CON-6FC6BBE850E1","APP-74443D4F3BB3","D1005","2026-04-11","2026-04-12",false,"None"
"CON-8C65D8AE7870","APP-BF3C4E57E732","D1006","2026-04-11","2026-04-12",false,"None"
"CON-8472EFEA2FE8","APP-7E8628F34C7E","D1006","2026-04-11","2026-04-13",false,"None"
"CON-CD079C2E5AA4","APP-0F3623542C28","D1005","2026-04-09","2026-04-10",false,"None"
"CON-A61A8E6C0A26","APP-470F229E887C","D1005","2026-04-10","2026-04-11",false,"None"
"CON-B8E5D8A2D161","APP-CEC7C31F84C6","D1005","2026-04-11","2026-04-12",false,"None"
"CON-3106DDCCFF3F","APP-3CCE46920704","D1012","2026-04-09","2026-04-11",false,"None"
"CON-BF0BA4991A9B","APP-965CEBAF0D3B","D1002","2026-04-09","2026-04-11",false,"None"
"CON-AAE2345D0F13","APP-EA44267E9145","D1013","2026-04-09","2026-04-14",false,"None"
"CON-DF4E42D25D96","APP-00947CAEA507","D1007","2026-04-09","2026-04-11",false,"None"
"CON-35709483DFAC","APP-13B05CD07C64","D1007","2026-04-09","2026-04-13",false,"None"
"CON-E253347035F4","APP-F2B282629854","D1002","2026-04-11","2026-04-13",true,"Document_Error"
"CON-56C9E1774DC0","APP-484D8073FD19","D1002","2026-04-11","2026-04-13",false,"None"
"CON-971A1BB68A52","APP-AF083C9BA20B","D1001","2026-04-10","2026-04-12",false,"None"
"CON-791F5F8529A9","APP-E7C1508FFD2E","D1007","2026-04-10","2026-04-13",false,"None"
"CON-7122384DA187","APP-DE531808E93D","D1014","2026-04-10","2026-04-13",false,"None"
"CON-123EEF4BACB7","APP-5D884D26E00D","D1014","2026-04-09","2026-04-13",false,"None"
"CON-888B31309CFC","APP-134AD3F9AF2D","D1001","2026-04-09","2026-04-12",false,"None"
"CON-496D0EE9F236","APP-B8DB96D7DFF2","D1012","2026-04-11","2026-04-12",false,"None"
"CON-12E42423FBD7","APP-226F6EE5ED69","D1003","2026-04-09","2026-04-11",false,"None"
"CON-328728CCE7E4","APP-199AC52E505D","D1001","2026-04-09","2026-04-11",false,"None"
"CON-0933C8AB07E8","APP-93F1D2FF7361","D1004","2026-04-11","2026-04-12",false,"None"
"CON-36172A131019","APP-BCED35E575D6","D1004","2026-04-11","2026-04-12",false,"None"
"CON-84D2595DDEA8","APP-A10E169D5AD7","D1004","2026-04-10","2026-04-12",false,"None"
"CON-CA94BA71B533","APP-A11810EB1E19","D1004","2026-04-10","2026-04-11",false,"None"
"CON-9E4D4F429344","APP-67EB0DC09F56","D1001","2026-04-10","2026-04-12",false,"None"
"CON-C1F5BF97217F","APP-40F67357947A","D1003","2026-04-10","2026-04-12",false,"None"
"CON-9F8C7731329B","APP-45366EF6503D","D1003","2026-04-12","2026-04-13",false,"None"
"CON-AA70FD4FDEA2","APP-E04787084FC3","D1001","2026-04-12","2026-04-13",false,"None"
"CON-3D7B119EC434","APP-0785B7D2925A","D1001","2026-04-12","2026-04-14",false,"None"
"CON-51C82B5D2929","APP-342613E145E4","D1001","2026-04-12","2026-04-13",false,"None"
"CON-C139B0E4C230","APP-6A8B8885995D","D1001","2026-04-10","2026-04-11",false,"None"
"CON-FC99B2829E04","APP-21B785C73284","D1009","2026-04-12","2026-04-13",false,"None"
"CON-70635F95FC6A","APP-54F01261E2E4","D1001","2026-04-11","2026-04-13",true,"Document_Error"
"CON-5CF5E5302224","APP-105CBE28BAE4","D1001","2026-04-11","2026-04-13",false,"None"
"CON-D0B07C3CB9D5","APP-033A41A79E7E","D1001","2026-04-12","2026-04-13",false,"None"
"CON-B4D58775BDD4","APP-C99726E2AD1D","D1009","2026-04-10","2026-04-12",false,"None"
"CON-E83EF8D4EE37","APP-2CA1E7B2F19C","D1003","2026-04-10","2026-04-11",false,"None"
"CON-11C2D5F70BFE","APP-7DDB8395221E","D1003","2026-04-10","2026-04-12",false,"None"
"CON-A611B2BDD247","APP-B492FDD8783A","D1003","2026-04-12","2026-04-13",false,"None"
"CON-F4E32AECC49F","APP-D1DE174CD219","D1003","2026-04-11","2026-04-12",false,"None"
"CON-CA5F1E6ECDE6","APP-25439955604B","D1012","2026-04-11","2026-04-14",false,"None"
"CON-63A4B61BCF69","APP-757ED5F3E841","D1004","2026-04-10","2026-04-12",false,"None"
"CON-05023D8850EA","APP-BD2EBCA279A1","D1002","2026-04-10","2026-04-12",false,"None"
"CON-52A62EE548AE","APP-E34E08BF31E1","D1002","2026-04-11","2026-04-13",false,"None"
"CON-C35B3D4BA7EA","APP-CFFD75A51140","D1002","2026-04-11","2026-04-13",false,"None"
"CON-F99409248B58","APP-C65096D4DFA7","D1002","2026-04-12","2026-04-14",false,"None"
"CON-C1C63ECD57D0","APP-CC9AF111C616","D1002","2026-04-12","2026-04-14",false,"None"
"CON-6B62BC9A9464","APP-BF88ED6A46CD","D1002","2026-04-10","2026-04-11",false,"None"
"CON-7DADDC5397D0","APP-88F40016B65C","D1002","2026-04-10","2026-04-12",false,"None"
"CON-B5139DCEFFE2","APP-4BDB9B2662E4","D1002","2026-04-12","2026-04-14",true,"Income_Verification"
"CON-0C5A09182127","APP-73B1A9432335","D1013","2026-04-12","2026-04-19",true,"Proof_Of_Residence"
"CON-AEDCAD727DDC","APP-5929BF36A4A5","D1002","2026-04-12","2026-04-17",true,"Document_Error"
"CON-6F1FA3F4C618","APP-D42AD4E36CE6","D1011","2026-04-12","2026-04-14",false,"None"
"CON-A09B22C3AF30","APP-9662AF4D8FF8","D1011","2026-04-10","2026-04-11",false,"None"
"CON-D377DF4C19D1","APP-95CDA7BE865D","D1011","2026-04-12","2026-04-17",true,"Proof_Of_Residence"
"CON-37C9721A4AF1","APP-1E6E6C56F3AB","D1005","2026-04-12","2026-04-13",false,"None"
"CON-67B80437CB0D","APP-2C16F89E2DD7","D1005","2026-04-10","2026-04-12",false,"None"
"CON-E8FBA95BD144","APP-D100D325B0A7","D1005","2026-04-12","2026-04-13",false,"None"
"CON-78E6A838AB1E","APP-12D980B8FC58","D1010","2026-04-11","2026-04-14",false,"None"
"CON-418E4C22594C","APP-FD79D97FDB72","D1010","2026-04-11","2026-04-12",false,"None"
"CON-A65157085192","APP-CE0D1B87E74D","D1010","2026-04-11","2026-04-12",false,"None"
"CON-0326DD923A7A","APP-6EF642D4AAD5","D1006","2026-04-12","2026-04-14",true,"Document_Error"
"CON-3D5E644976D7","APP-2BF71E13DCC5","D1004","2026-04-10","2026-04-11",false,"None"
"CON-67C9DCCF1078","APP-73247DBE6009","D1004","2026-04-10","2026-04-11",false,"None"
"CON-F74CEA699585","APP-C1C2B5C1E51F","D1004","2026-04-11","2026-04-13",false,"None"
"CON-B9ECAFAC5E73","APP-068FF46E69C2","D1006","2026-04-10","2026-04-13",false,"None"
"CON-76BFB97A6705","APP-57A61740639B","D1004","2026-04-12","2026-04-13",false,"None"
"CON-AD0FD9D719A7","APP-398D91197713","D4471","2026-04-11","2026-04-14",true,"Proof_Of_Residence"
"CON-603CE58D734A","APP-E4A16AD20A43","D4471","2026-04-12","2026-04-13",false,"None"
"CON-65DD93F3A69A","APP-C008EDE25C07","D4471","2026-04-10","2026-04-11",false,"None"
"CON-C5A5C7C13994","APP-22F9214F2142","D1007","2026-04-12","2026-04-14",false,"None"
"CON-87F7F3150AC4","APP-FE8A6C08C174","D4471","2026-04-12","2026-04-18",true,"Income_Verification"
"CON-032DABB6ABF4","APP-08D2326CDC4C","D1006","2026-04-13","2026-04-17",false,"None"
"CON-5204AC3F4424","APP-876BFA73E242","D1006","2026-04-13","2026-04-16",false,"None"
"CON-1B0CADB7C3BA","APP-FE37799C7892","D1005","2026-04-12","2026-04-14",false,"None"
"CON-EDC54312E71E","APP-C033E9CF117A","D1005","2026-04-11","2026-04-14",false,"None"
"CON-D04813D692F1","APP-79A53C02EC59","D1012","2026-04-13","2026-04-16",false,"None"
"CON-4E2EA309C44F","APP-AFFC2C4154C7","D1003","2026-04-11","2026-04-13",false,"None"
"CON-E8F38D35C250","APP-2970578BB17C","D1003","2026-04-13","2026-04-18",true,"Document_Error"
"CON-CAEC844AB248","APP-8196EE428FFA","D1001","2026-04-12","2026-04-14",false,"None"
"CON-91C635AAAC9C","APP-3D8559A5C879","D4471","2026-04-11","2026-04-13",true,"Income_Verification"
"CON-9BACA76F36E3","APP-5F9D44130390","D1012","2026-04-11","2026-04-15",true,"Document_Error"
"CON-58D8EA98D65E","APP-3115886E3F0A","D1008","2026-04-11","2026-04-12",false,"None"
"CON-5E3FFD14ACAD","APP-F9F0BDA52C2F","D1015","2026-04-13","2026-04-19",true,"Document_Error"
"CON-9F3E997273CC","APP-08BAB08D0BAF","D1008","2026-04-11","2026-04-14",false,"None"
"CON-E07736BD4739","APP-7E58DF0E39B0","D1004","2026-04-13","2026-04-14",false,"None"
"CON-28F9765C306C","APP-B497DFFB1913","D1009","2026-04-12","2026-04-16",false,"None"
"CON-5CE81279FE10","APP-40A79954652A","D1001","2026-04-13","2026-04-14",false,"None"
"CON-1855F438335D","APP-36502A390D27","D1002","2026-04-11","2026-04-13",false,"None"
"CON-A3FC0D06A813","APP-3FDDCF00432E","D1002","2026-04-11","2026-04-13",false,"None"
"CON-23082D82C652","APP-0EA0234E8D87","D1002","2026-04-12","2026-04-14",false,"None"
"CON-D4407A26CE8F","APP-F202CA590C91","D1005","2026-04-13","2026-04-16",false,"None"
"CON-9EC03D7AB6E8","APP-9ED0845E8209","D4471","2026-04-14","2026-04-16",false,"None"
"CON-815EA3A288B3","APP-F356E5D1A207","D4471","2026-04-12","2026-04-15",false,"None"
"CON-963437A4ED1E","APP-81689E5B5C7B","D1006","2026-04-13","2026-04-16",false,"None"
"CON-28C6201DCA38","APP-B9968DD1D211","D1001","2026-04-14","2026-04-16",false,"None"
"CON-0203391BF354","APP-D9A46BEA4CC5","D1001","2026-04-12","2026-04-14",false,"None"
"CON-B098EF9C27E7","APP-EC794C1673DA","D1002","2026-04-12","2026-04-13",false,"None"
"CON-7687F9EF9C40","APP-A29749F03E49","D1013","2026-04-14","2026-04-20",false,"None"
"CON-433023B0FA65","APP-614C36064311","D1009","2026-04-13","2026-04-15",false,"None"
"CON-5ABED436E019","APP-FB1ACE83B562","D1001","2026-04-14","2026-04-18",true,"Income_Verification"
"CON-CC60C27661E7","APP-DE386912D61B","D1001","2026-04-12","2026-04-13",false,"None"
"CON-191BF5926C2F","APP-88A4D8437576","D1004","2026-04-14","2026-04-16",false,"None"
"CON-C8939096294E","APP-CF98A1B9D06A","D1004","2026-04-13","2026-04-15",false,"None"
"CON-FA202FDBC5F5","APP-6EB279A9733B","D1004","2026-04-14","2026-04-16",false,"None"
"CON-90F84612FB7F","APP-4EA49673FF4B","D1004","2026-04-12","2026-04-13",false,"None"
"CON-254EA731F14D","APP-D0E2A7AC935A","D1010","2026-04-12","2026-04-15",false,"None"
"CON-2AE643D2BECD","APP-D0D9C6F072DA","D1005","2026-04-14","2026-04-16",false,"None"
"CON-415747216FA8","APP-D3A6B26B915F","D1001","2026-04-13","2026-04-14",false,"None"
"CON-647FAD4E01F8","APP-32394D61D777","D1001","2026-04-14","2026-04-15",false,"None"
"CON-E202866CF5B0","APP-7BB87C8A44E6","D1002","2026-04-14","2026-04-15",false,"None"
"CON-E6AAB93DCFDD","APP-70BBD3D48B93","D1003","2026-04-13","2026-04-18",true,"Document_Error"
"CON-47C82A904E62","APP-6CE8D4655F55","D1011","2026-04-13","2026-04-17",false,"None"
"CON-B247FFA3BA00","APP-64DBCFB41DD5","D1011","2026-04-13","2026-04-14",false,"None"
"CON-E8E242A6F912","APP-B6B439025626","D1007","2026-04-13","2026-04-16",false,"None"
"CON-D23CACD0EE12","APP-61264787EC73","D1010","2026-04-14","2026-04-16",false,"None"
"CON-AB568A939EFA","APP-B571750C7416","D1010","2026-04-13","2026-04-17",false,"None"
"CON-6BC90F72B9AB","APP-2C7803878AFE","D1007","2026-04-13","2026-04-15",false,"None"
"CON-DC3E1F65E05D","APP-4CF3679F3D56","D1001","2026-04-15","2026-04-17",false,"None"
"CON-F8F985944D13","APP-D64C80EADB2A","D1007","2026-04-14","2026-04-16",false,"None"
"CON-D4FDC80B7C25","APP-EF90BD252D33","D1005","2026-04-13","2026-04-14",false,"None"
"CON-12EC9DE5C97D","APP-4D0BDB301160","D1005","2026-04-15","2026-04-19",true,"Proof_Of_Residence"
"CON-241251F16F41","APP-4F92BB3DEB51","D1005","2026-04-14","2026-04-15",false,"None"
"CON-E1C4F4B44F8B","APP-4AE71225AE86","D1005","2026-04-14","2026-04-15",false,"None"
"CON-2EC871DA47B9","APP-85519CB45C2F","D1005","2026-04-15","2026-04-17",false,"None"
"CON-A212D591A86E","APP-0D3CBD7327A4","D1005","2026-04-15","2026-04-17",false,"None"
"CON-971596B6A496","APP-FD81571B8E7F","D1003","2026-04-15","2026-04-16",false,"None"
"CON-04BBF7528B50","APP-19CC7DFE36A6","D1004","2026-04-15","2026-04-17",false,"None"
"CON-8D29A5854B4E","APP-F7F54D14E1F6","D4471","2026-04-15","2026-04-21",true,"Proof_Of_Residence"
"CON-83B7ADD8AF01","APP-1930CAF22C62","D1006","2026-04-15","2026-04-17",false,"None"
"CON-ED190DB3E95A","APP-76156D590F2D","D1006","2026-04-14","2026-04-17",false,"None"
"CON-213F05DDCAF1","APP-2F68EEE4FA8A","D1006","2026-04-14","2026-04-16",false,"None"
"CON-2EED12D073DA","APP-126BE155AA81","D1006","2026-04-15","2026-04-17",false,"None"
"CON-4B1A00D40D76","APP-26E974DE4615","D1004","2026-04-14","2026-04-16",false,"None"
"CON-6013CF5C997F","APP-5BFD9CFC484C","D1004","2026-04-13","2026-04-14",false,"None"
"CON-E22E7E79E9E6","APP-4BB7F68A0DD7","D1004","2026-04-14","2026-04-16",false,"None"
"CON-5583250EECF4","APP-3DC98477ABA0","D1011","2026-04-15","2026-04-18",false,"None"
"CON-25F8ACCAF589","APP-ECDA725DCE80","D1004","2026-04-15","2026-04-17",false,"None"
"CON-FBF10B7CEBD7","APP-0064C08D83EF","D1004","2026-04-13","2026-04-14",false,"None"
"CON-0399E49F7C6B","APP-71190434D7CE","D1015","2026-04-14","2026-04-17",false,"None"
"CON-5377A207A840","APP-16E85EEC549E","D1014","2026-04-15","2026-04-17",false,"None"
"CON-5E1947FB4CB2","APP-3FB0E10E9435","D1014","2026-04-13","2026-04-15",false,"None"
"CON-DF27EE062C75","APP-07589C4D18AB","D1012","2026-04-14","2026-04-17",false,"None"
"CON-18258DAFDB6E","APP-FEDF517D2785","D1012","2026-04-15","2026-04-17",false,"None"
"CON-49A929E1CB4C","APP-B7EB318572E1","D1011","2026-04-15","2026-04-17",false,"None"
"CON-2811E7689972","APP-30CA3B4F3DA4","D1001","2026-04-14","2026-04-15",false,"None"
"CON-395EDE7F4DA2","APP-F4840951D362","D4471","2026-04-14","2026-04-16",false,"None"
"CON-E33CD5AF608F","APP-8C5B1CC42885","D1002","2026-04-15","2026-04-17",false,"None"
"CON-342BE95A6AEF","APP-D30FD152DF99","D1002","2026-04-13","2026-04-14",false,"None"
"CON-6C0A9B5561F9","APP-00AD06E9DF6F","D1002","2026-04-13","2026-04-16",false,"None"
"CON-1FFA2E89804C","APP-73FB75761D99","D1002","2026-04-15","2026-04-16",false,"None"
"CON-324D5044354D","APP-5390245E3943","D1008","2026-04-15","2026-04-16",false,"None"
"CON-FC908292878B","APP-4F1A8E245133","D1002","2026-04-14","2026-04-17",false,"None"
"CON-2F3626F641FC","APP-7A27532CFEED","D1002","2026-04-13","2026-04-14",false,"None"
"CON-B08D0FBF1F98","APP-52FBDE66C8A2","D1009","2026-04-15","2026-04-18",false,"None"
"CON-4A5E80C56107","APP-D63A7BEBD1FB","D1009","2026-04-14","2026-04-18",false,"None"
"CON-5E73A4734109","APP-7D069EE98141","D1001","2026-04-13","2026-04-15",false,"None"
"CON-9C1CA97DB6DD","APP-AB103201E512","D1001","2026-04-13","2026-04-14",false,"None"
"CON-9F637202E35A","APP-A505A4B3EB03","D1003","2026-04-14","2026-04-15",false,"None"
"CON-D00BA9B2D9D6","APP-58B986DA89DB","D1003","2026-04-14","2026-04-16",false,"None"
"CON-20548B98651F","APP-39DDF8B247CF","D1001","2026-04-14","2026-04-16",false,"None"
"CON-0C88C3C24A1C","APP-66E8778FECC2","D1001","2026-04-15","2026-04-17",false,"None"
"CON-F1DCA3B7B3C6","APP-2DAA812DCAD0","D1001","2026-04-15","2026-04-16",false,"None"
"CON-D0B9F3367244","APP-60C38E50F695","D1001","2026-04-14","2026-04-15",false,"None"
"CON-81D544CC15B4","APP-DC52AD1BF72F","D1012","2026-04-15","2026-04-22",true,"Proof_Of_Residence"
"CON-D993C2D06B15","APP-FB8F87FB1374","D4471","2026-04-14","2026-04-15",false,"None"
"CON-1FF33B28061E","APP-EF6256722C19","D1006","2026-04-14","2026-04-15",false,"None"
"CON-FD40704FF0E6","APP-051BE8DB28F6","D1003","2026-04-15","2026-04-17",false,"None"
"CON-5578B7B53826","APP-62AC9EA216BD","D1013","2026-04-14","2026-04-18",false,"None"
"CON-2E4478B5CDBD","APP-E2FD7B828D93","D1003","2026-04-14","2026-04-16",false,"None"
"CON-F41459A11BE0","APP-430147BA7C58","D1008","2026-04-16","2026-04-22",true,"Document_Error"
"CON-D65BAFEADB62","APP-5E96E022A66A","D1014","2026-04-14","2026-04-22",true,"Proof_Of_Residence"
"CON-1C9023C0B463","APP-E59435F0D1D9","D1004","2026-04-16","2026-04-18",false,"None"
"CON-252E075DBEBD","APP-7439EC0A51C2","D1008","2026-04-15","2026-04-18",false,"None"
"CON-813CC92A6F4B","APP-BFA3410AA4BC","D1015","2026-04-14","2026-04-17",true,"Income_Verification"
"CON-E08332486F89","APP-F285F1214452","D4471","2026-04-15","2026-04-18",true,"Income_Verification"
"CON-4BE5D6B7CB41","APP-56D7B39032D9","D4471","2026-04-16","2026-04-19",false,"None"
"CON-877CFA5C152D","APP-E2C584B15EA1","D1003","2026-04-15","2026-04-17",false,"None"
"CON-4B5FA6B464DF","APP-96029C741813","D1003","2026-04-16","2026-04-18",false,"None"
"CON-2F72DEAC8B32","APP-3686A1E99021","D1004","2026-04-16","2026-04-18",false,"None"
"CON-BE7E1F983BAB","APP-E0CDE16364C9","D1004","2026-04-15","2026-04-17",false,"None"
"CON-AAEC7825986B","APP-9B274D302FB6","D1004","2026-04-16","2026-04-17",false,"None"
"CON-DF0B7E045072","APP-5CF8F30C623F","D1001","2026-04-16","2026-04-17",false,"None"
"CON-8E5BABE518D1","APP-F2456EDCE00A","D1009","2026-04-14","2026-04-17",false,"None"
"CON-505627306DC2","APP-45A96E85BA50","D1001","2026-04-14","2026-04-16",false,"None"
"CON-4BF710058105","APP-E17852C8C8B0","D1009","2026-04-16","2026-04-18",false,"None"
"CON-F1FBFD09D961","APP-FA1FB465DE63","D1009","2026-04-15","2026-04-17",false,"None"
"CON-1ECC5C19A484","APP-513BFF960C0A","D1001","2026-04-16","2026-04-18",false,"None"
"CON-A48807775DDA","APP-4A9A97AE2089","D1005","2026-04-15","2026-04-16",false,"None"
"CON-574975533D5B","APP-ACEA90C14E6D","D1002","2026-04-15","2026-04-16",false,"None"
"CON-185501691ED4","APP-8D3039A0EC89","D1005","2026-04-15","2026-04-16",false,"None"
"CON-82A45A9CD98A","APP-81087C6457AF","D1007","2026-04-15","2026-04-18",false,"None"
"CON-A48F00B0D350","APP-5807793380AB","D1007","2026-04-15","2026-04-17",false,"None"
"CON-BA1083412D02","APP-DF2F62A46E5E","D1009","2026-04-15","2026-04-16",false,"None"
"CON-2AFE8E3D91D0","APP-0A767FADEF66","D1010","2026-04-16","2026-04-18",false,"None"
"CON-967ECFEC4257","APP-CB704F6FF1E7","D1010","2026-04-15","2026-04-21",true,"Income_Verification"
"CON-F2D86B1D6D8D","APP-30E4D57DC6D2","D1005","2026-04-14","2026-04-16",false,"None"
"CON-6781F3C52635","APP-D4DABABB0EBF","D1005","2026-04-15","2026-04-17",false,"None"
"CON-94ED688E7F44","APP-6A23F94B90F4","D1005","2026-04-15","2026-04-17",false,"None"
"CON-5E6F69713E2A","APP-FDD519B72445","D1002","2026-04-14","2026-04-16",false,"None"
"CON-03EC2197957E","APP-94752DAAA84D","D1005","2026-04-14","2026-04-16",false,"None"
"CON-70D210B21B74","APP-FD31B70B60A8","D4471","2026-04-15","2026-04-18",false,"None"
"CON-B8281B5E6182","APP-4DA55F21703A","D1004","2026-04-16","2026-04-17",false,"None"
"CON-341E99131241","APP-B3AD920A89F2","D1001","2026-04-15","2026-04-19",true,"Proof_Of_Residence"
"CON-E379F56FCD83","APP-C06FB9DD583A","D1001","2026-04-17","2026-04-19",false,"None"
"CON-E44F8BB51F80","APP-F70136C26C5C","D1011","2026-04-15","2026-04-17",false,"None"
"CON-74646BE6C3C4","APP-95F41FE20012","D4471","2026-04-15","2026-04-17",true,"Document_Error"
"CON-E252F7E4106A","APP-2E34B6D55A84","D4471","2026-04-16","2026-04-18",false,"None"
"CON-B209D5FC93C7","APP-976FFB23E0DC","D4471","2026-04-16","2026-04-18",false,"None"
"CON-745C20A6BA2C","APP-465C85544BFF","D4471","2026-04-16","2026-04-18",false,"None"
"CON-CE3C2AA11E0A","APP-48AFFC302507","D4471","2026-04-17","2026-04-19",false,"None"
"CON-58BF49806F59","APP-DB3524B04EE6","D1001","2026-04-17","2026-04-18",false,"None"
"CON-72D14F34F2E7","APP-32F8F54296CE","D1001","2026-04-17","2026-04-19",false,"None"
"CON-47D31D5BEEA4","APP-C44537978FE5","D1001","2026-04-15","2026-04-16",false,"None"
"CON-ED148055764D","APP-2F161848BFB6","D1001","2026-04-17","2026-04-18",false,"None"
"CON-BCC1DD3D019A","APP-8EC5A0941614","D1001","2026-04-15","2026-04-17",false,"None"
"CON-3FBC6BECDAD7","APP-AD204242DDBB","D1002","2026-04-15","2026-04-17",false,"None"
"CON-3C51EA7A7F87","APP-BFAA39F0F5EF","D1007","2026-04-17","2026-04-19",false,"None"
"CON-A6EC0D5C99E9","APP-A45E4CF741D5","D1005","2026-04-16","2026-04-18",false,"None"
"CON-065F8B580742","APP-E2CCFF44108F","D1005","2026-04-17","2026-04-18",false,"None"
"CON-443A783F8E4D","APP-7594249605E9","D1005","2026-04-16","2026-04-18",false,"None"
"CON-0D6B708D0D5B","APP-D58672E9BE96","D1005","2026-04-16","2026-04-18",false,"None"
"CON-C88B28866E22","APP-0612D238625E","D1005","2026-04-15","2026-04-17",false,"None"
"CON-A5C0EC24AF35","APP-A026F3BA0ADA","D1005","2026-04-16","2026-04-18",false,"None"
"CON-676826DB6F7C","APP-CD908EB0DAA6","D1009","2026-04-15","2026-04-16",false,"None"
"CON-0963FBF24D6E","APP-5329F90E6AB0","D1004","2026-04-16","2026-04-19",true,"Document_Error"
"CON-084FBF27D077","APP-C75A4CD7338E","D1002","2026-04-17","2026-04-19",false,"None"
"CON-D5F0C7F1565B","APP-F5DBED65B234","D1002","2026-04-15","2026-04-16",false,"None"
"CON-DCE7912189AC","APP-4CF07D0C47F8","D1002","2026-04-17","2026-04-19",true,"Document_Error"
"CON-039571CDB70E","APP-884B24FB558D","D1002","2026-04-15","2026-04-17",false,"None"
"CON-0AB610FD5C25","APP-F52D0C4CADC8","D1008","2026-04-17","2026-04-20",false,"None"
"CON-3596EBCDB0AB","APP-DEEF38F07966","D1003","2026-04-15","2026-04-16",false,"None"
"CON-3B2496DD6E5E","APP-08AA197DBEF9","D1003","2026-04-16","2026-04-18",false,"None"
"CON-2F12E3830E0B","APP-D8FFBF6B270B","D1003","2026-04-17","2026-04-19",false,"None"
"CON-74FEB5EE63A3","APP-FCA21A3C95E6","D1007","2026-04-17","2026-04-20",false,"None"
"CON-98A29CF08DDB","APP-B9318B1DAE12","D1004","2026-04-17","2026-04-18",false,"None"
"CON-359933C7A56D","APP-9B2896C6AA12","D1004","2026-04-15","2026-04-16",false,"None"
"CON-5F60B68D7603","APP-4B05DBC76B9F","D1004","2026-04-16","2026-04-18",false,"None"
"CON-E026DA4729AC","APP-9A496D204091","D1004","2026-04-17","2026-04-19",false,"None"
"CON-B92317DAE69C","APP-60CAE3243FDB","D1006","2026-04-16","2026-04-19",false,"None"
"CON-1DC05DE6F805","APP-DEA4F7FA520F","D1004","2026-04-17","2026-04-19",false,"None"
"CON-D4F22E40F68A","APP-AC2C143C44DD","D1004","2026-04-15","2026-04-16",false,"None"
"CON-A1DF74AE2C05","APP-3F7C429A9C57","D1013","2026-04-17","2026-04-19",false,"None"
"CON-57880E68109B","APP-7B865776D713","D1012","2026-04-17","2026-04-19",false,"None"
"CON-4A1E94042DCA","APP-EA95E53F24E2","D1011","2026-04-15","2026-04-18",false,"None"
"CON-ABAD1FBCF6ED","APP-86B814C4C407","D1010","2026-04-17","2026-04-20",false,"None"
"CON-385D9601A3A4","APP-207994784BF5","D1010","2026-04-15","2026-04-16",false,"None"
"CON-7BF06045DE07","APP-BB1D5D639687","D4471","2026-04-16","2026-04-19",false,"None"
"CON-FBEF31DF5B16","APP-E32B2400C2EB","D4471","2026-04-17","2026-04-19",false,"None"
"CON-6DF41DAAE964","APP-596C5E0A9C7E","D4471","2026-04-18","2026-04-20",false,"None"
"CON-0502EDAB9074","APP-3F181D6AF7DF","D1003","2026-04-18","2026-04-20",false,"None"
"CON-B1A1DC419FB3","APP-46ADFB810FD6","D1003","2026-04-17","2026-04-18",false,"None"
"CON-885B499531C6","APP-679DDB20350E","D4471","2026-04-16","2026-04-22",true,"Document_Error"
"CON-E27EB2E503F0","APP-F04BAA92F045","D1003","2026-04-18","2026-04-19",false,"None"
"CON-21D45FE0367B","APP-93B10AB5E5E1","D1003","2026-04-17","2026-04-18",false,"None"
"CON-984EF55A92B6","APP-BF2BC0DAE849","D1003","2026-04-17","2026-04-18",false,"None"
"CON-6AE345A64A0A","APP-B2E810BDE087","D1003","2026-04-17","2026-04-19",false,"None"
"CON-02CE1585E73F","APP-48B3D0208202","D1004","2026-04-18","2026-04-20",false,"None"
"CON-92D4D99C9BFF","APP-3936F8418F3A","D1004","2026-04-16","2026-04-17",false,"None"
"CON-B213BD304037","APP-80EBA18298FD","D1004","2026-04-18","2026-04-22",true,"Income_Verification"
"CON-06090915A7CF","APP-FFC4FF98F2A8","D1004","2026-04-18","2026-04-19",false,"None"
"CON-64943BC5E725","APP-1AEEF7E1431E","D1005","2026-04-18","2026-04-20",false,"None"
"CON-32E3EAA855C8","APP-02895D8D84EC","D1005","2026-04-18","2026-04-19",false,"None"
"CON-65CEBE2CCA75","APP-282696786015","D1004","2026-04-16","2026-04-17",false,"None"
"CON-D1C1F211A0C0","APP-3CFF38BAE186","D1002","2026-04-17","2026-04-19",false,"None"
"CON-A47E8EA164AE","APP-70C46214050F","D1006","2026-04-17","2026-04-19",false,"None"
"CON-E0C82A54AB3D","APP-61187435F35F","D1006","2026-04-17","2026-04-20",false,"None"
"CON-C5C2AC5E7DD2","APP-DC3D19004814","D1006","2026-04-16","2026-04-18",false,"None"
"CON-C8C7896C6221","APP-AC2552D37748","D1007","2026-04-16","2026-04-18",false,"None"
"CON-2C3674F395D5","APP-DD86DD945BB5","D1007","2026-04-18","2026-04-19",false,"None"
"CON-EE78245321D9","APP-F638674FB3C0","D1007","2026-04-18","2026-04-21",false,"None"
"CON-C2FEAA0C4101","APP-9595F58CD2A8","D1010","2026-04-18","2026-04-21",false,"None"
"CON-776258D104AA","APP-9BB66903EB4E","D1010","2026-04-16","2026-04-18",false,"None"
"CON-1FA4F69DA33A","APP-24EEAB855F38","D1010","2026-04-18","2026-04-22",false,"None"
"CON-748511810113","APP-AF3AE791FA95","D1011","2026-04-16","2026-04-19",false,"None"
"CON-ABA9AD28107E","APP-045F9362C87B","D1011","2026-04-17","2026-04-20",false,"None"
"CON-25B914BA1C32","APP-32E8C64F80A5","D1002","2026-04-18","2026-04-19",false,"None"
"CON-7E1DA084ADC6","APP-F92F90D4227D","D1012","2026-04-18","2026-04-20",false,"None"
"CON-7FA39BEC1864","APP-16AF47244FAA","D1001","2026-04-16","2026-04-17",false,"None"
"CON-78BA5D858F3A","APP-1582FBBDB705","D1002","2026-04-18","2026-04-19",false,"None"
"CON-A7C3140036D6","APP-B5D456006BB8","D1008","2026-04-18","2026-04-20",false,"None"
"CON-C9124948602E","APP-293659038526","D1002","2026-04-17","2026-04-18",false,"None"
"CON-FAF053DCB38D","APP-8CE484978989","D1002","2026-04-16","2026-04-18",false,"None"
"CON-4C822D830E3D","APP-2388D53FF7B2","D1002","2026-04-17","2026-04-18",false,"None"
"CON-B4E569C1DF19","APP-BC367BC7B629","D1002","2026-04-16","2026-04-17",false,"None"
"CON-AAECB9A994F3","APP-2F2474938FA7","D1002","2026-04-17","2026-04-18",false,"None"
"CON-84E09E2C982D","APP-17F444AECC7B","D1015","2026-04-17","2026-04-21",false,"None"
"CON-F59E305C2971","APP-013B6A86416F","D1014","2026-04-18","2026-04-23",true,"Proof_Of_Residence"
"CON-A0EBA82A28F1","APP-268CA474C107","D1013","2026-04-17","2026-04-19",false,"None"
"CON-D78265EED312","APP-491D052A566D","D1012","2026-04-18","2026-04-20",false,"None"
"CON-BDD8CC882827","APP-5BCFE4ED3DEA","D1012","2026-04-17","2026-04-19",true,"Proof_Of_Residence"
"CON-26D66A552A3D","APP-B2B75579CB2B","D1001","2026-04-17","2026-04-20",false,"None"
"CON-8C100E57EA99","APP-919B49296E24","D1001","2026-04-18","2026-04-19",false,"None"
"CON-4D89CDEB8390","APP-AA25F3176FA3","D1009","2026-04-16","2026-04-18",false,"None"
"CON-D156AE7902DC","APP-948BBE0972CF","D1009","2026-04-16","2026-04-19",false,"None"
"CON-F6174FFDD9DE","APP-18F4D40B9360","D1001","2026-04-17","2026-04-18",false,"None"
"CON-067DE6469B0D","APP-A243A2C5C7D1","D1001","2026-04-18","2026-04-20",false,"None"
"CON-48BE2D8A4C65","APP-6E1A68F3957F","D1001","2026-04-17","2026-04-18",false,"None"
"CON-D4BA0456C649","APP-3C1EF5781CAA","D1001","2026-04-16","2026-04-17",false,"None"
"CON-751CE770899C","APP-82D460CBA89A","D1003","2026-04-17","2026-04-18",false,"None"
"CON-85B291283FB9","APP-BE885A6589B2","D1003","2026-04-19","2026-04-20",false,"None"
"CON-7E62F3B5DBC1","APP-3BEE935781B0","D1001","2026-04-18","2026-04-19",false,"None"
"CON-0478115657F8","APP-073C15022810","D1008","2026-04-19","2026-04-21",false,"None"
"CON-E4413D2FD74C","APP-794CDD0DC033","D1009","2026-04-17","2026-04-21",false,"None"
"CON-E657DFE9D259","APP-5C919EF6E509","D1005","2026-04-19","2026-04-21",false,"None"
"CON-F9E89674C72B","APP-7B912E9C7EB1","D1002","2026-04-18","2026-04-20",false,"None"
"CON-8AE0FF08B350","APP-C65BBBC96B29","D1003","2026-04-18","2026-04-20",false,"None"
"CON-F67CDAC4DA4A","APP-68AAA7D59EB7","D1003","2026-04-17","2026-04-18",false,"None"
"CON-7DDA80C4B2EF","APP-CF2D6CD9DFCE","D1003","2026-04-17","2026-04-18",false,"None"
"CON-7484456ED9B8","APP-FF4C92C193C2","D1003","2026-04-18","2026-04-20",false,"None"
"CON-1330A8EBE1F8","APP-1AF0CEA7A6AD","D1003","2026-04-19","2026-04-20",false,"None"
"CON-CF0B8A4BD507","APP-B88CA7B1B052","D1011","2026-04-19","2026-04-21",false,"None"
"CON-6DFB6124E02C","APP-6C5985EB946D","D1010","2026-04-18","2026-04-22",false,"None"
"CON-75D3E9A2936D","APP-66EFC0ABD8DD","D1010","2026-04-17","2026-04-21",false,"None"
"CON-BF8776BBBAEE","APP-C8318C31D866","D1014","2026-04-17","2026-04-19",false,"None"
"CON-6E582BDB63FF","APP-A034C906512C","D1004","2026-04-18","2026-04-19",false,"None"
"CON-9F2AD1560376","APP-96A55C859E65","D1004","2026-04-17","2026-04-18",false,"None"
"CON-AE20EDAD946D","APP-415CAA52D3FC","D1004","2026-04-18","2026-04-24",true,"Document_Error"
"CON-1ABE81D69395","APP-EF63988DFE55","D1004","2026-04-17","2026-04-19",false,"None"
"CON-13B1917F7CA6","APP-C3BE01B52637","D1013","2026-04-18","2026-04-22",false,"None"
"CON-F77994E06E87","APP-6B35028F4677","D1013","2026-04-18","2026-04-24",true,"Document_Error"
"CON-CFAD66E046F0","APP-5732C8B1633C","D1004","2026-04-17","2026-04-23",true,"Income_Verification"
"CON-AAC9AA2115DF","APP-D9C0F16DFC1F","D1004","2026-04-19","2026-04-20",false,"None"
"CON-1A5090213A78","APP-6B38D86CB43C","D1009","2026-04-19","2026-04-24",false,"None"
"CON-44635AD6E394","APP-87982F6D5DF7","D1015","2026-04-19","2026-04-20",false,"None"
"CON-E94624BE72E8","APP-F3CFE0195DDB","D1002","2026-04-18","2026-04-20",false,"None"
"CON-F012999A7AE4","APP-1633DDF36976","D1002","2026-04-18","2026-04-20",false,"None"
"CON-8EF187C9E8B0","APP-21B86A08BCAE","D1002","2026-04-18","2026-04-24",true,"Document_Error"
"CON-354B3F2EC562","APP-E55092EBEE35","D1002","2026-04-18","2026-04-20",true,"Document_Error"
"CON-D477B4A3E12D","APP-B8A0E0AEEF90","D1001","2026-04-18","2026-04-24",true,"Document_Error"
"CON-64C88349D3D1","APP-DE2A3DF2D915","D1009","2026-04-18","2026-04-25",true,"Document_Error"
"CON-3CA4A48E99A7","APP-6865DEDF88CA","D1001","2026-04-18","2026-04-20",false,"None"
"CON-2018B8E48EE2","APP-BC7E638B55FA","D1005","2026-04-17","2026-04-18",false,"None"
"CON-85ACC5ACED72","APP-034DB1B3D110","D1005","2026-04-19","2026-04-20",false,"None"
"CON-86DDB9F3E832","APP-6705DDC71DFF","D1012","2026-04-18","2026-04-20",false,"None"
"CON-00981492665C","APP-13AB16FB60B0","D1012","2026-04-18","2026-04-25",true,"Document_Error"
"CON-550584EE60B3","APP-C3F79F88299F","D1012","2026-04-18","2026-04-20",false,"None"
"CON-398495C0252F","APP-771A2CFE23CA","D1006","2026-04-18","2026-04-21",false,"None"
"CON-ECCF508AF02E","APP-86A065DB7A93","D4471","2026-04-18","2026-04-20",false,"None"
"CON-40806C483219","APP-85B4D9866977","D4471","2026-04-17","2026-04-19",false,"None"
"CON-95AC95513AFC","APP-9E5B7428242E","D4471","2026-04-17","2026-04-23",true,"Proof_Of_Residence"
"CON-A73B4FD9D7F3","APP-7FDEB7B90F85","D4471","2026-04-17","2026-04-19",false,"None"
"CON-23AF7ACE647E","APP-072DCF980B5C","D1007","2026-04-18","2026-04-19",false,"None"
"CON-331755E57121","APP-87F01A982AC8","D1007","2026-04-17","2026-04-20",false,"None"
"CON-B473816FD24B","APP-3C4C56D1F986","D1001","2026-04-18","2026-04-21",false,"None"
"CON-98E12F3DFEFA","APP-E777855DC819","D1001","2026-04-17","2026-04-20",false,"None"
"CON-3BD36AD48C2C","APP-F78F6F9DCA1A","D1001","2026-04-19","2026-04-20",false,"None"
"CON-B21D1EE43C00","APP-7FD12945E12F","D4471","2026-04-19","2026-04-21",false,"None"
"CON-7D7E01E6D4B5","APP-FF53E31773DB","D1004","2026-04-18","2026-04-19",false,"None"
"CON-60E1FBD6E59C","APP-D0EAADEB4553","D1002","2026-04-19","2026-04-21",false,"None"
"CON-D89761400B4A","APP-54341D34A2BD","D1001","2026-04-20","2026-04-22",false,"None"
"CON-9B15BAB4CCF6","APP-77AC31B0592A","D1001","2026-04-19","2026-04-21",false,"None"
"CON-C9A4D4D5C039","APP-37B4DFF91EFA","D1001","2026-04-20","2026-04-21",false,"None"
"CON-BDC7A74D8274","APP-AED5C58F56C1","D1001","2026-04-19","2026-04-20",false,"None"
"CON-A195BC472D7A","APP-8710D32F0506","D1002","2026-04-19","2026-04-21",false,"None"
"CON-B1B66295B6F6","APP-F24639ACDDD7","D1002","2026-04-19","2026-04-21",false,"None"
"CON-F933850F33C1","APP-D272FDC4A1EE","D4471","2026-04-18","2026-04-20",false,"None"
"CON-59EA6A1E9D70","APP-092001292490","D1005","2026-04-19","2026-04-20",false,"None"
"CON-40D473B5ACC7","APP-43047CFD3325","D1004","2026-04-19","2026-04-20",false,"None"
"CON-89F166B63411","APP-06736D7FA463","D1009","2026-04-18","2026-04-21",false,"None"
"CON-9F96EA2A7167","APP-D70960D36E8E","D1005","2026-04-18","2026-04-19",false,"None"
"CON-4396D432FEA1","APP-8244A67910F8","D1005","2026-04-18","2026-04-20",false,"None"
"CON-2890CDA492D2","APP-A347E43F0E6D","D1009","2026-04-18","2026-04-19",false,"None"
"CON-759EA9D88B77","APP-E2E885DEA6F6","D4471","2026-04-19","2026-04-20",false,"None"
"CON-097F59E1867C","APP-07CFBC539943","D1012","2026-04-18","2026-04-21",false,"None"
"CON-6D232B9819AC","APP-6E944D38A6B9","D1008","2026-04-20","2026-04-23",false,"None"
"CON-82CF60CC1BD4","APP-334353ECCEA3","D1010","2026-04-19","2026-04-20",false,"None"
"CON-6F04C216BCE4","APP-B9299EE8E5EE","D1010","2026-04-19","2026-04-22",false,"None"
"CON-7013070A498E","APP-0C842E5D29C4","D1003","2026-04-20","2026-04-22",false,"None"
"CON-13E337160417","APP-87FB5341DF09","D4471","2026-04-19","2026-04-21",false,"None"
"CON-417D10B874E5","APP-AF6DA55E6D06","D4471","2026-04-20","2026-04-24",true,"Proof_Of_Residence"
"CON-A3374477DA8B","APP-AE6719486D3F","D1008","2026-04-19","2026-04-23",false,"None"
"CON-F133CACB9B52","APP-F7B96B0459FE","D1003","2026-04-19","2026-04-20",false,"None"
"CON-FFA00DD39F07","APP-0BB1D830CF80","D1003","2026-04-20","2026-04-22",false,"None"
"CON-14E4449B8FFE","APP-0CD2E585FB92","D1003","2026-04-20","2026-04-22",false,"None"
"CON-CC0D44208588","APP-A78B61210924","D1004","2026-04-20","2026-04-21",false,"None"
"CON-CEF1A4861117","APP-554392CEA56B","D1004","2026-04-19","2026-04-21",false,"None"
"CON-8590E628D4B8","APP-7429708005AB","D1002","2026-04-20","2026-04-22",false,"None"
"CON-EC17CF675AB5","APP-4D4369ED919B","D1002","2026-04-20","2026-04-22",false,"None"
"CON-FEE079F374AE","APP-95E17F8F3B7C","D1002","2026-04-21","2026-04-22",false,"None"
"CON-8EBDA2DE2DD1","APP-767DC4C742CB","D1004","2026-04-21","2026-04-23",false,"None"
"CON-AAB2F1A99172","APP-7A832EEBE859","D1004","2026-04-21","2026-04-24",true,"Document_Error"
"CON-A6D450ED6DE5","APP-3C586511E470","D1002","2026-04-21","2026-04-23",false,"None"
"CON-941A5B24CE35","APP-5F8DC68CCB07","D1005","2026-04-20","2026-04-21",false,"None"
"CON-5244BB5467E1","APP-4AF9F6D419D8","D1005","2026-04-21","2026-04-23",false,"None"
"CON-9DED5D93582B","APP-FA7759C4BA32","D1001","2026-04-20","2026-04-22",false,"None"
"CON-F2A553B7BDD8","APP-B5A25C319FAB","D1007","2026-04-21","2026-04-24",false,"None"
"CON-9FC0D72F842C","APP-A2E6C59368C9","D1007","2026-04-21","2026-04-25",false,"None"
"CON-73F6C0D0739B","APP-86BEC6F5495C","D1001","2026-04-19","2026-04-21",false,"None"
"CON-97E5233581DE","APP-85240F500662","D1010","2026-04-21","2026-04-24",false,"None"
"CON-E1C7462E9270","APP-5038AB2F4E7A","D1011","2026-04-21","2026-04-24",false,"None"
"CON-33D6BFEC56BE","APP-5FDBAB2A5299","D1006","2026-04-20","2026-04-21",false,"None"
"CON-35B55B22BCEC","APP-28F0F45D26D0","D1006","2026-04-19","2026-04-21",false,"None"
"CON-B20B1C1DD41F","APP-A7A8CC123957","D1001","2026-04-21","2026-04-22",false,"None"
"CON-E4D5C7924948","APP-D6F0AC7589B9","D1001","2026-04-19","2026-04-21",false,"None"
"CON-0CF61FACFAF9","APP-0D4D72957866","D4471","2026-04-21","2026-04-23",false,"None"
"CON-F72D3EEAE014","APP-72EDE82EDD20","D1008","2026-04-21","2026-04-26",true,"Proof_Of_Residence"
"CON-397E7175DAB8","APP-F234B9D84DC4","D1013","2026-04-19","2026-04-20",false,"None"
"CON-4905127C4C17","APP-4CE718EF9CA6","D1014","2026-04-21","2026-04-25",false,"None"
"CON-AE926CD065A9","APP-FDB136E7B1C1","D1004","2026-04-21","2026-04-23",false,"None"
"CON-4BA6F8931569","APP-6DACFA7E438D","D1004","2026-04-20","2026-04-22",false,"None"
"CON-0AF6AE1C0868","APP-73527B014292","D1009","2026-04-21","2026-04-24",false,"None"
"CON-855C5D4D9DE7","APP-37BB045B3CBA","D1005","2026-04-20","2026-04-21",false,"None"
"CON-6FC98DED561B","APP-7D5911D8780E","D1002","2026-04-22","2026-04-23",false,"None"
"CON-515C08708FBC","APP-2C49B0C0DAA0","D1002","2026-04-20","2026-04-21",false,"None"
"CON-38C7669536F8","APP-BC97CCFC8776","D1002","2026-04-22","2026-04-23",false,"None"
"CON-0C0A0C543D25","APP-9CDB513B0E18","D1005","2026-04-20","2026-04-22",false,"None"
"CON-7681DEDCF640","APP-F866BA485991","D1005","2026-04-20","2026-04-22",false,"None"
"CON-3A53B635CBCE","APP-0310BA559A32","D1005","2026-04-21","2026-04-22",false,"None"
"CON-7310F9D5B27D","APP-9BA6BF9E8281","D1010","2026-04-21","2026-04-24",false,"None"
"CON-DEFBEB3C73E5","APP-22685AB24B41","D1011","2026-04-22","2026-04-24",false,"None"
"CON-602A14AAB019","APP-64F0D338651C","D1011","2026-04-21","2026-04-24",false,"None"
"CON-2683BFA468A1","APP-ED0D85F987EB","D1011","2026-04-21","2026-04-23",false,"None"
"CON-8A30B1B8A9CB","APP-6085B2B50B0D","D1011","2026-04-22","2026-04-23",false,"None"
"CON-A9191AAD8584","APP-798C03424DD7","D1009","2026-04-20","2026-04-22",false,"None"
"CON-3B767D7E005B","APP-59FDF3D75072","D1003","2026-04-22","2026-04-24",false,"None"
"CON-A0C70B074CE0","APP-8EADBCD3C671","D1001","2026-04-22","2026-04-23",false,"None"
"CON-3E577BAC799E","APP-D012DD717732","D1001","2026-04-20","2026-04-22",false,"None"
"CON-3026A2E4DF94","APP-FB3E03729F89","D1001","2026-04-20","2026-04-22",false,"None"
"CON-14229F8A81CD","APP-FF4C22033C9F","D1001","2026-04-22","2026-04-24",false,"None"
"CON-9F1C7BE7C564","APP-6330D9FD2CAF","D1001","2026-04-21","2026-04-22",false,"None"
"CON-40CDA41DD78E","APP-B6232CE319A2","D1007","2026-04-22","2026-04-23",false,"None"
"CON-2F980BFB88CB","APP-64DDDEEABC79","D1003","2026-04-20","2026-04-21",false,"None"
"CON-02D4FB13A526","APP-877C934D9BA7","D1003","2026-04-20","2026-04-22",false,"None"
"CON-9214435CECA7","APP-CFEE5D6A176F","D1003","2026-04-22","2026-04-24",false,"None"
"CON-8A6F92D7E0B8","APP-25AEDAD78177","D1004","2026-04-21","2026-04-23",false,"None"
"CON-7E7D9A0602A4","APP-FC53FC22ADD0","D1003","2026-04-21","2026-04-23",false,"None"
"CON-018EEE108978","APP-2C05BF4024CA","D1003","2026-04-21","2026-04-24",false,"None"
"CON-B84E50611F4F","APP-F0DC49932BA6","D1015","2026-04-20","2026-04-26",false,"None"
"CON-2F2F986E3CE9","APP-499D92053CF0","D1008","2026-04-21","2026-04-26",true,"Document_Error"
"CON-F77A2EAC5697","APP-3EE4BB2D7CA4","D1008","2026-04-20","2026-04-23",false,"None"
"CON-5D3EC92A4F9E","APP-2649C34CFA6F","D1004","2026-04-22","2026-04-24",false,"None"
"CON-53C70F3ACC75","APP-0BDD8770ECE3","D1007","2026-04-21","2026-04-25",true,"Document_Error"
"CON-1AD658617773","APP-7AB2EC223FB1","D1007","2026-04-21","2026-04-24",false,"None"
"CON-3AC8447363BF","APP-3FBA56D2BE7A","D4471","2026-04-22","2026-04-24",false,"None"
"CON-287C0FFF4B49","APP-07AEF8C1909E","D4471","2026-04-21","2026-04-23",false,"None"
"CON-6EF90F8DAB02","APP-ABDCFBC2AB3D","D1006","2026-04-21","2026-04-24",false,"None"
"CON-83B5E135575C","APP-D037EB224A9A","D1009","2026-04-22","2026-04-24",false,"None"
"CON-85638D9472C8","APP-224521F4B441","D1005","2026-04-23","2026-04-24",false,"None"
"CON-B8CCDFFEF406","APP-B7563AD44D94","D1005","2026-04-21","2026-04-22",false,"None"
"CON-8F66D741ADE2","APP-FD0CD39B39C0","D1005","2026-04-21","2026-04-22",false,"None"
"CON-6CDF9541A270","APP-1C578A623AD5","D1012","2026-04-22","2026-04-23",false,"None"
"CON-59F130FFBB89","APP-031B059FD090","D1005","2026-04-23","2026-04-25",false,"None"
"CON-D988132CA52F","APP-35C281FE54C0","D1008","2026-04-22","2026-04-24",false,"None"
"CON-72DC86CDBD85","APP-D62376DC0BD3","D1008","2026-04-23","2026-04-25",false,"None"
"CON-355F60A9DB4B","APP-04CE30FA4A82","D1008","2026-04-23","2026-04-26",false,"None"
"CON-90200403C74A","APP-3D581CA16F20","D1004","2026-04-23","2026-04-25",false,"None"
"CON-D555FFC26C80","APP-1CF87A41BADA","D1005","2026-04-22","2026-04-23",false,"None"
"CON-6651F9B6BE2F","APP-DFAA424E347E","D1004","2026-04-23","2026-04-25",false,"None"
"CON-2C724736A010","APP-AB2EE401A326","D1009","2026-04-22","2026-04-24",false,"None"
"CON-D8A81924A15D","APP-1E9A5816D761","D1005","2026-04-21","2026-04-22",false,"None"
"CON-71CF8D793FD4","APP-B05221DF8696","D1009","2026-04-23","2026-04-26",false,"None"
"CON-D27411246292","APP-08839FB02311","D1001","2026-04-22","2026-04-26",true,"Document_Error"
"CON-72F7223B270E","APP-4E035616FA57","D1001","2026-04-21","2026-04-23",false,"None"
"CON-DEF467043EF9","APP-5A859D9C18BA","D1001","2026-04-23","2026-04-24",false,"None"
"CON-DC489C1A1518","APP-37429467C273","D1001","2026-04-23","2026-04-24",false,"None"
"CON-C108924DD8E8","APP-7BA3CB2ED7DA","D1007","2026-04-21","2026-04-23",false,"None"
"CON-8D5E89885587","APP-12D3407C2DF9","D1010","2026-04-21","2026-04-24",false,"None"
"CON-261139F64BCC","APP-83247E04DF18","D1010","2026-04-23","2026-04-28",false,"None"
"CON-21255579B711","APP-A3554100CB0B","D1001","2026-04-23","2026-04-24",false,"None"
"CON-C134DE557E73","APP-66E2B738A606","D1001","2026-04-23","2026-04-25",false,"None"
"CON-B7251F2B8D07","APP-C90494A78DBD","D1001","2026-04-22","2026-04-24",false,"None"
"CON-1614AC60C41A","APP-3A8C0D356D4B","D1007","2026-04-21","2026-04-23",false,"None"
"CON-21A2D429B0CD","APP-50231CE2002B","D1002","2026-04-21","2026-04-22",false,"None"
"CON-A9F4B20B8C8F","APP-8683B598F17F","D1012","2026-04-21","2026-04-24",false,"None"
"CON-AD5257889BA4","APP-77FA63866F3F","D1003","2026-04-22","2026-04-24",false,"None"
"CON-A79A98826D0E","APP-C4CECF5469DD","D1003","2026-04-21","2026-04-22",false,"None"
"CON-69569807E8FB","APP-B555DA55C146","D1003","2026-04-23","2026-04-25",false,"None"
"CON-2B838E1B2628","APP-FC35AF431F24","D1003","2026-04-22","2026-04-23",false,"None"
"CON-06D425250DF2","APP-714F0B4725E3","D1003","2026-04-22","2026-04-24",false,"None"
"CON-003ED7C3B67D","APP-445A3EF63234","D1006","2026-04-23","2026-04-27",false,"None"
"CON-ACD62181C0E9","APP-0BF83B554EB6","D1005","2026-04-22","2026-04-24",false,"None"
"CON-E6BFB705EB3C","APP-3F61FCBDD833","D1002","2026-04-21","2026-04-22",false,"None"
"CON-087B1379D6AF","APP-43D11203B0BE","D1002","2026-04-23","2026-04-25",false,"None"
"CON-24892367351A","APP-A60A561B51F6","D1015","2026-04-23","2026-04-27",false,"None"
"CON-8F8CA1C059CC","APP-A54F2EFC993C","D1002","2026-04-23","2026-04-29",true,"Proof_Of_Residence"
"CON-EA2A6A12D72A","APP-8105BECF5FA1","D1005","2026-04-22","2026-04-24",false,"None"
"CON-FC6BFF8DF446","APP-3DFB9A4B0A93","D1013","2026-04-21","2026-04-24",false,"None"
"CON-935F8A47C934","APP-7B1F08830282","D1002","2026-04-22","2026-04-23",false,"None"
"CON-B74E0CC87B13","APP-0D0A85D43F1D","D1002","2026-04-22","2026-04-23",false,"None"
"CON-C8B608E832A5","APP-8D63E4536775","D4471","2026-04-23","2026-04-26",false,"None"
"CON-522CE3DCB83B","APP-FD273673A6F7","D4471","2026-04-22","2026-04-24",false,"None"
"CON-0E8FC8241CE4","APP-7FEA80D66197","D4471","2026-04-21","2026-04-22",false,"None"
"CON-64815DE92EA2","APP-6129FCB5C8B7","D1006","2026-04-24","2026-04-25",false,"None"
"CON-89E536BC1A3D","APP-0C570541B83F","D4471","2026-04-22","2026-04-24",false,"None"
"CON-83F78BB28358","APP-8090B404D825","D4471","2026-04-22","2026-04-23",false,"None"
"CON-A6C3E1BC75C1","APP-DCEEFF86067E","D1006","2026-04-23","2026-04-28",true,"Document_Error"
"CON-6A82D5E7A1F5","APP-19B93558DB5D","D1011","2026-04-24","2026-04-27",false,"None"
"CON-F7CACA4E20D6","APP-F679F56E7AA8","D4471","2026-04-22","2026-04-25",false,"None"
"CON-9627CF7A8573","APP-5DD5E720B5EF","D1009","2026-04-23","2026-04-27",false,"None"
"CON-E046E0639BB6","APP-C9D307DA5923","D1005","2026-04-23","2026-04-24",false,"None"
"CON-436E3F991C24","APP-0F95061C3B60","D1006","2026-04-22","2026-04-25",false,"None"
"CON-BEA5CF1E3C22","APP-F29F09E14147","D4471","2026-04-22","2026-04-26",false,"None"
"CON-BF8083F71A5C","APP-89CD4D82EF0A","D1009","2026-04-22","2026-04-25",false,"None"
"CON-7E4F92FD3E90","APP-60B7C78AF3B3","D1005","2026-04-22","2026-04-23",false,"None"
"CON-7EBE6D46BA83","APP-C2E090D396E4","D1005","2026-04-24","2026-04-26",false,"None"
"CON-EEE77FA62E5E","APP-FD118D79DFC4","D1005","2026-04-22","2026-04-23",false,"None"
"CON-40C79B3E9818","APP-089FD7FC0FE8","D1005","2026-04-22","2026-04-24",false,"None"
"CON-09BEF1E0C2D9","APP-162D3089D886","D1002","2026-04-22","2026-04-24",false,"None"
"CON-AE2BFC4348B5","APP-BF677ABFD4E8","D1008","2026-04-23","2026-04-26",false,"None"
"CON-9B491B58C384","APP-E06A744A8587","D1008","2026-04-24","2026-04-26",false,"None"
"CON-F94BAEB846C7","APP-DFB52992C081","D1013","2026-04-24","2026-04-28",false,"None"
"CON-0FF7923A4CE0","APP-7024A39FAE1E","D1002","2026-04-23","2026-04-24",false,"None"
"CON-24D43BDFB1CD","APP-7F1A800F6925","D1002","2026-04-23","2026-04-24",false,"None"
"CON-85237198ABB6","APP-79DA43BD70DB","D1002","2026-04-23","2026-04-25",false,"None"
"CON-20EEAAFAE7A5","APP-3084D75B0E1E","D1002","2026-04-23","2026-04-24",false,"None"
"CON-BC41229DE278","APP-7276A46EDE77","D1002","2026-04-24","2026-04-25",false,"None"
"CON-FC86CAC34845","APP-B60BC62E0BA7","D1007","2026-04-22","2026-04-26",true,"Income_Verification"
"CON-A25404EC20C5","APP-E6C9DF4CC249","D1003","2026-04-24","2026-04-25",false,"None"
"CON-AFB6B67406E2","APP-E5B5C03DF77C","D1012","2026-04-24","2026-04-26",false,"None"
"CON-4B4101C4A334","APP-4AFAD837B87E","D1012","2026-04-23","2026-04-25",false,"None"
"CON-68A6088247B4","APP-B09396CAFE66","D1004","2026-04-24","2026-04-26",false,"None"
"CON-FC4D27D4A678","APP-54F55960CEA1","D1004","2026-04-22","2026-04-24",false,"None"
"CON-5A5A753229D7","APP-1BD1203DDC69","D1004","2026-04-23","2026-04-25",false,"None"
"CON-7C604ACB863A","APP-8E6F7FEE6A05","D1004","2026-04-22","2026-04-24",false,"None"
"CON-ECCD44C0C8BA","APP-8E5B9A85B538","D1003","2026-04-24","2026-04-26",false,"None"
"CON-03CACA05B82C","APP-2A8ADD5683FA","D1007","2026-04-24","2026-04-26",false,"None"
"CON-AC60625638C6","APP-3CCF5C4758CD","D1010","2026-04-24","2026-04-29",true,"Document_Error"
"CON-99627312E3E3","APP-B8C8950CDA52","D1010","2026-04-24","2026-04-27",false,"None"
"CON-4A90E7925BAF","APP-4269B2436F2F","D1001","2026-04-22","2026-04-24",false,"None"
"CON-BF5583652E3A","APP-679069D96512","D1010","2026-04-24","2026-04-26",false,"None"
"CON-8E1C2E7C5CA4","APP-FED3DECE1A42","D1001","2026-04-24","2026-04-26",false,"None"
"CON-EFBF8F9AE7F6","APP-465E0D917D13","D1011","2026-04-22","2026-04-25",false,"None"
"CON-A10264ABF3C4","APP-20F26B0A4441","D1001","2026-04-23","2026-04-24",false,"None"
"CON-27E1103C4B6C","APP-2942587A78F6","D1001","2026-04-22","2026-04-23",false,"None"
"CON-D3F7DDC27A39","APP-11EFBDB73FC0","D1001","2026-04-23","2026-04-25",false,"None"
"CON-40C0BD86C47F","APP-345A96A441B5","D1001","2026-04-24","2026-04-26",false,"None"
"CON-B552F708F0F9","APP-7A43A2F8C6A5","D1008","2026-04-23","2026-04-24",false,"None"
"CON-1713FF6A6CBB","APP-8C359B57CABD","D1004","2026-04-25","2026-04-26",false,"None"
"CON-E1334E9889BF","APP-C3FA49BFD79D","D1010","2026-04-24","2026-04-28",false,"None"
"CON-A3AE5B6D1646","APP-D2B7F3C7AAD7","D1004","2026-04-25","2026-04-27",false,"None"
"CON-1B5026E09696","APP-5DC0D8F87A98","D1004","2026-04-24","2026-04-25",false,"None"
"CON-164F2B64CC6E","APP-E4CE8D259646","D1009","2026-04-23","2026-04-29",true,"Document_Error"
"CON-60BA7FAB0473","APP-3876C48043BA","D4471","2026-04-23","2026-04-28",true,"Document_Error"
"CON-32015D1EF959","APP-A09FE2E6E42B","D1004","2026-04-24","2026-04-25",false,"None"
"CON-FCC5794F1303","APP-A18B2E296BDF","D1004","2026-04-25","2026-04-28",true,"Document_Error"
"CON-C0C22A8068F4","APP-1FE5E6820A6F","D1004","2026-04-23","2026-04-24",false,"None"
"CON-A2A64DC85DB8","APP-8FCCB895525E","D1012","2026-04-25","2026-04-28",false,"None"
"CON-818953892A8F","APP-34E8E5C705AC","D1011","2026-04-24","2026-05-02",true,"Document_Error"
"CON-847449808983","APP-6B1CABD0E13B","D1001","2026-04-25","2026-04-27",false,"None"
"CON-4A1D8E75EA2F","APP-D5AF92F7B8F8","D1001","2026-04-23","2026-04-25",false,"None"
"CON-9F1FB2471CB5","APP-06598129A75F","D1001","2026-04-23","2026-04-24",false,"None"
"CON-7C53F575ACD5","APP-7F03986E34CD","D1001","2026-04-23","2026-04-24",false,"None"
"CON-76EA69428E0C","APP-ABBD2BB05DAA","D1005","2026-04-24","2026-04-26",false,"None"
"CON-752E79EC12A4","APP-6E6E9B4A08C3","D1008","2026-04-24","2026-04-27",false,"None"
"CON-63A7FD6C2B51","APP-6A8E3BC948A8","D1007","2026-04-23","2026-04-28",false,"None"
"CON-0868A4F101C9","APP-268D4A1023A0","D1007","2026-04-25","2026-04-29",false,"None"
"CON-5F0271F144E1","APP-44C4757770CF","D1007","2026-04-24","2026-04-27",false,"None"
"CON-61E644C3D54A","APP-205C8DB9D66B","D1007","2026-04-24","2026-04-27",false,"None"
"CON-0979A9752C0F","APP-CD581B3B4345","D1006","2026-04-23","2026-04-26",false,"None"
"CON-8AB5390487BC","APP-2DAA72E730BA","D1002","2026-04-25","2026-04-26",false,"None"
"CON-0871FDC18172","APP-278E1C425292","D1002","2026-04-24","2026-04-26",false,"None"
"CON-68A134037704","APP-104F310FF9C2","D1002","2026-04-25","2026-04-26",false,"None"
"CON-BF1AA35A5DEE","APP-C3061DD4BA82","D1003","2026-04-24","2026-04-25",false,"None"
"CON-A802AB961F5A","APP-779E53856E8A","D1003","2026-04-24","2026-04-26",false,"None"
"CON-A9570448FBDF","APP-A17AC854B5EA","D1005","2026-04-24","2026-04-25",false,"None"
"CON-42074C968264","APP-71342E6CF9F3","D1005","2026-04-23","2026-04-24",false,"None"
"CON-BC0F4F257907","APP-D7815C549EF2","D4471","2026-04-25","2026-04-26",false,"None"
"CON-54ABE0DD1E0A","APP-9C911F7E1FE6","D1005","2026-04-24","2026-04-28",true,"Proof_Of_Residence"
"CON-09CD53540A02","APP-820A74DA5F85","D1005","2026-04-25","2026-04-26",false,"None"
"CON-0EDF5B53BE71","APP-A683E35579EA","D1005","2026-04-23","2026-04-25",false,"None"
"CON-136819DBE49B","APP-B604EF17D86E","D1005","2026-04-23","2026-04-25",false,"None"
"CON-71C67010E782","APP-74D4DDEA7D4A","D4471","2026-04-23","2026-04-25",false,"None"
"CON-E9AFAC29B4E7","APP-993F57980AD7","D4471","2026-04-24","2026-04-26",false,"None"
"CON-E30B7910BE94","APP-C74F36D8FC51","D4471","2026-04-24","2026-04-27",false,"None"
"CON-5B1F5D7B068E","APP-17934A3CD134","D4471","2026-04-24","2026-04-25",false,"None"
"CON-F6509ACF97D7","APP-CBB0A106A905","D4471","2026-04-23","2026-04-25",false,"None"
"CON-AB90BBC6AFD4","APP-D2532DF81285","D1005","2026-04-23","2026-04-25",false,"None"
"CON-1BBFE36ADC5F","APP-8FB7F4042C6D","D1004","2026-04-26","2026-04-27",false,"None"
"CON-38E4BE8A2944","APP-2CDB6E71F864","D1001","2026-04-25","2026-04-27",false,"None"
"CON-8E39CEB2274B","APP-84B865F0E362","D1001","2026-04-25","2026-04-26",false,"None"
"CON-C23931240529","APP-14D081255A2D","D1001","2026-04-25","2026-04-27",false,"None"
"CON-6BD99BB0A4C0","APP-050718FB8D08","D1001","2026-04-26","2026-04-27",false,"None"
"CON-584F6B360B43","APP-5C82121746C4","D1011","2026-04-24","2026-04-25",false,"None"
"CON-5AA42D5A801B","APP-C691B5FBDA3C","D1011","2026-04-26","2026-05-02",true,"Document_Error"
"CON-0692FDDE5541","APP-139B1CC22899","D1003","2026-04-26","2026-04-27",false,"None"
"CON-D781CC4D003C","APP-FA345A1ED6A2","D1003","2026-04-24","2026-04-25",false,"None"
"CON-970B67530585","APP-1C23ECB6A8ED","D1003","2026-04-26","2026-04-27",false,"None"
"CON-0B259E508815","APP-658C23422A13","D1002","2026-04-25","2026-04-26",false,"None"
"CON-54EDC18E9F85","APP-F3D702190289","D1015","2026-04-25","2026-04-29",true,"Document_Error"
"CON-289A7EC50D62","APP-14EA60A592D2","D1008","2026-04-26","2026-04-27",false,"None"
"CON-E4FD98A43447","APP-A02EBDE456AB","D1002","2026-04-26","2026-04-27",false,"None"
"CON-C595820BB8DF","APP-5136BE154BF1","D1002","2026-04-26","2026-04-27",false,"None"
"CON-92675D19FEEF","APP-15B6C7A2EDED","D1002","2026-04-26","2026-04-28",false,"None"
"CON-FADF83C7D060","APP-8297E805B4D3","D1002","2026-04-25","2026-04-29",true,"Document_Error"
"CON-A222337E1823","APP-44948D0F18F8","D1002","2026-04-24","2026-04-26",false,"None"
"CON-77FDC39FBD92","APP-58A02CE9E1EF","D1002","2026-04-25","2026-04-26",false,"None"
"CON-D4CADDDE7C23","APP-781FF067C8B1","D1008","2026-04-26","2026-04-30",true,"Income_Verification"
"CON-47741A7BB2EE","APP-1A469484DE47","D1005","2026-04-26","2026-04-27",false,"None"
"CON-75D36C0A9CAB","APP-879DCA1223AD","D1005","2026-04-25","2026-04-27",false,"None"
"CON-F798795C8F43","APP-AA5FB1ED696E","D1005","2026-04-25","2026-04-28",false,"None"
"CON-2488DA666F62","APP-B744F62841AA","D1005","2026-04-25","2026-04-27",true,"Document_Error"
"CON-EDF045A41784","APP-BF1EF83FAFBE","D1005","2026-04-26","2026-04-28",false,"None"
"CON-AE0DC174A813","APP-885BBE2588DE","D4471","2026-04-24","2026-04-25",false,"None"
"CON-AD4C64344B18","APP-FF2C2BDFD628","D4471","2026-04-24","2026-04-26",false,"None"
"CON-DE774F98C91F","APP-A31DEB7AB84C","D4471","2026-04-26","2026-04-28",false,"None"
"CON-3CB0C979B16E","APP-29559C4316AA","D4471","2026-04-26","2026-04-28",false,"None"
"CON-D7B14161B1DF","APP-F72DD72A6B31","D1010","2026-04-25","2026-04-28",false,"None"
"CON-B067D6816647","APP-0A4262321323","D1010","2026-04-26","2026-04-29",false,"None"
"CON-7D6882E34956","APP-325A709C40AD","D1005","2026-04-26","2026-04-27",false,"None"
"CON-AEF2088A2EB4","APP-9E47A3A3ADEE","D1009","2026-04-25","2026-04-27",false,"None"
"CON-FAADA9C5B2DC","APP-D2F56B15327B","D1007","2026-04-25","2026-04-27",false,"None"
"CON-D4C4BF09D48B","APP-D6F1CD1874E5","D1007","2026-04-25","2026-04-28",false,"None"
"CON-A528CAF5FFBE","APP-3CCBB8780560","D1007","2026-04-24","2026-04-28",false,"None"
"CON-34FC3171C7BC","APP-2CEC6D5DA507","D1002","2026-04-27","2026-04-28",false,"None"
"CON-E9C8B4F42BEC","APP-6C0758BD74A5","D1003","2026-04-27","2026-04-28",false,"None"
"CON-9C7D341D4DEF","APP-5F1120F04074","D1003","2026-04-27","2026-04-28",false,"None"
"CON-1C15CE85BDBA","APP-5B546F8F137B","D1003","2026-04-26","2026-04-27",false,"None"
"CON-3E854251E713","APP-A9B948D11D32","D1003","2026-04-25","2026-04-27",false,"None"
"CON-E8715ACC7706","APP-37805F7E5307","D1003","2026-04-27","2026-04-28",false,"None"
"CON-F167738AFE61","APP-67A7A12E1180","D1007","2026-04-27","2026-05-01",true,"Document_Error"
"CON-1E0640EA599F","APP-B6194F025965","D1001","2026-04-27","2026-04-28",false,"None"
"CON-AC33DF8C9E95","APP-D3A589B0372F","D1005","2026-04-25","2026-04-26",false,"None"
"CON-211799C392A5","APP-AB5EA3D7FF32","D1005","2026-04-25","2026-04-27",false,"None"
"CON-D1228A47BDC2","APP-56446B74F7DD","D1002","2026-04-26","2026-04-27",false,"None"
"CON-F6AC89358FE9","APP-28FE923CD30C","D1012","2026-04-25","2026-04-27",false,"None"
"CON-E85EFD022CDE","APP-C4A70268DA1B","D1004","2026-04-27","2026-04-28",false,"None"
"CON-1AFDAB0C02E0","APP-17C3D2D747A9","D1005","2026-04-25","2026-04-26",false,"None"
"CON-A15928334090","APP-86E941B4E56F","D1001","2026-04-27","2026-05-01",true,"Proof_Of_Residence"
"CON-D5E2FF03AE68","APP-51248ECDE328","D1011","2026-04-27","2026-04-30",false,"None"
"CON-CB69640AE569","APP-220F80D8F269","D1011","2026-04-26","2026-04-27",false,"None"
"CON-7211D51D7968","APP-2F288C9238D1","D1001","2026-04-26","2026-04-27",false,"None"
"CON-3F18FF469F6D","APP-C6A592AD69BC","D4471","2026-04-27","2026-04-28",false,"None"
"CON-283E14283070","APP-3F52553CA2A2","D1013","2026-04-25","2026-04-28",false,"None"
"CON-4EAEA410B4AF","APP-8728AC468D07","D4471","2026-04-26","2026-04-28",false,"None"
"CON-975EC8DD0756","APP-3BB78F15D0B3","D1004","2026-04-27","2026-04-28",false,"None"
"CON-EF8888D3F3BF","APP-71F3FFC1BEB5","D1004","2026-04-27","2026-04-28",false,"None"
"CON-5AD37BE67D20","APP-59EF3BAD41B8","D1003","2026-04-28","2026-04-29",false,"None"
"CON-FAB776C33C02","APP-E669B59A9881","D1003","2026-04-27","2026-04-29",false,"None"
"CON-46F098AC09EA","APP-6D9686BEC70B","D1003","2026-04-28","2026-04-30",false,"None"
"CON-7DB2061A10AF","APP-C6A71168B210","D1002","2026-04-28","2026-04-29",false,"None"
"CON-289AD2C3638E","APP-E5CC964A314B","D1002","2026-04-26","2026-04-27",false,"None"
"CON-10EAC4C58BFB","APP-493E4BF8D80D","D4471","2026-04-28","2026-05-01",false,"None"
"CON-CBACF2EC8313","APP-CD1D6AFC9032","D1015","2026-04-27","2026-04-29",false,"None"
"CON-F0AE7E2443ED","APP-B596B1E9225A","D1001","2026-04-28","2026-04-30",false,"None"
"CON-8A67DA4D8C6B","APP-BC54E13469F4","D1001","2026-04-28","2026-04-30",false,"None"
"CON-6DF6AF295987","APP-186CC1794C72","D1003","2026-04-26","2026-04-27",false,"None"
"CON-3E02C4DD8852","APP-4FE7F8CB2CEB","D1007","2026-04-26","2026-04-28",false,"None"
"CON-227DB6FE2BEE","APP-9D7956C65AA9","D1009","2026-04-28","2026-05-01",false,"None"
"CON-9C493911EDA5","APP-F78602027C74","D1012","2026-04-28","2026-05-02",false,"None"
"CON-147B4E546B45","APP-C4DB423F271C","D1011","2026-04-28","2026-04-30",false,"None"
"CON-50DEB38B81BB","APP-F2B60A63D1F1","D1010","2026-04-27","2026-04-29",false,"None"
"CON-8591AFAA9AB8","APP-D8678ACC276E","D1005","2026-04-27","2026-04-28",false,"None"
"CON-787D9D2F774C","APP-AE560708D25B","D1004","2026-04-26","2026-04-28",false,"None"
"CON-62F80AA568A9","APP-794D8CCC346E","D1004","2026-04-26","2026-04-28",false,"None"
"CON-46F55F989719","APP-12FBD97BD8A5","D1004","2026-04-26","2026-04-27",false,"None"
"CON-B62ABBB076D9","APP-8018D50EFD8E","D1004","2026-04-28","2026-04-30",false,"None"
"CON-5980628C6D7E","APP-0EFBB5D29B8E","D1005","2026-04-28","2026-04-30",false,"None"
"CON-B7A7A4EE1530","APP-DB65338042B4","D1009","2026-04-26","2026-04-29",false,"None"
"CON-D2F53F94B6DC","APP-D87050B589D5","D1008","2026-04-27","2026-04-30",false,"None"
"CON-FF4615850F67","APP-8808D1F06666","D1001","2026-04-29","2026-04-30",false,"None"
"CON-119C0D619437","APP-A44A332DC3F0","D1011","2026-04-29","2026-04-30",false,"None"
"CON-B9DFCFC74A97","APP-9CF758303B5E","D1003","2026-04-28","2026-04-29",false,"None"
"CON-32B07D840F8A","APP-67D900EAD0F9","D1005","2026-04-29","2026-05-01",false,"None"
"CON-495D13B6AA7A","APP-48E71B14F44B","D1007","2026-04-27","2026-04-29",false,"None"
"CON-750C3FC4BA96","APP-446DF7C7BB9D","D1007","2026-04-27","2026-04-29",false,"None"
"CON-38F634D06791","APP-A01A60CD659B","D1007","2026-04-27","2026-05-02",false,"None"
"CON-847922CC82DF","APP-4A670D20AF48","D1005","2026-04-29","2026-05-01",false,"None"
"CON-9DFA63F1895F","APP-1F57AD08CA3D","D1005","2026-04-27","2026-05-01",true,"Document_Error"
"CON-AD19DD96F4DB","APP-FC042F344815","D1013","2026-04-27","2026-05-04",true,"Income_Verification"
"CON-44DB21D15685","APP-1473A8B93087","D1005","2026-04-28","2026-04-29",false,"None"
"CON-B744AC81D28C","APP-A6D0D61308D8","D1006","2026-04-28","2026-05-02",false,"None"
"CON-5295BF7F3BEF","APP-A0CC31EF49A6","D1006","2026-04-27","2026-04-28",false,"None"
"CON-CDFD08939B98","APP-456527279A5A","D1006","2026-04-29","2026-05-03",false,"None"
"CON-288A5B254A27","APP-2D4439BF6694","D1010","2026-04-28","2026-04-30",false,"None"
"CON-7879B15AF452","APP-B081F3FED84F","D4471","2026-04-27","2026-04-28",false,"None"
"CON-831C7B547987","APP-5585143A33B8","D1010","2026-04-29","2026-05-02",false,"None"
"CON-BC7102FFE4F0","APP-5A78FBD8ABA4","D1010","2026-04-27","2026-04-29",false,"None"
"CON-8C811020BD03","APP-548013CB49BD","D1005","2026-04-29","2026-05-03",true,"Document_Error"
"CON-5EB3FCC1581C","APP-5F6AAFFE2781","D1005","2026-04-28","2026-04-30",false,"None"
"CON-D81001532E3C","APP-1CB6172B5B6B","D1009","2026-04-28","2026-05-01",false,"None"
"CON-77125D514891","APP-55043E78E232","D1009","2026-04-29","2026-04-30",false,"None"
"CON-99EDA140E9C9","APP-4589559AAFF9","D1003","2026-04-27","2026-04-29",false,"None"
"CON-8C7F6855726F","APP-5187D13C8144","D1002","2026-04-29","2026-04-30",false,"None"
"CON-96BE00FBC05B","APP-A10B7DC77B72","D1003","2026-04-28","2026-05-04",true,"Document_Error"
"CON-914962D8A8CA","APP-C8AF09F7056A","D1002","2026-04-29","2026-04-30",false,"None"
"CON-5FD3C8B7000D","APP-FD25B11C4178","D1002","2026-04-27","2026-04-28",false,"None"
"CON-1DB0D76262F6","APP-C8798B65D567","D1003","2026-04-27","2026-04-28",false,"None"
"CON-60D7A677EEDD","APP-6A6B26F461AC","D1002","2026-04-27","2026-04-29",false,"None"
"CON-AE207775A7CB","APP-07CD2DD34979","D1004","2026-04-27","2026-04-28",false,"None"
"CON-4578710E0356","APP-48AE24273195","D1003","2026-04-27","2026-04-28",false,"None"
"CON-588E6FA6584A","APP-BA7BE43F1C30","D1002","2026-04-29","2026-05-01",false,"None"
"CON-EF0C435ADC27","APP-F76A8A097E05","D1002","2026-04-29","2026-05-01",false,"None"
"CON-8B6C358BC02F","APP-C332C1CD0AB7","D1012","2026-04-27","2026-05-02",true,"Income_Verification"
"CON-0494C5286C27","APP-410EAB33B86C","D1003","2026-04-28","2026-04-29",false,"None"
"CON-98472AE5EC86","APP-D30451FF2344","D1010","2026-04-29","2026-05-02",false,"None"
"CON-B50B0C02849B","APP-428A8CA8179E","D1003","2026-04-28","2026-04-29",false,"None"
"CON-0D15FEDDE56D","APP-EA0CFD8819B1","D1012","2026-04-28","2026-05-01",false,"None"
"CON-1F0F8D5DD986","APP-70DB544CE86B","D1007","2026-04-29","2026-05-03",false,"None"
"CON-E1C23E5F37B0","APP-827485F428FE","D1003","2026-04-29","2026-04-30",false,"None"
"CON-E9CDAE895653","APP-B585325A4570","D1004","2026-04-28","2026-04-30",false,"None"
"CON-374252A19447","APP-A01378BCEFE0","D1003","2026-04-30","2026-05-01",false,"None"
"CON-69F94F34A19A","APP-9D999FDAE38A","D1010","2026-04-30","2026-05-02",false,"None"
"CON-C214853EE7E9","APP-0F7D315D07C9","D1010","2026-04-28","2026-04-30",false,"None"
"CON-E076A539FDD0","APP-35FD1E2F3963","D1005","2026-04-30","2026-05-02",false,"None"
"CON-0ADC561325EA","APP-76435DDECB77","D1010","2026-04-29","2026-05-01",false,"None"
"CON-855C914ADB87","APP-D22F7771F1C4","D1010","2026-04-28","2026-05-01",false,"None"
"CON-FA56EC1D58B4","APP-F97897CDC44A","D4471","2026-04-29","2026-05-02",false,"None"
"CON-02D1EAED53CA","APP-C87DF2DCAFEF","D1006","2026-04-30","2026-05-03",false,"None"
"CON-96DB864E59D3","APP-CF0777B875B0","D1006","2026-04-29","2026-05-01",false,"None"
"CON-C76B081271DF","APP-0DA2F3F06CED","D4471","2026-04-28","2026-05-02",false,"None"
"CON-37F2C7917ACB","APP-CB6B3EF519F3","D4471","2026-04-30","2026-05-02",false,"None"
"CON-1421D89850B6","APP-1BF062E6C216","D4471","2026-04-30","2026-05-01",false,"None"
"CON-EF62AB4222BB","APP-61FD9D8769B7","D1001","2026-04-30","2026-05-02",false,"None"
"CON-9A3F7EC15A41","APP-3D2967DD6A01","D1002","2026-04-28","2026-04-30",false,"None"
"CON-EBC37BCBA692","APP-771B6CEFEAB1","D1002","2026-04-29","2026-05-01",false,"None"
"CON-B39280A79588","APP-B8947CD6964A","D1002","2026-04-29","2026-04-30",false,"None"
"CON-BC94D3D21EEE","APP-AF9296B7FC57","D1002","2026-04-28","2026-04-29",false,"None"
"CON-83F1AF46EE29","APP-C41DB7B4794D","D1002","2026-04-28","2026-04-30",false,"None"
"CON-C12CC6F3CB13","APP-382673129AD8","D1014","2026-04-30","2026-05-05",false,"None"
"CON-16752A924E3D","APP-00825F763D75","D1014","2026-04-28","2026-05-03",false,"None"
"CON-ABFE7902DA64","APP-AE7191EC3AEB","D1008","2026-04-29","2026-05-04",true,"Document_Error"
"CON-4356BF6F355E","APP-F01A1CADB4B2","D1009","2026-04-29","2026-05-01",false,"None"
"CON-4A4E3D425D03","APP-2EB7D2ACC714","D1001","2026-04-30","2026-05-02",false,"None"
"CON-F50DBCA0682F","APP-12BE01EDED36","D1004","2026-04-29","2026-04-30",false,"None"
"CON-F8FA6DAAE1FE","APP-DB95170D616C","D1001","2026-04-28","2026-04-29",false,"None"
"CON-B55D357F8ADC","APP-A0A2ED5D53D9","D1011","2026-04-28","2026-05-02",false,"None"
"CON-A50FF95EA7F3","APP-C8C727F0EC53","D1004","2026-04-29","2026-04-30",false,"None"
"CON-3CFDCCF89582","APP-C5B4233D3013","D1004","2026-04-30","2026-05-03",false,"None"
"CON-502484B0E8FF","APP-D778E266A7F9","D1005","2026-04-28","2026-04-29",false,"None"
"CON-F93C5F2CA192","APP-008D0D5AAB05","D1005","2026-04-29","2026-04-30",false,"None"
"CON-A81AA753F8A1","APP-849F540535A5","D1005","2026-04-28","2026-04-30",false,"None"
"CON-58321429642C","APP-CE2772527DA2","D1004","2026-04-30","2026-05-02",false,"None"
"CON-A757787125D0","APP-2D428B58AE0B","D1009","2026-05-01","2026-05-02",false,"None"
"CON-A530B7BACF58","APP-65E62323F4AE","D1005","2026-04-29","2026-05-03",true,"Document_Error"
"CON-1E1734ED89F1","APP-1CCB1B3ADAE2","D1004","2026-04-30","2026-05-01",false,"None"
"CON-A491972629D2","APP-076902C60ACE","D1005","2026-04-29","2026-05-05",true,"Document_Error"
"CON-BD5377A8AEDA","APP-EE4BE1782D69","D1005","2026-04-29","2026-04-30",false,"None"
"CON-6FDE190DB95A","APP-1FC91283D2E2","D1013","2026-04-30","2026-05-03",false,"None"
"CON-7E07759251E4","APP-E746ADA7C5A8","D1014","2026-04-30","2026-05-06",true,"Document_Error"
"CON-AC67EC492E22","APP-66C9109638CE","D1008","2026-04-30","2026-05-02",false,"None"
"CON-A0D8798CDA86","APP-71DD50BB4274","D1011","2026-04-30","2026-05-02",false,"None"
"CON-84D80D656DF1","APP-400795B0320D","D1011","2026-04-30","2026-05-02",false,"None"
"CON-992D807DB982","APP-904C59A400EE","D1011","2026-05-01","2026-05-03",false,"None"
"CON-96D08BF9F55B","APP-6C65D27F5C54","D1015","2026-04-30","2026-05-05",true,"Document_Error"
"CON-39D530687A48","APP-0630F61A7DB6","D1005","2026-05-01","2026-05-02",false,"None"
"CON-63C22E1B7884","APP-0BC6E3C55537","D4471","2026-04-29","2026-05-02",false,"None"
"CON-2811433B1B0A","APP-21F8FCB66169","D1005","2026-04-29","2026-05-01",false,"None"
"CON-C012F4CCB60E","APP-A5C8B285B613","D1012","2026-04-29","2026-05-02",false,"None"
"CON-9306C240A3BE","APP-D4D36575A7EF","D1007","2026-05-01","2026-05-03",false,"None"
"CON-DEAFE8181A0D","APP-06E00629F973","D1007","2026-04-29","2026-04-30",false,"None"
"CON-572E6E4416A3","APP-313D691418D0","D1010","2026-04-29","2026-05-02",false,"None"
"CON-03D02A91AEDC","APP-A5C4D46C53D0","D1006","2026-05-01","2026-05-04",false,"None"
"CON-F88622B27FE9","APP-AADB1A135AD1","D1004","2026-05-01","2026-05-03",false,"None"
"CON-298C495A2108","APP-F070D7D3AB24","D1004","2026-05-01","2026-05-03",false,"None"
"CON-62E1F313260F","APP-5C64DAFA0D48","D1004","2026-04-30","2026-05-01",false,"None"
"CON-F58565FBBFCA","APP-8B5E4A5916E6","D1002","2026-04-29","2026-04-30",false,"None"
"CON-DA59FA905AC0","APP-06DAF5ED7C0D","D1003","2026-04-30","2026-05-02",false,"None"
"CON-963507E22081","APP-7A4F55FC5168","D1003","2026-04-29","2026-05-01",false,"None"
"CON-D793F16749B2","APP-1EF938CF492D","D1003","2026-04-29","2026-04-30",false,"None"
"CON-DED723CAABD3","APP-085FCD697DB1","D1003","2026-04-29","2026-04-30",false,"None"
"CON-CAE585AC3FA2","APP-0363AD59F1F4","D1003","2026-04-30","2026-05-01",false,"None"
"CON-0123EE5996A8","APP-F9D9EC09B6DC","D1003","2026-04-30","2026-05-01",false,"None"
"CON-AD8F5C100D1E","APP-6BCFF0395AAA","D1002","2026-04-29","2026-04-30",false,"None"
"CON-B4DCD34E0084","APP-57085C9F4944","D1002","2026-05-01","2026-05-02",false,"None"
"CON-C2716A6DBCCC","APP-40AA645A62E3","D1002","2026-04-30","2026-05-02",false,"None"
"CON-12051A26845B","APP-CD5721E77023","D1003","2026-05-01","2026-05-03",true,"Document_Error"
"CON-5804AE032333","APP-52BB2ED24CD7","D1001","2026-04-30","2026-05-05",true,"Proof_Of_Residence"
"CON-767F06116028","APP-A6E734EED780","D1001","2026-04-30","2026-05-02",false,"None"
"CON-92D21F52FA2A","APP-5409E5AF1397","D1002","2026-04-29","2026-04-30",false,"None"
"CON-4EFCAF8B5842","APP-495A0D47520C","D1001","2026-05-01","2026-05-03",false,"None"
"CON-BD97EC03E4A5","APP-708198377511","D1001","2026-05-01","2026-05-02",false,"None"
"CON-5C7CBBA29C7C","APP-6A7D714625CF","D1001","2026-04-30","2026-05-01",false,"None"
"CON-FCA30A7A5958","APP-70D7318DD8D4","D4471","2026-05-02","2026-05-05",false,"None"
"CON-5F9AA52F3BDC","APP-BE1206C64152","D1001","2026-05-01","2026-05-02",false,"None"
"CON-FC881C901AFF","APP-62E3870E935B","D1009","2026-05-01","2026-05-05",true,"Document_Error"
"CON-3FAF3D90EB53","APP-DC941DC906B6","D1001","2026-04-30","2026-05-01",false,"None"
"CON-860954DA1276","APP-F10E12FEDB6E","D1011","2026-04-30","2026-05-03",false,"None"
"CON-50AD7EF79EFB","APP-6EE8048E3715","D1004","2026-05-01","2026-05-02",false,"None"
"CON-5A8648BC5F05","APP-4E69379CF59A","D1004","2026-05-02","2026-05-03",false,"None"
"CON-8DA62501954B","APP-4690532522CB","D1004","2026-05-01","2026-05-02",false,"None"
"CON-07351CEF7C46","APP-857738C9B93E","D1004","2026-05-02","2026-05-03",false,"None"
"CON-C635592CA4AF","APP-45773207092B","D1004","2026-05-01","2026-05-03",false,"None"
"CON-3FE7AA77C62E","APP-907CD6CB516F","D1006","2026-05-01","2026-05-05",false,"None"
"CON-9C71AFCFE9E5","APP-1BBB98AAB272","D1006","2026-04-30","2026-05-02",false,"None"
"CON-B4D2D68BC566","APP-871649D04C5E","D1004","2026-05-01","2026-05-03",false,"None"
"CON-F505EECDF57F","APP-B443944DC7E4","D4471","2026-05-02","2026-05-05",false,"None"
"CON-AF711078AFDD","APP-5FF8C6D5C559","D4471","2026-05-02","2026-05-04",false,"None"
"CON-BE2A2B3F853B","APP-1E0301FD5751","D4471","2026-05-01","2026-05-03",false,"None"
"CON-18933083AAEB","APP-A1B7BA5F32A5","D1010","2026-05-02","2026-05-08",false,"None"
"CON-67FCAB415C6D","APP-F60A3C8B44C1","D1008","2026-05-01","2026-05-05",false,"None"
"CON-54E3CACDFB7E","APP-B963C63A3BFB","D1002","2026-05-02","2026-05-04",false,"None"
"CON-FF7BE04333FC","APP-86AC1A058B64","D1002","2026-05-01","2026-05-04",true,"Income_Verification"
"CON-AC7C4D6B2940","APP-27B2941336A2","D1002","2026-05-01","2026-05-05",true,"Proof_Of_Residence"
"CON-0AEA036D37F1","APP-4087D7FA2114","D1008","2026-05-01","2026-05-04",false,"None"
"CON-EE66B69EFCFE","APP-6F41F7BE114C","D1007","2026-04-30","2026-05-03",false,"None"
"CON-74A508047CE7","APP-9894EC9CC94F","D1005","2026-05-02","2026-05-04",false,"None"
"CON-9C206CE6FAFC","APP-EC914D109D12","D1003","2026-05-02","2026-05-04",false,"None"
"CON-A600A0DFC1CE","APP-437968D6E5C4","D1003","2026-05-01","2026-05-03",false,"None"
"CON-14C64A56463D","APP-9A4523B0AE5C","D1003","2026-05-02","2026-05-05",false,"None"
"CON-D645E009C2DA","APP-6E05F84AACDF","D1003","2026-05-01","2026-05-05",true,"Document_Error"
"CON-099397103321","APP-576B46081DF5","D1008","2026-05-02","2026-05-04",false,"None"
"CON-C7509FA1CA6E","APP-CDD1B0A5D59C","D1003","2026-05-01","2026-05-02",false,"None"
"CON-1861CCEA24E1","APP-A3A0BD61347B","D1003","2026-05-02","2026-05-04",false,"None"
"CON-0EDE92964248","APP-2DCD4C8C2590","D1003","2026-05-02","2026-05-04",false,"None"
"CON-25A0C206B23A","APP-017DDCF7964C","D1001","2026-04-30","2026-05-02",false,"None"
"CON-A88BBED3C9AF","APP-E553D88C1D7A","D1005","2026-04-30","2026-05-02",false,"None"
"CON-8328D66357B0","APP-E74BE30E5E3F","D1001","2026-05-02","2026-05-04",false,"None"
"CON-68BBCF1D8AD2","APP-D755BA92303E","D1005","2026-04-30","2026-05-02",true,"Proof_Of_Residence"
"CON-A417215F154B","APP-91E27B6428FD","D1001","2026-05-01","2026-05-02",false,"None"
"CON-235875DB4F34","APP-206E88CE6450","D1005","2026-05-01","2026-05-03",false,"None"
"CON-5EF4580BA78F","APP-8153A193CEDF","D1005","2026-04-30","2026-05-03",true,"Income_Verification"
"CON-8186DF322600","APP-69C46C5E3EB7","D4471","2026-05-02","2026-05-06",false,"None"
"CON-D166F7460E2F","APP-080574808A86","D1007","2026-05-03","2026-05-06",false,"None"
"CON-93CF200F487B","APP-B2611940F8A9","D1001","2026-05-01","2026-05-03",false,"None"
"CON-88E0E017C922","APP-663055C9B9C4","D1003","2026-05-01","2026-05-07",true,"Document_Error"
"CON-CE88081AA276","APP-E90E9AC4CCE9","D1008","2026-05-03","2026-05-06",false,"None"
"CON-4D3753351204","APP-ED4C88A7E3FB","D1008","2026-05-03","2026-05-06",false,"None"
"CON-BC0DA1EEDAC4","APP-DEF0C51A1A02","D1010","2026-05-03","2026-05-06",false,"None"
"CON-9656BB468032","APP-D27A21C46C39","D1002","2026-05-03","2026-05-04",false,"None"
"CON-23001F92ED64","APP-70367431C8CD","D1002","2026-05-01","2026-05-02",false,"None"
"CON-ED2DE3C6B804","APP-0DF5B31C21C6","D1002","2026-05-01","2026-05-03",false,"None"
"CON-212A96DB9A33","APP-AA08C0EE8CFB","D1002","2026-05-03","2026-05-05",false,"None"
"CON-692567B07D40","APP-868ABD68DA0E","D4471","2026-05-02","2026-05-05",false,"None"
"CON-127080C91545","APP-6044B80B0FD8","D4471","2026-05-01","2026-05-02",false,"None"
"CON-8A3152093067","APP-AD9CB7C1FF7A","D4471","2026-05-03","2026-05-09",true,"Income_Verification"
"CON-34971E02F9EA","APP-F06E0FD6899B","D1008","2026-05-03","2026-05-05",false,"None"
"CON-F48DFBC7D32C","APP-F8CEE834BEE7","D1011","2026-05-02","2026-05-08",true,"Document_Error"
"CON-60C2753CDAA0","APP-A5E21AF13AF5","D1003","2026-05-02","2026-05-04",false,"None"
"CON-8EC83EC2A1C2","APP-33FCEF814F02","D1003","2026-05-01","2026-05-02",false,"None"
"CON-3F953876326D","APP-2202BA999CB2","D1006","2026-05-03","2026-05-05",false,"None"
"CON-DB735903ED57","APP-C1300BAF2F61","D1003","2026-05-02","2026-05-04",false,"None"
"CON-9F3AD8CD1610","APP-65442C08DB69","D1003","2026-05-01","2026-05-02",false,"None"
"CON-DA1139400B38","APP-F0127F58C712","D1005","2026-05-01","2026-05-03",false,"None"
"CON-76714322F43D","APP-8AF25958126A","D1004","2026-05-03","2026-05-04",false,"None"
"CON-9010DBCAA093","APP-44F4E4EFE048","D1009","2026-05-01","2026-05-04",false,"None"
"CON-9786BFDD9673","APP-2594304A9B62","D1004","2026-05-03","2026-05-05",false,"None"
"CON-E7F8FB0F400C","APP-ED328CC2EC97","D1004","2026-05-02","2026-05-03",false,"None"
"CON-998CD16486A6","APP-583B94853CD5","D1004","2026-05-02","2026-05-05",false,"None"
"CON-80513ECED930","APP-353FAA0ED994","D1004","2026-05-01","2026-05-02",false,"None"
"CON-8EB47E4F646D","APP-5EAAF0D99B90","D1004","2026-05-01","2026-05-02",false,"None"
"CON-3CFF19D6A56A","APP-861917F4FD66","D1015","2026-05-02","2026-05-10",true,"Document_Error"
"CON-E42E9ADEB2F2","APP-C72E6E2BD3FA","D1014","2026-05-02","2026-05-04",false,"None"
"CON-295A0EEC69DA","APP-351A8117F5A0","D1005","2026-05-03","2026-05-05",false,"None"
"CON-DEA44D7A7864","APP-8CAEB42DDBC2","D1005","2026-05-01","2026-05-02",false,"None"
"CON-218A215BE5F3","APP-24E1683C01BA","D1005","2026-05-02","2026-05-04",false,"None"
"CON-902D4895B8E4","APP-CCC93D90A4A4","D1005","2026-05-01","2026-05-06",true,"Document_Error"
"CON-8BA42EBCB265","APP-227F78AC208B","D1002","2026-05-01","2026-05-03",false,"None"
"CON-5C62200990D5","APP-D0236808F9A5","D1002","2026-05-02","2026-05-04",false,"None"
"CON-95A1520877C5","APP-8AEB306F0464","D1001","2026-05-02","2026-05-04",false,"None"
"CON-C6B8C21019A1","APP-C3FD4BC1CBBC","D1002","2026-05-03","2026-05-04",false,"None"
"CON-E9115C6AD432","APP-EDA75CC76028","D1001","2026-05-01","2026-05-02",false,"None"
"CON-DFD1D04F65A4","APP-D297F37E90EF","D1005","2026-05-04","2026-05-06",false,"None"
"CON-04301E0D0C16","APP-DC4CC38E0763","D1009","2026-05-02","2026-05-04",false,"None"
"CON-6ED48BF6A76E","APP-0A2A9691811F","D1009","2026-05-04","2026-05-07",true,"Document_Error"
"CON-8BC30A8E5CFD","APP-E230E0A2E36F","D1005","2026-05-03","2026-05-04",false,"None"
"CON-BD8484B67959","APP-98C46A1524CB","D1007","2026-05-02","2026-05-03",false,"None"
"CON-4E1AEAC1E6BB","APP-9F75490847B6","D1012","2026-05-03","2026-05-06",false,"None"
"CON-3EE0E510B877","APP-82CE256BECC6","D1012","2026-05-02","2026-05-05",false,"None"
"CON-E8593F347A29","APP-87504849C29D","D1001","2026-05-03","2026-05-04",false,"None"
"CON-70B90340B500","APP-EB2CB9ADEAE4","D1005","2026-05-04","2026-05-06",false,"None"
"CON-AC4480FFE262","APP-B2B1E4D58DE2","D1012","2026-05-03","2026-05-05",false,"None"
"CON-B1AD71CEEFD3","APP-263FAFB2B0F5","D1011","2026-05-02","2026-05-04",false,"None"
"CON-74F348DD966D","APP-2C0B139477C1","D1008","2026-05-04","2026-05-07",false,"None"
"CON-E499D8916E1A","APP-93CC4235C559","D1001","2026-05-02","2026-05-07",true,"Document_Error"
"CON-9B062A90FE10","APP-3606B25F0E5C","D1011","2026-05-03","2026-05-05",false,"None"
"CON-8851A59607D8","APP-418BBA3CF483","D1003","2026-05-02","2026-05-05",true,"Document_Error"
"CON-27639DBC28EB","APP-BBF3C6D8B371","D1003","2026-05-02","2026-05-04",false,"None"
"CON-0472B2140A0C","APP-8FBA5D1603B5","D1003","2026-05-03","2026-05-04",false,"None"
"CON-65CC618CB5CA","APP-8D2869C99B6B","D1004","2026-05-02","2026-05-04",false,"None"
"CON-AF7300BAA3BE","APP-D6B317837C1B","D1002","2026-05-03","2026-05-05",false,"None"
"CON-6D5FB5626BFC","APP-47D6FC223E21","D4471","2026-05-02","2026-05-08",true,"Proof_Of_Residence"
"CON-91130D793CE9","APP-A97A748B1EFC","D4471","2026-05-03","2026-05-05",false,"None"
"CON-506369F6E8BF","APP-AB75E638C099","D1002","2026-05-02","2026-05-04",false,"None"
"CON-840578B9236D","APP-495162B88099","D1010","2026-05-03","2026-05-06",false,"None"
"CON-C9892E7FA368","APP-9603AE0147D5","D1004","2026-05-05","2026-05-07",false,"None"
"CON-DA7BABC2D820","APP-DEF1FF02E7D2","D1002","2026-05-03","2026-05-07",true,"Document_Error"
"CON-7105FE3E2F64","APP-1483CDC637CB","D1001","2026-05-03","2026-05-05",false,"None"
"CON-CFE136200561","APP-17C25AE4242D","D1002","2026-05-03","2026-05-07",true,"Document_Error"
"CON-1FFB1A815652","APP-73E8DC7C81D8","D4471","2026-05-04","2026-05-07",false,"None"
"CON-3208F1FD88EE","APP-811B9C33BFA1","D1001","2026-05-03","2026-05-05",false,"None"
"CON-4399E06150B9","APP-6B7282CDCCEA","D1001","2026-05-03","2026-05-05",false,"None"
"CON-EE7B584A5311","APP-2994DA69BB98","D1001","2026-05-05","2026-05-07",false,"None"
"CON-DE57B6024F39","APP-95B99C6BA561","D1011","2026-05-04","2026-05-10",true,"Document_Error"
"CON-74D5F0640D8D","APP-D473859D9747","D1004","2026-05-04","2026-05-05",false,"None"
"CON-685FAD2D9E6E","APP-0DED3B8A23D4","D1004","2026-05-03","2026-05-05",false,"None"
"CON-FD2521D40AE3","APP-8E747F343D37","D1006","2026-05-04","2026-05-07",false,"None"
"CON-7923A0C005DD","APP-22733493F152","D1003","2026-05-05","2026-05-07",false,"None"
"CON-5C5CA30F70C1","APP-A40BEFC48F21","D1003","2026-05-04","2026-05-05",false,"None"
"CON-5C02F93C6E32","APP-86DE5DEB602E","D1006","2026-05-05","2026-05-07",false,"None"
"CON-932854C21A7A","APP-7D7C3E6A2EA8","D1003","2026-05-03","2026-05-04",false,"None"
"CON-5A67B089304D","APP-70128286751A","D1003","2026-05-05","2026-05-07",false,"None"
"CON-3488A0C10643","APP-A08F7041DE72","D1012","2026-05-06","2026-05-09",false,"None"
"CON-E1417DC8347B","APP-E70F3CB3BF5F","D1001","2026-05-04","2026-05-06",false,"None"
"CON-3F7DC0FE1983","APP-2F7696F06FFE","D1007","2026-05-04","2026-05-06",false,"None"
"CON-CD6D8688BDED","APP-2FB634DF5DC6","D1004","2026-05-05","2026-05-07",true,"Document_Error"
"CON-C4A6F9F0BC89","APP-44842F3D2283","D1007","2026-05-04","2026-05-08",false,"None"
"CON-86438D5FD2BD","APP-992E669E4DC7","D1010","2026-05-04","2026-05-08",false,"None"
"CON-D73C807B7642","APP-3A7DD3AA6FC3","D4471","2026-05-06","2026-05-08",false,"None"
"CON-19DB535EBD63","APP-1328389E9CE3","D1010","2026-05-05","2026-05-06",false,"None"
"CON-D66E7BB0249B","APP-B11991F9BD97","D1003","2026-05-06","2026-05-07",false,"None"
"CON-B5D6AC093E50","APP-BA5B8DE79047","D1003","2026-05-04","2026-05-05",false,"None"
"CON-9E6B987F35ED","APP-04913CC9E1E5","D1004","2026-05-06","2026-05-07",false,"None"
"CON-516665183B73","APP-405A38BB22B9","D1009","2026-05-06","2026-05-08",false,"None"
"CON-AA99D3CFB5C3","APP-B34FF8687720","D1009","2026-05-05","2026-05-08",false,"None"
"CON-35B520B4C703","APP-674B6693A703","D1003","2026-05-04","2026-05-05",false,"None"
"CON-898E8C49B976","APP-6F58B4F9E723","D1010","2026-05-04","2026-05-07",false,"None"
"CON-51C02DAB3ED5","APP-FC147D27FB0D","D1001","2026-05-04","2026-05-05",false,"None"
"CON-07DCD9CEFCA6","APP-6810783E1E48","D1011","2026-05-05","2026-05-08",false,"None"
"CON-4F61B03703DA","APP-AD36E98B5095","D1006","2026-05-05","2026-05-06",false,"None"
"CON-F700F244ED55","APP-E94DD13D2D96","D1005","2026-05-06","2026-05-08",false,"None"
"CON-9A8DBBD99428","APP-0EB4B6D8A970","D1005","2026-05-04","2026-05-05",false,"None"
"CON-20B7AD9AC5BF","APP-12D6BB433E80","D1005","2026-05-06","2026-05-08",false,"None"
"CON-5189EC0E749C","APP-A458E7BD1FC9","D1006","2026-05-04","2026-05-07",false,"None"
"CON-38831276A740","APP-BA3494B2A7BF","D1011","2026-05-06","2026-05-07",false,"None"
"CON-6632761E9418","APP-A0DC9D6A0F8C","D1011","2026-05-04","2026-05-06",false,"None"
"CON-0B2917D52DB4","APP-64DB6933A221","D1006","2026-05-06","2026-05-10",false,"None"
"CON-71FB21F9668C","APP-B4185BD88A3D","D1002","2026-05-05","2026-05-06",false,"None"
"CON-DB629FD2AC7D","APP-FC229E104B4F","D1002","2026-05-04","2026-05-08",true,"Document_Error"
"CON-97C858E15F36","APP-D26A06334684","D1002","2026-05-05","2026-05-10",true,"Document_Error"
"CON-707DA18AB83C","APP-FD605CABD53D","D1002","2026-05-06","2026-05-07",false,"None"
"CON-926FE69FB16C","APP-892BB35D1887","D1001","2026-05-06","2026-05-08",false,"None"
"CON-0374814B5DEB","APP-7BB6D808F72A","D1004","2026-05-04","2026-05-06",false,"None"
"CON-D774BD4E4D0B","APP-12C00D81790F","D1001","2026-05-04","2026-05-06",false,"None"
"CON-1CC77502B3CC","APP-9B2229D3DF46","D1001","2026-05-06","2026-05-07",false,"None"
"CON-7DD4C8B1196E","APP-7F4E009D0A2E","D1007","2026-05-06","2026-05-08",false,"None"
"CON-38C09C5C06DB","APP-7C2F355FAB3A","D1009","2026-05-05","2026-05-08",false,"None"
"CON-0AEADE448301","APP-40CCF51ECC9C","D1009","2026-05-07","2026-05-09",false,"None"
"CON-54794FCC9369","APP-23E6D81B97D7","D1007","2026-05-07","2026-05-08",false,"None"
"CON-AF7731532027","APP-F44E65BF5A5A","D1007","2026-05-07","2026-05-10",false,"None"
"CON-8BC4BE32C081","APP-0BA82CCA9148","D1002","2026-05-07","2026-05-09",false,"None"
"CON-59A563F366B1","APP-D2AAB9EF2CBD","D1002","2026-05-06","2026-05-07",false,"None"
"CON-0DDA1ADB03B4","APP-396ED6CC0A14","D1002","2026-05-06","2026-05-07",false,"None"
"CON-02E09FA65143","APP-14985C58924A","D1010","2026-05-05","2026-05-10",true,"Document_Error"
"CON-9F572BA8D59A","APP-0FFC69A567BF","D1005","2026-05-06","2026-05-07",false,"None"
"CON-FFAC3C6C3300","APP-ACE04597E934","D1005","2026-05-07","2026-05-09",false,"None"
"CON-3B58BE100329","APP-EDCEF96EA2FA","D1005","2026-05-06","2026-05-07",false,"None"
"CON-234F541824D2","APP-3E0DEF8A03DC","D1005","2026-05-06","2026-05-07",false,"None"
"CON-3F68BBD4BEF5","APP-048E8EBFEB43","D1009","2026-05-06","2026-05-08",false,"None"
"CON-C0D894D86BC6","APP-D95FEA437326","D1011","2026-05-06","2026-05-09",false,"None"
"CON-2B281DD237C7","APP-39FEA692C851","D1011","2026-05-06","2026-05-09",false,"None"
"CON-A93E5C0D65E8","APP-EB17E43668B8","D1011","2026-05-06","2026-05-08",false,"None"
"CON-7AB224921187","APP-574EBE275ADC","D1011","2026-05-06","2026-05-09",false,"None"
"CON-3D0CF50BE8F3","APP-B52F5F816EC4","D1011","2026-05-06","2026-05-08",false,"None"
"CON-82D2C0D936FD","APP-22180C3BDEAA","D1008","2026-05-07","2026-05-09",false,"None"
"CON-0553BD3D446B","APP-C99C03726B7D","D1008","2026-05-06","2026-05-09",false,"None"
"CON-EFFEE6042E48","APP-2C67A6532F13","D1008","2026-05-06","2026-05-09",false,"None"
"CON-D44D4F92BDEF","APP-2E4AC1FC75C6","D1003","2026-05-05","2026-05-10",true,"Document_Error"
"CON-1A73B4AC72CB","APP-4967695138EF","D1004","2026-05-07","2026-05-08",false,"None"
"CON-692819754E2F","APP-27F4E3D1D187","D1004","2026-05-07","2026-05-09",false,"None"
"CON-08F21BD28B74","APP-432C8CFEE465","D1004","2026-05-07","2026-05-08",false,"None"
"CON-B705213ADA20","APP-13B4B3D0513A","D4471","2026-05-06","2026-05-08",false,"None"
"CON-7B1B4549702C","APP-C46745A4E33D","D1006","2026-05-07","2026-05-10",false,"None"
"CON-1B388DCA255F","APP-674A46056605","D1004","2026-05-06","2026-05-07",false,"None"
"CON-BE30EE6BD40E","APP-864BD4D7C6A8","D1004","2026-05-07","2026-05-09",false,"None"
"CON-528852A31320","APP-E5A4BDD6D482","D4471","2026-05-05","2026-05-10",true,"Proof_Of_Residence"
"CON-2838A5DBC30E","APP-6040306758C6","D1004","2026-05-06","2026-05-08",false,"None"
"CON-828A1549044A","APP-C68C89B4498E","D1004","2026-05-06","2026-05-07",false,"None"
"CON-1847BAC50DB0","APP-305954CC314B","D1004","2026-05-06","2026-05-07",false,"None"
"CON-9283CB41F16F","APP-65925D4C7977","D4471","2026-05-06","2026-05-07",false,"None"
"CON-96302B67B589","APP-75012F31A286","D4471","2026-05-05","2026-05-11",true,"Document_Error"
"CON-0870A6C4D77A","APP-29EC8E5D9D4A","D1003","2026-05-06","2026-05-08",false,"None"
"CON-161319EE2978","APP-35B3881D87A3","D1003","2026-05-05","2026-05-06",false,"None"
"CON-0D7799897584","APP-3BD2761170BB","D1001","2026-05-07","2026-05-09",false,"None"
"CON-2DBB645D2D28","APP-79BCB0263A45","D1001","2026-05-06","2026-05-07",false,"None"
"CON-0961373B0447","APP-5EB76E9B15AE","D1012","2026-05-07","2026-05-11",false,"None"
"CON-7ED4EA36379D","APP-42FDB254FE67","D1003","2026-05-06","2026-05-08",false,"None"
"CON-F6FE4E10EBA3","APP-5F6DA731E89D","D1003","2026-05-06","2026-05-07",false,"None"
"CON-34B5B0ED14C1","APP-14EBA2E3E668","D1003","2026-05-06","2026-05-07",false,"None"
"CON-D22CB03F81C1","APP-3F435C40E5CB","D1001","2026-05-07","2026-05-09",false,"None"
"CON-9E982B629A01","APP-2CA36B240CCC","D1001","2026-05-05","2026-05-07",false,"None"
"CON-52099558AEC6","APP-C298F201BDA4","D1001","2026-05-05","2026-05-06",false,"None"
"CON-F66DC6D4BA1D","APP-667720807549","D1014","2026-05-06","2026-05-09",false,"None"
"CON-3AD5CF19E241","APP-A3AC15436393","D4471","2026-05-07","2026-05-10",false,"None"
"CON-D1ADC0CEC62C","APP-BC961A69C42B","D4471","2026-05-07","2026-05-14",true,"Document_Error"
"CON-7EF730C6E416","APP-51202073D3B8","D1008","2026-05-08","2026-05-11",false,"None"
"CON-B6A20A71C92A","APP-5E9633B8CEA0","D1006","2026-05-06","2026-05-08",false,"None"
"CON-2DEF63C2D159","APP-124C2BC33A85","D1006","2026-05-07","2026-05-10",false,"None"
"CON-E1FCD6854AFB","APP-51D30E3F08B2","D1006","2026-05-08","2026-05-16",true,"Document_Error"
"CON-830487860A53","APP-4D84FB41ECE8","D1008","2026-05-08","2026-05-10",false,"None"
"CON-19BA136E04BA","APP-75A449959A69","D1008","2026-05-06","2026-05-08",false,"None"
"CON-826128BA2A6B","APP-0D6962AB178A","D1013","2026-05-07","2026-05-10",false,"None"
"CON-2336F1F99471","APP-AC9273230F7E","D1011","2026-05-06","2026-05-08",false,"None"
"CON-BA2168567B30","APP-E44FB1623FBF","D1011","2026-05-07","2026-05-10",false,"None"
"CON-008C288CCD72","APP-1BBEB7C80DE5","D1011","2026-05-06","2026-05-09",false,"None"
"CON-85FC85CBB079","APP-0B6DF2FA15BA","D1003","2026-05-07","2026-05-09",false,"None"
"CON-1F722E509186","APP-69052FA4A64B","D1005","2026-05-07","2026-05-09",false,"None"
"CON-14E33376A151","APP-FBFEA61A7419","D1014","2026-05-07","2026-05-09",false,"None"
"CON-4864B697AA3B","APP-F3E137310F06","D1014","2026-05-08","2026-05-11",false,"None"
"CON-61C8208021E7","APP-E6F2EDC8DC91","D1001","2026-05-08","2026-05-13",true,"Document_Error"
"CON-085D706067D4","APP-BAED9E9395F8","D1001","2026-05-07","2026-05-08",false,"None"
"CON-A148A5DBEEEF","APP-3AEA07E3F1EB","D1001","2026-05-06","2026-05-08",false,"None"
"CON-F7477A23E1C1","APP-5A9C8C736775","D1001","2026-05-06","2026-05-07",false,"None"
"CON-139666AC98A7","APP-083A7520D3E1","D1001","2026-05-07","2026-05-09",false,"None"
"CON-8A7CE70DAA23","APP-81F693A97DBD","D1005","2026-05-07","2026-05-09",false,"None"
"CON-1277FDB1F7EE","APP-B36A15D9B5C8","D1005","2026-05-07","2026-05-08",false,"None"
"CON-F75C719A2B9C","APP-6B88E133695A","D1004","2026-05-06","2026-05-08",false,"None"
"CON-AE161EDFCDFC","APP-7541ADF4E8F3","D1005","2026-05-08","2026-05-10",false,"None"
"CON-254524DD40DF","APP-6DEA3FE3C2EE","D1015","2026-05-07","2026-05-14",true,"Income_Verification"
"CON-A45D88FE2A4A","APP-3B0DE8460FAF","D4471","2026-05-08","2026-05-10",false,"None"
"CON-480EAADF8EC0","APP-4AF89DC420EB","D4471","2026-05-07","2026-05-09",false,"None"
"CON-781C35543C10","APP-50B47155CB9D","D1009","2026-05-06","2026-05-08",false,"None"
"CON-7E96F87247C6","APP-1D7114CDC5A2","D1004","2026-05-06","2026-05-07",false,"None"
"CON-08514E526A6D","APP-FED68BD5FA68","D1004","2026-05-06","2026-05-08",false,"None"
"CON-72743F211C02","APP-26744A0D3377","D1004","2026-05-08","2026-05-11",false,"None"
"CON-46A84DA762DE","APP-47BFE2A6EC55","D1003","2026-05-08","2026-05-10",false,"None"
"CON-9E7D21EC42FF","APP-78C645BA2DF5","D1002","2026-05-07","2026-05-09",false,"None"
"CON-0A9ABFE744C7","APP-E03646C5E7C0","D1012","2026-05-07","2026-05-10",false,"None"
"CON-2339610DD08F","APP-F9FDFD3556A9","D1002","2026-05-06","2026-05-08",false,"None"
"CON-DA117CF51BAD","APP-FDA8AE232B06","D1002","2026-05-07","2026-05-09",false,"None"
"CON-175452FEA7D0","APP-4DBD6B043CC7","D1002","2026-05-08","2026-05-10",false,"None"
"CON-3C08A2D729CB","APP-2F10F4D70F2B","D1002","2026-05-06","2026-05-08",false,"None"
"CON-5CFB2ADD8D45","APP-B54678094873","D1002","2026-05-07","2026-05-11",true,"Document_Error"
"CON-97D0B88C69EC","APP-B1EC8A4F512D","D1002","2026-05-06","2026-05-08",false,"None"
"CON-698049975C12","APP-6F64509E6E81","D1003","2026-05-06","2026-05-10",true,"Document_Error"
"CON-B3CE01BD13D4","APP-7CD7AD5915E3","D1002","2026-05-08","2026-05-10",false,"None"
"CON-E2FBE80A4135","APP-DB85E6CD5E01","D1006","2026-05-09","2026-05-14",true,"Document_Error"
"CON-0AE5CDEDA256","APP-3B5F6DFC45D7","D1003","2026-05-07","2026-05-10",true,"Document_Error"
"CON-561519E271DE","APP-1EA6E276D586","D1002","2026-05-07","2026-05-09",false,"None"
"CON-E9E60E520D69","APP-B159AE295689","D1002","2026-05-09","2026-05-11",false,"None"
"CON-A6DEB837E06C","APP-F3E867876227","D1002","2026-05-08","2026-05-09",false,"None"
"CON-1CEC32C16A6A","APP-81568ED7F594","D1010","2026-05-07","2026-05-09",false,"None"
"CON-69156253B35B","APP-ED0ED5CF725F","D1004","2026-05-07","2026-05-08",false,"None"
"CON-A834F92A96D6","APP-96CEC9E73BDE","D1010","2026-05-08","2026-05-09",false,"None"
"CON-C39A9A3EC83F","APP-7E16F930480E","D1004","2026-05-07","2026-05-09",false,"None"
"CON-B02980DEA06E","APP-C545DB8AFBD7","D1004","2026-05-09","2026-05-12",true,"Income_Verification"
"CON-64BFC9300DDD","APP-B6BAE36F7626","D1004","2026-05-09","2026-05-11",false,"None"
"CON-93D064960D3C","APP-5DC94D74A17F","D1005","2026-05-08","2026-05-10",false,"None"
"CON-0309523308D5","APP-B9E821C7984C","D4471","2026-05-07","2026-05-11",true,"Income_Verification"
"CON-0B467ED385C6","APP-6038160C49A6","D4471","2026-05-09","2026-05-12",false,"None"
"CON-1483E07BF467","APP-48151606335D","D1015","2026-05-08","2026-05-11",false,"None"
"CON-FDFA1407881B","APP-1AF3B42922DE","D4471","2026-05-07","2026-05-09",false,"None"
"CON-94C40B76CE42","APP-CB163BBD8FA4","D1005","2026-05-07","2026-05-08",false,"None"
"CON-C04578A9BCD4","APP-38A9E5BBB2A5","D1005","2026-05-08","2026-05-10",false,"None"
"CON-BB173A3BC565","APP-3C7620800DB0","D1005","2026-05-07","2026-05-10",false,"None"
"CON-1B579BCEA866","APP-C7F292343CA9","D1009","2026-05-09","2026-05-12",false,"None"
"CON-A0EFFA260DA1","APP-292B353AA064","D1005","2026-05-07","2026-05-08",false,"None"
"CON-DF9E8EE59482","APP-811FC9C0466A","D1002","2026-05-09","2026-05-10",false,"None"
"CON-E13BA884D0D3","APP-8B0A46D3EE1E","D1007","2026-05-09","2026-05-13",false,"None"
"CON-CA813E0E82E1","APP-23A31AE03875","D1007","2026-05-07","2026-05-10",false,"None"
"CON-EEC79F909889","APP-5CBD07D19979","D1007","2026-05-08","2026-05-10",false,"None"
"CON-7FE9E47E741E","APP-0C96A5A57573","D1012","2026-05-07","2026-05-11",false,"None"
"CON-A72F9744CF79","APP-2FC8F65F03FE","D1002","2026-05-09","2026-05-11",false,"None"
"CON-EB033D01888B","APP-96DC0FC0E428","D1002","2026-05-08","2026-05-10",false,"None"
"CON-114A3D509B69","APP-8A2562845EDC","D1002","2026-05-09","2026-05-11",false,"None"
"CON-DAEC0996A2E4","APP-B3FD25626B67","D1002","2026-05-08","2026-05-10",false,"None"
"CON-8E98EBCD9F04","APP-AAA1B0674C3B","D1004","2026-05-07","2026-05-10",false,"None"
"CON-9BF268681967","APP-F37C850AAB42","D1001","2026-05-09","2026-05-11",false,"None"
"CON-B01EFF25D9E0","APP-C9FA81A4FDD8","D1001","2026-05-09","2026-05-10",false,"None"
"CON-B1F13B122DBC","APP-2B39D1B259F0","D1001","2026-05-08","2026-05-09",false,"None"
"CON-2EB2CF40A2D4","APP-53BD83AEBF7B","D1001","2026-05-07","2026-05-08",false,"None"
"CON-0BD2821C8462","APP-76A350473CF5","D1001","2026-05-08","2026-05-10",false,"None"
"CON-2B481AC0909B","APP-3A69DA2E232A","D1001","2026-05-09","2026-05-10",false,"None"
"CON-F91D680BF528","APP-6FE20D7FCF29","D1013","2026-05-07","2026-05-09",false,"None"
"CON-F0DF5445F14F","APP-C6CA023DF9A2","D1001","2026-05-07","2026-05-10",true,"Income_Verification"
"CON-16337350D576","APP-0B4A75E92E11","D1001","2026-05-08","2026-05-09",false,"None"
"CON-BE1FD326034B","APP-126CAACC9805","D1011","2026-05-09","2026-05-10",false,"None"
"CON-7370DA0DC45A","APP-6E8EE5599E4B","D1008","2026-05-09","2026-05-12",false,"None"
"CON-0075E54EB41A","APP-ADBF38ACF43C","D1011","2026-05-09","2026-05-10",false,"None"
"CON-D503BBA3B947","APP-B0857F90839C","D1003","2026-05-09","2026-05-11",false,"None"
"CON-40C98C6ED443","APP-C781CC5A0C12","D1003","2026-05-09","2026-05-11",false,"None"
"CON-7423A35B374D","APP-E2D799A2054A","D1002","2026-05-09","2026-05-10",false,"None"
"CON-22F15C962FF9","APP-D0A50F03D3DA","D1002","2026-05-10","2026-05-12",false,"None"
"CON-3FAC79471022","APP-5173F9E89A1E","D1002","2026-05-09","2026-05-10",false,"None"
"CON-030EA4E085DF","APP-83A6E011E6FC","D1015","2026-05-09","2026-05-14",false,"None"
"CON-3A32A420F6F8","APP-FA6876B692CC","D1011","2026-05-08","2026-05-10",false,"None"
"CON-76BECA37B83E","APP-E8BAE2A16877","D1011","2026-05-08","2026-05-10",false,"None"
"CON-F0D66100DA18","APP-C102339BD278","D1007","2026-05-08","2026-05-09",false,"None"
"CON-6E655D8C54A4","APP-7A1EBB61FFDD","D1009","2026-05-09","2026-05-11",false,"None"
"CON-5564D2EA687F","APP-186311CA6A93","D1001","2026-05-09","2026-05-11",false,"None"
"CON-9121C7E06B41","APP-968F72A320F4","D1005","2026-05-10","2026-05-11",false,"None"
"CON-6DDA01EF05C0","APP-6017DD4CD730","D1005","2026-05-10","2026-05-11",false,"None"
"CON-EC1B42D8FB06","APP-09023B632BD5","D1005","2026-05-09","2026-05-11",false,"None"
"CON-06ACEC528E5C","APP-181E9F21C4FF","D1001","2026-05-10","2026-05-12",false,"None"
"CON-5E8436B45A17","APP-396D9EA2B2F0","D1004","2026-05-09","2026-05-11",false,"None"
"CON-8B5104255443","APP-7529971E967C","D1008","2026-05-08","2026-05-11",false,"None"
"CON-8AAC900C8081","APP-C0195A2F52D6","D1006","2026-05-10","2026-05-13",false,"None"
"CON-BF35F1E276D4","APP-458AEAFBEC3F","D1008","2026-05-09","2026-05-11",false,"None"
"CON-731B9D8FDB5E","APP-E880A934DA46","D1008","2026-05-10","2026-05-13",false,"None"
"CON-D95FB52DF69F","APP-271820BE2D9B","D1005","2026-05-09","2026-05-12",true,"Document_Error"
"CON-8ADB196990EE","APP-260461FE21F4","D1008","2026-05-10","2026-05-12",false,"None"
"CON-91A9454BF40E","APP-8986DBD8EF10","D1013","2026-05-10","2026-05-13",false,"None"
"CON-630E15911D30","APP-9185D4EBD215","D1013","2026-05-09","2026-05-12",false,"None"
"CON-4B049A2D4DEF","APP-524E23CF390E","D1003","2026-05-08","2026-05-09",false,"None"
"CON-5632BB53AD48","APP-E873B5F3B551","D1004","2026-05-09","2026-05-10",false,"None"
"CON-0DC29CA3A8C8","APP-2D4AD05AF10A","D1010","2026-05-08","2026-05-12",true,"Income_Verification"
"CON-0D77508FF295","APP-1833C2D12F77","D1003","2026-05-08","2026-05-10",false,"None"
"CON-59BD25C2AA67","APP-BB0D2A725506","D1004","2026-05-08","2026-05-13",true,"Proof_Of_Residence"
"CON-56CC8144159E","APP-632A9D2AF59D","D1003","2026-05-09","2026-05-10",false,"None"
"CON-A262B7809473","APP-2AEF6BDC2E13","D1005","2026-05-10","2026-05-11",false,"None"
"CON-981A5A4C3AAA","APP-EC4AC9B296EB","D1001","2026-05-09","2026-05-11",false,"None"
"CON-E3FE90C5593C","APP-82B3BC9E9ABB","D4471","2026-05-09","2026-05-13",false,"None"
"CON-7BE1140FB330","APP-D83BC1A50E17","D1008","2026-05-11","2026-05-14",false,"None"
"CON-CCB13B90D4D3","APP-7DD1B27DC8ED","D1006","2026-05-10","2026-05-15",true,"Document_Error"
"CON-51A1D1928BFE","APP-2E653C243B0E","D4471","2026-05-09","2026-05-16",true,"Proof_Of_Residence"
"CON-0ED98BF286A1","APP-7C48EEE6DF61","D1005","2026-05-11","2026-05-12",false,"None"
"CON-3A81A58491A7","APP-6FFD26C8B883","D1002","2026-05-11","2026-05-12",false,"None"
"CON-82B425FEC410","APP-7836C10C7D94","D1002","2026-05-10","2026-05-12",false,"None"
"CON-0D933A5A6C00","APP-94A2E89DCD37","D1002","2026-05-10","2026-05-12",false,"None"
"CON-FB2B1C37A243","APP-6736A955BC7B","D1003","2026-05-11","2026-05-13",false,"None"
"CON-63C1439FCFC6","APP-9E3F8333C2E4","D1004","2026-05-11","2026-05-13",false,"None"
"CON-524DF97EB175","APP-0D1E985C4F0B","D1009","2026-05-10","2026-05-12",false,"None"
"CON-1BDD2170F716","APP-8985F40E4702","D1003","2026-05-11","2026-05-13",false,"None"
"CON-E15D34E6F6C5","APP-88298B94D4E4","D1011","2026-05-09","2026-05-12",false,"None"
"CON-6FDA291AD889","APP-5E312EB9E6D4","D1001","2026-05-11","2026-05-13",false,"None"
"CON-645AA2523C99","APP-194E22BAE375","D1012","2026-05-10","2026-05-14",true,"Income_Verification"
"CON-CCED62774746","APP-C20A80647BA1","D1005","2026-05-10","2026-05-11",false,"None"
"CON-003C94F2979C","APP-60CF2962414B","D1010","2026-05-10","2026-05-13",false,"None"
"CON-7C6DE2F59314","APP-C166460738B0","D1012","2026-05-09","2026-05-12",false,"None"
"CON-DF09CB7FF1E9","APP-1228DB8D790B","D1010","2026-05-10","2026-05-13",false,"None"
"CON-598F6EBAE096","APP-85D5B46D1F62","D1014","2026-05-11","2026-05-15",true,"Proof_Of_Residence"
"CON-7325DCA377E2","APP-8B7C965606F4","D1003","2026-05-10","2026-05-12",false,"None"
"CON-A6F22A97CACD","APP-2463A6B570F7","D1003","2026-05-11","2026-05-13",false,"None"
"CON-FF0411C217AD","APP-E4B37403CD1F","D1003","2026-05-11","2026-05-13",true,"Document_Error"
"CON-4137B9F612B2","APP-2805E79F617B","D1001","2026-05-11","2026-05-13",false,"None"
"CON-E5CA01FC86BF","APP-CC7828212B91","D4471","2026-05-11","2026-05-14",false,"None"
"CON-144091A85E50","APP-00B90378BEAF","D4471","2026-05-11","2026-05-15",false,"None"
"CON-D45A04ADD14C","APP-CC840AC5C736","D4471","2026-05-11","2026-05-19",true,"Income_Verification"
"CON-E4AE597F593F","APP-32A63CA6123F","D4471","2026-05-10","2026-05-15",false,"None"
"CON-7A64068E601B","APP-A1B86B258FC4","D1005","2026-05-10","2026-05-11",false,"None"
"CON-C208DA01E4A5","APP-1693C9883D45","D1008","2026-05-11","2026-05-12",false,"None"
"CON-66C16DF565C8","APP-C15544676C70","D1010","2026-05-11","2026-05-12",false,"None"
"CON-91D902174B45","APP-F03A3E826C3F","D1004","2026-05-12","2026-05-14",false,"None"
"CON-21616C14C0C3","APP-4276CBFC245F","D1004","2026-05-11","2026-05-12",false,"None"
"CON-EE196EEC719B","APP-AF762FF0B8AC","D1012","2026-05-12","2026-05-15",false,"None"
"CON-CCE021C60EA7","APP-F8D477FBC631","D1001","2026-05-12","2026-05-13",false,"None"
"CON-DD953AFF5C8D","APP-F68DAB3C2B57","D1005","2026-05-10","2026-05-11",false,"None"
"CON-D24A77A1C734","APP-1C2E8222ADD0","D1005","2026-05-11","2026-05-12",false,"None"
"CON-2290C1F75941","APP-8F8BA93C64D4","D1011","2026-05-10","2026-05-12",false,"None"
"CON-A723E890FE0E","APP-171F8E21A410","D1011","2026-05-10","2026-05-13",false,"None"
"CON-A24E01910092","APP-40EC817E08B6","D1011","2026-05-12","2026-05-14",false,"None"
"CON-DFF842351C40","APP-99B5C9836EB4","D1005","2026-05-10","2026-05-11",false,"None"
"CON-BBB8911EBBAF","APP-0A5AF068497D","D1009","2026-05-10","2026-05-11",false,"None"
"CON-5836C9FF3813","APP-815F33FF76D4","D1002","2026-05-10","2026-05-12",false,"None"
"CON-494A90D816DC","APP-A34F426608E8","D1002","2026-05-11","2026-05-13",false,"None"
"CON-35E1BC27B36A","APP-440A4A579301","D1002","2026-05-10","2026-05-11",false,"None"
"CON-252FECFB3A0A","APP-208CE9FC4F22","D1001","2026-05-10","2026-05-11",false,"None"
"CON-5D31ACE8437B","APP-EC4FE36DAAEE","D1001","2026-05-10","2026-05-12",false,"None"
"CON-83748B9005BD","APP-07F923CEDCA5","D1015","2026-05-10","2026-05-13",false,"None"
"CON-7301FC7C8B40","APP-E77E83C7DD52","D1003","2026-05-13","2026-05-14",false,"None"
"CON-FDBE9AABFD77","APP-4936126114B9","D4471","2026-05-13","2026-05-18",true,"Proof_Of_Residence"
"CON-41AED9395B47","APP-EAA0A01172FE","D4471","2026-05-11","2026-05-16",true,"Document_Error"
"CON-25E7230BCF3C","APP-409B0080A5C1","D1006","2026-05-12","2026-05-15",false,"None"
"CON-EEC4B1B20B10","APP-B8916C5AB91E","D1003","2026-05-13","2026-05-15",false,"None"
"CON-E5B890467566","APP-E6F3608CB472","D1006","2026-05-13","2026-05-15",false,"None"
"CON-A14680EB3856","APP-64E1F562E4FF","D1006","2026-05-11","2026-05-14",false,"None"
"CON-C628F47A8F44","APP-012149F105CB","D1008","2026-05-13","2026-05-16",false,"None"
"CON-55D89D569365","APP-FD1CDE72BF7C","D1008","2026-05-13","2026-05-15",false,"None"
"CON-768C7D3EC4EE","APP-117D2AF3628A","D1008","2026-05-12","2026-05-14",false,"None"
"CON-EDC376EF48B3","APP-F1EF76845C1F","D1008","2026-05-11","2026-05-14",false,"None"
"CON-32A3ED4DC70F","APP-C6CAFA56D80B","D1005","2026-05-11","2026-05-13",false,"None"
"CON-9A2CD6CAB2D0","APP-14C9BBE4CA5F","D1003","2026-05-11","2026-05-13",false,"None"
"CON-2C3BF8BA5122","APP-147E5B796890","D1005","2026-05-13","2026-05-14",false,"None"
"CON-667E442D6555","APP-56E0BD0B5368","D1005","2026-05-12","2026-05-13",false,"None"
"CON-5C86B6D0EE8C","APP-C3EA62619DA6","D1005","2026-05-13","2026-05-14",false,"None"
"CON-49ED1AB7DDBB","APP-B69E40E3F17D","D1007","2026-05-12","2026-05-14",false,"None"
"CON-09B7C9315DD1","APP-E057550ACFC5","D1007","2026-05-12","2026-05-13",false,"None"
"CON-9A02DEC72EEE","APP-9001FF5E65C7","D1007","2026-05-13","2026-05-14",false,"None"
"CON-FEAE2D7D6994","APP-12CE8D573510","D1002","2026-05-12","2026-05-13",false,"None"
"CON-D42DDC08B226","APP-D81308EABDC0","D1002","2026-05-12","2026-05-14",false,"None"
"CON-C922769F0D7E","APP-DC6CD593E5DA","D1002","2026-05-11","2026-05-12",false,"None"
"CON-63D6983BE5AB","APP-89E9637F0893","D1002","2026-05-13","2026-05-14",false,"None"
"CON-3D42AF3277BC","APP-17760ED4A9BE","D1004","2026-05-13","2026-05-15",false,"None"
"CON-3F1177AAC27C","APP-3A9ECA2E613A","D1015","2026-05-11","2026-05-15",false,"None"
"CON-B631B5EB0504","APP-E6B8B49C3EA0","D1009","2026-05-12","2026-05-15",false,"None"
"CON-85AD5544C358","APP-8D1DDA879AF2","D1009","2026-05-12","2026-05-14",false,"None"
"CON-9782CBF5B3D9","APP-D3477FFA6A73","D1009","2026-05-12","2026-05-15",false,"None"
"CON-7D425432F41B","APP-BDE8010203F5","D1014","2026-05-11","2026-05-14",false,"None"
"CON-4E1FC95A81E5","APP-927C6FA6C758","D1004","2026-05-11","2026-05-12",false,"None"
"CON-E40CABAE3F89","APP-B4C82F121CB4","D1004","2026-05-12","2026-05-14",false,"None"
"CON-06EBA4024FF1","APP-20D1F4E9CC52","D1004","2026-05-13","2026-05-15",false,"None"
"CON-AFC2A628C0D9","APP-0B2C3535A259","D1004","2026-05-12","2026-05-13",false,"None"
"CON-2CFF66797A0F","APP-4411733D9C86","D1004","2026-05-11","2026-05-14",false,"None"
"CON-E3836D712F9B","APP-6A06069732FC","D1003","2026-05-11","2026-05-12",false,"None"
"CON-01D88ECCAA93","APP-42F869897FC4","D1010","2026-05-11","2026-05-12",false,"None"
"CON-8B4D4502F715","APP-2775ADBF9905","D1011","2026-05-12","2026-05-14",false,"None"
"CON-8C1D86EDFDAB","APP-9BE650CF8886","D1013","2026-05-12","2026-05-20",true,"Income_Verification"
"CON-CCD872613CDC","APP-37C0F37DA486","D1001","2026-05-13","2026-05-14",false,"None"
"CON-BF0F157A7703","APP-835228FF30F6","D1001","2026-05-12","2026-05-14",false,"None"
"CON-34779F18417A","APP-7FF32DC7C19D","D1001","2026-05-11","2026-05-14",true,"Document_Error"
"CON-2F9C8B4CEFEC","APP-EC465C00F790","D1001","2026-05-12","2026-05-13",false,"None"
"CON-F7DBD2EA6C9D","APP-1D645A113305","D1001","2026-05-12","2026-05-14",false,"None"
"CON-69BDFE4910CD","APP-23535571BA63","D1001","2026-05-11","2026-05-13",false,"None"
"CON-7426F6094447","APP-4444788048A7","D1010","2026-05-14","2026-05-16",false,"None"
"CON-47E5A930FE2F","APP-50CE884DB8B3","D1002","2026-05-14","2026-05-16",false,"None"
"CON-3E01347A8B37","APP-5344F3AB363A","D1002","2026-05-14","2026-05-15",false,"None"
"CON-6D739BCA80E1","APP-DD05D6F5C82C","D1002","2026-05-14","2026-05-16",false,"None"
"CON-C44A4B3B65BC","APP-D490DDE5E8B8","D1002","2026-05-12","2026-05-13",false,"None"
"CON-30E5C1D71049","APP-6E72568132BA","D1003","2026-05-12","2026-05-14",false,"None"
"CON-4F0CEB72EDE6","APP-B8300563CE06","D4471","2026-05-14","2026-05-18",false,"None"
"CON-BE5AAA88EB37","APP-B164851E0D13","D1005","2026-05-12","2026-05-13",false,"None"
"CON-883ACE7A9CD8","APP-9757B8D40796","D1005","2026-05-14","2026-05-16",false,"None"
"CON-E9D710AACFC5","APP-49D00E19E9CC","D1005","2026-05-12","2026-05-13",false,"None"
"CON-FC4752D9BC5D","APP-ADC689BC1067","D1005","2026-05-14","2026-05-15",false,"None"
"CON-EC9CD008B88A","APP-16D0FF306A66","D1002","2026-05-14","2026-05-15",false,"None"
"CON-B81833C50F31","APP-B906D1CC18D6","D1010","2026-05-13","2026-05-17",false,"None"
"CON-F82CFBAA0A89","APP-000DCE188B30","D1005","2026-05-13","2026-05-14",false,"None"
"CON-2F02F5B478DF","APP-A553B25295B0","D1011","2026-05-14","2026-05-16",false,"None"
"CON-3475D169BE26","APP-F58D1F2EBBF9","D1011","2026-05-13","2026-05-16",false,"None"
"CON-69B9ADEA16FD","APP-DC20C20F3E79","D1008","2026-05-14","2026-05-17",false,"None"
"CON-AB37D8BF944D","APP-0817F9183CA8","D1008","2026-05-14","2026-05-18",false,"None"
"CON-C8C2539A307A","APP-AC3A8994B792","D1008","2026-05-12","2026-05-15",false,"None"
"CON-EF802CB37799","APP-27C53DEFFC91","D1014","2026-05-13","2026-05-17",false,"None"
"CON-1147DF28A94A","APP-9E123431072D","D1012","2026-05-14","2026-05-16",false,"None"
"CON-E126C9687D8B","APP-981B708E8C89","D1001","2026-05-13","2026-05-14",false,"None"
"CON-BE9F15DED12E","APP-D3E4FDC2C4BD","D1001","2026-05-12","2026-05-13",false,"None"
"CON-46F4086AC80C","APP-76299B67C6A8","D1001","2026-05-14","2026-05-16",false,"None"
"CON-B524F4723A10","APP-3DE71DE9AC1D","D1013","2026-05-13","2026-05-16",false,"None"
"CON-AA05F03A34EF","APP-852FAB14D8C7","D1004","2026-05-13","2026-05-15",false,"None"
"CON-26CC1B879863","APP-34BCD55F9842","D1001","2026-05-14","2026-05-15",false,"None"
"CON-FD7CD4654DF1","APP-2C3677499E58","D1002","2026-05-12","2026-05-13",false,"None"
"CON-75A7FB990359","APP-0C622AF3DD27","D1004","2026-05-14","2026-05-19",true,"Document_Error"
"CON-62522BA1B0DE","APP-1DE83537763C","D1004","2026-05-12","2026-05-13",false,"None"
"CON-F4BE47053A06","APP-757BECBEAF28","D1003","2026-05-14","2026-05-15",false,"None"
"CON-947BE1A7928E","APP-C6C333E727D9","D1003","2026-05-13","2026-05-14",false,"None"
"CON-A2E3B924929D","APP-F4721F96E64B","D1001","2026-05-12","2026-05-14",false,"None"
"CON-C8DD2C7A9D95","APP-10E9772693DB","D4471","2026-05-13","2026-05-18",true,"Document_Error"
"CON-B8A9DC7F1026","APP-9D5D480641F1","D4471","2026-05-14","2026-05-19",false,"None"
"CON-C663B95D1161","APP-CF1971E423CC","D1015","2026-05-12","2026-05-18",true,"Document_Error"
"CON-C7476B577A57","APP-4004639B2385","D1003","2026-05-13","2026-05-14",false,"None"
"CON-367B34DFBBFB","APP-84F18DF3F2C1","D1003","2026-05-13","2026-05-15",false,"None"
"CON-8784700F4FA8","APP-7D7CEA71D219","D1011","2026-05-14","2026-05-16",false,"None"
"CON-F43EB2F26DE1","APP-BC66933EB0D0","D1003","2026-05-13","2026-05-15",false,"None"
"CON-92090813DCA4","APP-25332F1C6BC0","D1001","2026-05-14","2026-05-16",false,"None"
"CON-5832D1A0932C","APP-C2234460A23F","D1003","2026-05-14","2026-05-16",false,"None"
"CON-C6D876AA9D87","APP-A7A003EB941E","D1001","2026-05-13","2026-05-15",false,"None"
"CON-D54E51D173E3","APP-F71F1D94B06A","D1001","2026-05-15","2026-05-16",false,"None"
"CON-EB0A7ED49FC1","APP-DFC511AAF653","D1001","2026-05-14","2026-05-16",false,"None"
"CON-666C51C34D1E","APP-1CDFCAA1C662","D1008","2026-05-14","2026-05-16",false,"None"
"CON-9460A2355FD4","APP-8E0C6BA35439","D1004","2026-05-13","2026-05-16",true,"Proof_Of_Residence"
"CON-4FD6E871D7AC","APP-329BE22F1B09","D1004","2026-05-15","2026-05-17",false,"None"
"CON-123C10E60CA5","APP-D0AF4A329BEB","D1012","2026-05-13","2026-05-14",false,"None"
"CON-5A2850BA67F5","APP-C9839128A471","D1004","2026-05-14","2026-05-15",false,"None"
"CON-13769CADCB38","APP-66FCFEA138CF","D1004","2026-05-15","2026-05-20",true,"Document_Error"
"CON-41938F430608","APP-FDB559271A26","D1012","2026-05-14","2026-05-16",false,"None"
"CON-76672EFBD44C","APP-C6E13CD0B057","D1005","2026-05-13","2026-05-14",false,"None"
"CON-31BE8369B02B","APP-280BFF65526F","D1002","2026-05-14","2026-05-16",false,"None"
"CON-FF5CAB6AC657","APP-35E7FC1C399E","D1009","2026-05-15","2026-05-18",false,"None"
"CON-04E0666D3476","APP-9465D9666E2B","D1002","2026-05-13","2026-05-14",false,"None"
"CON-84DCC9C272A5","APP-6B47E72FF008","D1002","2026-05-14","2026-05-15",false,"None"
"CON-0F4099E5B6D4","APP-EB6BFB910FFB","D4471","2026-05-13","2026-05-16",false,"None"
"CON-8DEAF4C8A432","APP-219A527BCEEB","D4471","2026-05-13","2026-05-19",true,"Document_Error"
"CON-EFCF85244A39","APP-6B771F4F2FC4","D1002","2026-05-13","2026-05-14",false,"None"
"CON-8327A9CCF534","APP-870E8E4CEFA1","D1010","2026-05-15","2026-05-18",false,"None"
"CON-1177FBE6CE29","APP-21FB4165DCE0","D1005","2026-05-13","2026-05-14",false,"None"
"CON-F17651567CF7","APP-A2D676372E1E","D1005","2026-05-14","2026-05-16",false,"None"
"CON-F637F4AECD4B","APP-B3865274C27F","D1010","2026-05-14","2026-05-17",false,"None"
"CON-54750AB9C231","APP-5D6BC0B1C08F","D1006","2026-05-14","2026-05-20",true,"Document_Error"
"CON-A9290E833C53","APP-7C8620A549AB","D1006","2026-05-15","2026-05-17",false,"None"
"CON-94D597546587","APP-317FDEBAA6F1","D1010","2026-05-14","2026-05-17",false,"None"
"CON-19D1C2BB9A48","APP-E4C42A24D687","D1008","2026-05-14","2026-05-20",true,"Proof_Of_Residence"
"CON-95BFC8000BA3","APP-A2F73410BDC3","D1003","2026-05-14","2026-05-15",false,"None"
"CON-F93283509FC9","APP-69F9F91102D9","D1003","2026-05-15","2026-05-17",false,"None"
"CON-918D15BA8216","APP-298E23E96E21","D1003","2026-05-14","2026-05-16",false,"None"
"CON-93C4653A24A2","APP-8E610BBA0011","D1011","2026-05-14","2026-05-18",true,"Document_Error"
"CON-788C95B69176","APP-9175D6DECAD9","D1008","2026-05-14","2026-05-17",false,"None"
"CON-CE458FD277FF","APP-9BA10FAA8579","D1001","2026-05-16","2026-05-17",false,"None"
"CON-0A82A019C458","APP-7174A7088038","D1002","2026-05-14","2026-05-16",false,"None"
"CON-997632E229C4","APP-2AEA57F8241C","D1001","2026-05-16","2026-05-18",false,"None"
"CON-01BA7E5B5D5A","APP-73DB557FDC99","D1007","2026-05-16","2026-05-21",true,"Proof_Of_Residence"
"CON-4CDC18E9082A","APP-FD434D489A4B","D1007","2026-05-16","2026-05-19",false,"None"
"CON-F99F5ED49541","APP-735A09EFD0F7","D1007","2026-05-16","2026-05-19",true,"Document_Error"
"CON-EEF22B79682B","APP-8147177DE6A7","D1002","2026-05-14","2026-05-16",false,"None"
"CON-8AF90980561D","APP-1C2A0C56926D","D1002","2026-05-14","2026-05-16",false,"None"
"CON-68DFCFF903BB","APP-C5A79F7B025D","D1002","2026-05-14","2026-05-16",false,"None"
"CON-DB1C39B52BC3","APP-D131AC174F27","D1002","2026-05-16","2026-05-18",false,"None"
"CON-0ECE91BB4331","APP-948CC3C2726E","D1002","2026-05-16","2026-05-18",false,"None"
"CON-BA69B61C49F2","APP-6832BFC29F05","D1004","2026-05-15","2026-05-17",false,"None"
"CON-5709B6A6B8FE","APP-A046EAAFB816","D1004","2026-05-15","2026-05-16",false,"None"
"CON-A46CC51F4D50","APP-3920879E290D","D1004","2026-05-14","2026-05-15",false,"None"
"CON-411260067E51","APP-5C319FC828B1","D1001","2026-05-16","2026-05-18",false,"None"
"CON-242BA91EF662","APP-74BC08BC0940","D1001","2026-05-14","2026-05-16",false,"None"
"CON-F5031F44CDE1","APP-F2E244525D95","D1011","2026-05-14","2026-05-16",false,"None"
"CON-FAF7EB9704AD","APP-08B9286EA126","D1004","2026-05-14","2026-05-15",false,"None"
"CON-D31B712A1FDD","APP-62A3F0785618","D1004","2026-05-15","2026-05-17",false,"None"
"CON-B900F88D906A","APP-511AAF27E8B1","D1004","2026-05-16","2026-05-17",false,"None"
"CON-F1314CCB3D7D","APP-444D3917E2D3","D1003","2026-05-14","2026-05-15",false,"None"
"CON-69A4C50FAA5B","APP-96A4DD7E0D60","D1009","2026-05-15","2026-05-18",false,"None"
"CON-01AADCB6F963","APP-0953E1A5F18A","D1012","2026-05-15","2026-05-17",false,"None"
"CON-4C32AE71B7EA","APP-896FCF1D01A5","D1015","2026-05-15","2026-05-18",true,"Document_Error"
"CON-E597875CCD35","APP-155415867818","D1005","2026-05-15","2026-05-17",false,"None"
"CON-F7B940C54A5E","APP-37585C02D717","D4471","2026-05-15","2026-05-18",false,"None"
"CON-2B4BA4E4474B","APP-54F1717807D0","D1013","2026-05-16","2026-05-19",false,"None"
"CON-2797568BA0FE","APP-222D688F8B3E","D1005","2026-05-15","2026-05-17",false,"None"
"CON-9840BB59F9E4","APP-3473C5155DE7","D1003","2026-05-14","2026-05-16",false,"None"
"CON-3D91C22711C3","APP-CAFC69187287","D1003","2026-05-16","2026-05-17",false,"None"
"CON-F1315A182121","APP-734938D9C6BB","D1010","2026-05-15","2026-05-17",false,"None"
"CON-2EAABCE4E4E8","APP-7AAC1F237915","D1010","2026-05-16","2026-05-20",false,"None"
"CON-A9894697C5AC","APP-56743BFB6D1A","D1005","2026-05-16","2026-05-18",false,"None"
"CON-2E3726B33142","APP-0139232E4809","D1005","2026-05-16","2026-05-17",false,"None"
"CON-DE7BC9F14818","APP-3E53068B32F9","D4471","2026-05-14","2026-05-20",false,"None"
"CON-5FE72798ADF0","APP-C00DC584E0FC","D4471","2026-05-16","2026-05-20",false,"None"
"CON-648C62111B06","APP-FE1143393471","D1007","2026-05-15","2026-05-18",false,"None"
"CON-BDA84B6410BF","APP-F34A9D7817EE","D1006","2026-05-17","2026-05-18",false,"None"
"CON-956684477D82","APP-FCD543F408E7","D1002","2026-05-16","2026-05-18",false,"None"
"CON-4F88837B1CDE","APP-061FDB0FDFD4","D1002","2026-05-15","2026-05-16",false,"None"
"CON-50B5E71099A7","APP-8939EB2ACD9D","D1002","2026-05-17","2026-05-20",false,"None"
"CON-E0CA817FDB80","APP-86EB1A1ECB67","D1007","2026-05-15","2026-05-18",false,"None"
"CON-C66992F01C79","APP-85336AAC8032","D1005","2026-05-16","2026-05-17",false,"None"
"CON-4CDC648F4D8D","APP-CADD45519BD6","D1007","2026-05-15","2026-05-22",true,"Document_Error"
"CON-78EC3E4207AA","APP-D237BC1B8CBD","D1004","2026-05-15","2026-05-16",false,"None"
"CON-6DA4D09C4AD7","APP-46C1E7AF9DDE","D1004","2026-05-15","2026-05-16",false,"None"
"CON-39908735F7D3","APP-5C409F48414F","D1004","2026-05-16","2026-05-19",true,"Income_Verification"
"CON-06E5D0EF9F5D","APP-4A8B9039F4A2","D1002","2026-05-16","2026-05-18",false,"None"
"CON-CBBFBD3E9EB2","APP-E02B99D532A1","D1002","2026-05-17","2026-05-19",false,"None"
"CON-A70EBB3C7E99","APP-6EA6232E9DA3","D1002","2026-05-16","2026-05-19",true,"Proof_Of_Residence"
"CON-E9A1F9185F23","APP-39D6A7AD0758","D1002","2026-05-16","2026-05-17",false,"None"
"CON-2A360D0A42B5","APP-E6F0ECFA27BF","D1002","2026-05-16","2026-05-17",false,"None"
"CON-15FF44CAAC25","APP-4BB16CC23F84","D1009","2026-05-15","2026-05-17",false,"None"
"CON-D4C849FB011A","APP-CEBF6FCEFEC7","D1003","2026-05-16","2026-05-18",false,"None"
"CON-20E6DEEE79EF","APP-1347BF38F210","D1015","2026-05-17","2026-05-22",false,"None"
"CON-10525FDED461","APP-197984DE1A26","D4471","2026-05-16","2026-05-18",false,"None"
"CON-2E4704310A22","APP-CAB824896894","D1006","2026-05-15","2026-05-17",false,"None"
"CON-2655CC6F80EB","APP-C710197F18E5","D4471","2026-05-15","2026-05-16",false,"None"
"CON-F6C7D23110D5","APP-1D68F822E425","D1002","2026-05-15","2026-05-16",false,"None"
"CON-2C26C7A756A5","APP-20843B7C6B17","D1002","2026-05-17","2026-05-19",false,"None"
"CON-A0627C977EB1","APP-9104C68E9D5A","D4471","2026-05-15","2026-05-20",false,"None"
"CON-A21B51C20C93","APP-260A490B32F7","D1011","2026-05-16","2026-05-20",false,"None"
"CON-F6712EC1A28B","APP-D161D95A28B7","D1001","2026-05-16","2026-05-17",false,"None"
"CON-593383B18D76","APP-DA7D7A4EA9B7","D1001","2026-05-17","2026-05-18",false,"None"
"CON-40509BB4137E","APP-6E3BE6AF289C","D1001","2026-05-15","2026-05-17",false,"None"
"CON-32E35246E10B","APP-375D90D32692","D1001","2026-05-17","2026-05-18",false,"None"
"CON-6E81EDFC1A54","APP-8D6BDB04A3C8","D1001","2026-05-15","2026-05-16",false,"None"
"CON-583E03C6116E","APP-BCD284BCA07C","D1012","2026-05-15","2026-05-17",false,"None"
"CON-7BFE6D079A09","APP-26ACBF824166","D1005","2026-05-15","2026-05-16",false,"None"
"CON-8E16CC1CB27B","APP-077C6FA54241","D1012","2026-05-17","2026-05-19",false,"None"
"CON-0429E5A8099A","APP-DA8792717D73","D1005","2026-05-16","2026-05-17",false,"None"
"CON-5418D5A37B92","APP-283AC700B3D0","D1005","2026-05-17","2026-05-19",false,"None"
"CON-77FE8EA2E4ED","APP-D67400387582","D1005","2026-05-17","2026-05-18",false,"None"
"CON-5EF2A66BF3EC","APP-362CFF80CEB3","D1011","2026-05-15","2026-05-19",false,"None"
"CON-AD05346523ED","APP-0DA64DF9924E","D1011","2026-05-15","2026-05-18",false,"None"
"CON-9ED6DB5991A4","APP-DE500C3A45A5","D1011","2026-05-16","2026-05-17",false,"None"
"CON-94746E7EE95D","APP-13DFE2D08DE1","D1003","2026-05-17","2026-05-19",false,"None"
"CON-F0CE3C8AD2A9","APP-FA8B274DD00B","D1001","2026-05-17","2026-05-20",true,"Income_Verification"
"CON-25420E074253","APP-ABE74AC27AB8","D1013","2026-05-16","2026-05-20",false,"None"
"CON-79DC25B2EF55","APP-8E3E4853C4DD","D1003","2026-05-16","2026-05-18",false,"None"
"CON-9525112AB001","APP-27AD5A3B1E1D","D1008","2026-05-15","2026-05-18",false,"None"
"CON-0AB9AC11EE95","APP-3FF1B545DB6C","D1001","2026-05-17","2026-05-18",false,"None"
"CON-8D698A9EAB3E","APP-EC9C0552248C","D1001","2026-05-17","2026-05-18",false,"None"
"CON-B0B9AF5B2278","APP-9263DB831522","D1010","2026-05-15","2026-05-19",true,"Document_Error"
"CON-B8BB061D86A9","APP-DE399EB6F677","D1005","2026-05-16","2026-05-17",false,"None"
"CON-C7AE7EC2D0AB","APP-6C20D61CE560","D1001","2026-05-17","2026-05-18",false,"None"
"CON-2A7EA79CE3DC","APP-280CA5DBBC0C","D1003","2026-05-18","2026-05-19",false,"None"
"CON-E9563B35D74B","APP-5153356178B0","D1003","2026-05-16","2026-05-17",false,"None"
"CON-7C3F8C8FBD0C","APP-E07D7A72177E","D1003","2026-05-16","2026-05-19",false,"None"
"CON-0277FC966ABE","APP-89BD1D4AE637","D1008","2026-05-18","2026-05-22",true,"Income_Verification"
"CON-C49AE53715D6","APP-16DA9FDDC170","D1010","2026-05-17","2026-05-20",false,"None"
"CON-DE7A5312DA9A","APP-CC60EE37258F","D1001","2026-05-17","2026-05-19",false,"None"
"CON-3C1819628860","APP-6A1977346CCE","D1005","2026-05-17","2026-05-18",false,"None"
"CON-B7F329C2FF1F","APP-8320352D7767","D1005","2026-05-18","2026-05-19",false,"None"
"CON-19A779DFF2DA","APP-268B2DBFC3C9","D1002","2026-05-18","2026-05-20",false,"None"
"CON-E9A904F314C7","APP-4E852541FCC3","D4471","2026-05-18","2026-05-26",true,"Income_Verification"
"CON-27383949502E","APP-D39B1942E19A","D4471","2026-05-17","2026-05-23",true,"Income_Verification"
"CON-05F52FA8FC7F","APP-99E0EA2517F6","D1001","2026-05-16","2026-05-18",false,"None"
"CON-EB48814B1C8F","APP-D9183390A0D5","D1011","2026-05-16","2026-05-22",true,"Income_Verification"
"CON-9CE206F2930D","APP-51DC651BC050","D1004","2026-05-18","2026-05-20",false,"None"
"CON-58383F25B5B0","APP-798BBF82BE31","D1004","2026-05-18","2026-05-19",false,"None"
"CON-507610D55338","APP-64AF2E8C9214","D1011","2026-05-16","2026-05-19",false,"None"
"CON-CF6B86D909ED","APP-F18979DD27E5","D1003","2026-05-19","2026-05-23",true,"Document_Error"
"CON-C7FA6228CD2A","APP-4323F78AECB9","D1010","2026-05-18","2026-05-20",false,"None"
"CON-B05F88B73445","APP-C44A156648B1","D1001","2026-05-18","2026-05-20",false,"None"
"CON-C73AAF3DD4B8","APP-A292C1E2A957","D1001","2026-05-17","2026-05-20",false,"None"
"CON-0D6B417A7173","APP-06E34728C65C","D4471","2026-05-18","2026-05-26",true,"Document_Error"
"CON-3486EDB68C16","APP-457F82FB79F3","D4471","2026-05-17","2026-05-22",false,"None"
"CON-A9716F2DA34B","APP-D52C802E9A70","D1015","2026-05-17","2026-05-22",false,"None"
"CON-922530912542","APP-B0DBF7966F60","D1010","2026-05-18","2026-05-20",false,"None"
"CON-096738329E67","APP-46E67F10D21E","D1008","2026-05-19","2026-05-23",false,"None"
"CON-726D6B313678","APP-ACAC8E2145FF","D1008","2026-05-17","2026-05-21",true,"Document_Error"
"CON-1945A9C26977","APP-D40FA3C3D5D3","D1013","2026-05-17","2026-05-22",false,"None"
"CON-B21AAF7B9499","APP-4F38FCF17684","D1012","2026-05-18","2026-05-20",false,"None"
"CON-688AC14B3B84","APP-16932E8412CA","D1005","2026-05-17","2026-05-18",false,"None"
"CON-D80D5A645EF3","APP-7E3FF472772F","D1005","2026-05-19","2026-05-21",false,"None"
"CON-3EFA5A356862","APP-246C08FE4214","D1011","2026-05-19","2026-05-22",false,"None"
"CON-CD271AAC0099","APP-57A86C2C7C09","D1004","2026-05-17","2026-05-19",false,"None"
"CON-F2D0BCED7B58","APP-AA071CF8E5EF","D1004","2026-05-19","2026-05-22",false,"None"
"CON-132FBF20BE11","APP-5B4BE7F1CE4C","D1004","2026-05-17","2026-05-18",false,"None"
"CON-6A0A3E72E7B2","APP-93A4A0E920C5","D1002","2026-05-17","2026-05-19",false,"None"
"CON-5487121FABC4","APP-FEC5BAA53406","D1002","2026-05-18","2026-05-20",false,"None"
"CON-A58625A405C0","APP-59D56C496A12","D1002","2026-05-17","2026-05-18",false,"None"
"CON-F04BFBD2EF3D","APP-709F9134760D","D1001","2026-05-19","2026-05-21",false,"None"
"CON-16FE98C0C696","APP-A6AEB942A620","D1006","2026-05-17","2026-05-19",false,"None"
"CON-0BFD238F2B25","APP-2360472E5A39","D1002","2026-05-19","2026-05-21",false,"None"
"CON-ABE768B9851F","APP-76E0BB53CC0C","D1002","2026-05-19","2026-05-20",false,"None"
"CON-A9BDC650CC1F","APP-63FF311A2932","D1002","2026-05-19","2026-05-20",false,"None"
"CON-7ECDE781E011","APP-945F93F9F694","D1002","2026-05-19","2026-05-22",false,"None"
"CON-EA7C6F958111","APP-E356773ADBAC","D1002","2026-05-20","2026-05-23",false,"None"
"CON-F17833571D05","APP-ECB19119C0FC","D1012","2026-05-19","2026-05-22",true,"Income_Verification"
"CON-6EDBCB497E50","APP-E0CEBFE7D652","D1003","2026-05-19","2026-05-20",false,"None"
"CON-E837A4832D43","APP-D8003FCA32BB","D1005","2026-05-19","2026-05-20",false,"None"
"CON-04E7E06409B7","APP-2DE8DAEB3065","D1005","2026-05-19","2026-05-21",false,"None"
"CON-903B166D1D61","APP-B1C0E3F662C1","D1005","2026-05-18","2026-05-19",false,"None"
"CON-B14E8399E27C","APP-F6209029C3B8","D1004","2026-05-18","2026-05-20",false,"None"
"CON-06F161BDFDDF","APP-7837828B4DBA","D1004","2026-05-19","2026-05-21",false,"None"
"CON-F20988217743","APP-F0ACD9582F45","D1011","2026-05-20","2026-05-26",true,"Proof_Of_Residence"
"CON-BCC6CE724F0F","APP-78B78EC19AB5","D1011","2026-05-19","2026-05-23",false,"None"
"CON-DB899ED4B418","APP-AA6948AC6EBC","D1005","2026-05-18","2026-05-23",true,"Document_Error"
"CON-09FD1955589A","APP-B4CD87617BC6","D1007","2026-05-18","2026-05-21",false,"None"
"CON-250686A00680","APP-22B4E105D275","D1005","2026-05-19","2026-05-21",false,"None"
"CON-8FDC8072849A","APP-3D1CC41332CE","D1005","2026-05-19","2026-05-20",false,"None"
"CON-BAAEBF9731EE","APP-B0B9633910E6","D1010","2026-05-18","2026-05-21",false,"None"
"CON-59CBB439C3A4","APP-DBA785ED0C59","D1010","2026-05-20","2026-05-21",false,"None"
"CON-B93A3DA0CB73","APP-2FA104F4F2FA","D1008","2026-05-20","2026-05-22",false,"None"
"CON-C4DDF5B1C5F2","APP-FBFE025B5F26","D1013","2026-05-20","2026-05-25",true,"Document_Error"
"CON-4DFFE5DBC405","APP-FA80AF6F81F2","D1013","2026-05-18","2026-05-23",false,"None"
"CON-50EE536957F7","APP-6BA229C9CDE2","D1014","2026-05-19","2026-05-26",true,"Proof_Of_Residence"
"CON-1A334AA1DF39","APP-8AB0FB8A7A6B","D1005","2026-05-18","2026-05-19",false,"None"
"CON-7B383E4DB123","APP-07E88903EBA0","D1003","2026-05-20","2026-05-22",false,"None"
"CON-9639AAFFCB1B","APP-A05EFF03E080","D1003","2026-05-20","2026-05-21",false,"None"
"CON-DF34C135FB10","APP-5C23852A75B5","D1003","2026-05-18","2026-05-23",true,"Document_Error"
"CON-F4F4B933D37D","APP-9EE4E7432C96","D4471","2026-05-19","2026-05-22",false,"None"
"CON-B992475CBF6B","APP-422FA6619F4C","D4471","2026-05-20","2026-05-26",true,"Proof_Of_Residence"
"CON-5AB32081BA07","APP-70F613FBBA30","D1006","2026-05-20","2026-05-21",false,"None"
"CON-A11ECF81DB76","APP-CF6DF6B82339","D1001","2026-05-18","2026-05-20",false,"None"
"CON-BE14A8F83D42","APP-665D54ADBEB0","D1001","2026-05-19","2026-05-21",false,"None"
"CON-7A2A4CEFF1FD","APP-82C76F36393F","D1001","2026-05-19","2026-05-21",false,"None"
"CON-D34EA86CC23F","APP-DDDE46C9ABD8","D1001","2026-05-20","2026-05-22",false,"None"
"CON-5C5AE174982A","APP-C4484AB0981A","D1001","2026-05-18","2026-05-19",false,"None"
"CON-8F77C1B1A07A","APP-AA21BF5F6E84","D1001","2026-05-18","2026-05-19",false,"None"
"CON-33014AEC4CD9","APP-4DAAAA0567BD","D1001","2026-05-19","2026-05-20",false,"None"
"CON-29A63788C0AE","APP-63A6BCD627CB","D1009","2026-05-18","2026-05-21",false,"None"
"CON-AE5FA91C7449","APP-D24727FDF501","D4471","2026-05-21","2026-05-26",false,"None"
"CON-847E8384EE5A","APP-368661399CAB","D1014","2026-05-20","2026-05-26",false,"None"
"CON-8EB17550E2B4","APP-3147082C2EDE","D4471","2026-05-21","2026-05-25",false,"None"
"CON-C146E508FD5E","APP-3B3B721FF595","D1014","2026-05-20","2026-05-25",true,"Proof_Of_Residence"
"CON-B26394CBF592","APP-16F5E79961E3","D1013","2026-05-21","2026-05-29",true,"Document_Error"
"CON-ED01AE13A7A1","APP-4C0CD3B8E14A","D4471","2026-05-21","2026-05-26",true,"Proof_Of_Residence"
"CON-8FD1B25A5156","APP-A402EB57EAE0","D4471","2026-05-21","2026-05-27",true,"Document_Error"
"CON-7B0EC301977D","APP-DD4ABC7730DF","D4471","2026-05-21","2026-05-23",true,"Income_Verification"
"CON-EF7160BBAE11","APP-4A14CA8A1E16","D1004","2026-05-19","2026-05-21",false,"None"
"CON-B6D2D64E90FE","APP-09C2D3CF53C3","D1004","2026-05-19","2026-05-24",true,"Proof_Of_Residence"
"CON-FB70EB3DF399","APP-04318DCBF953","D1004","2026-05-21","2026-05-22",false,"None"
"CON-FA8E1FC3D814","APP-1D3416314A99","D1004","2026-05-19","2026-05-20",false,"None"
"CON-169BA6C1C0B0","APP-2DC4A6A5CE38","D1004","2026-05-21","2026-05-22",false,"None"
"CON-F48C30A0E73D","APP-3BC471455604","D1006","2026-05-20","2026-05-23",false,"None"
"CON-A7622AC8CF6A","APP-17F42E157146","D1002","2026-05-19","2026-05-20",false,"None"
"CON-9317E0C5DAEE","APP-B1648DFE4256","D1002","2026-05-20","2026-05-25",true,"Document_Error"
"CON-27BB2B707B9A","APP-215C25E6F7F1","D1002","2026-05-20","2026-05-21",false,"None"
"CON-7332FE9AAC51","APP-7EB5F5F8F7FF","D1002","2026-05-21","2026-05-22",false,"None"
"CON-BEF88D292069","APP-C4959B725FD4","D1002","2026-05-20","2026-05-21",false,"None"
"CON-E29504C44411","APP-85F9AFB3BF28","D1010","2026-05-21","2026-05-22",false,"None"
"CON-1540E89E077A","APP-7A66691A2271","D1001","2026-05-19","2026-05-20",false,"None"
"CON-3934E50B9476","APP-15040FF072B5","D1001","2026-05-21","2026-05-22",false,"None"
"CON-1A2038C6DDD6","APP-6F7C1479DBE2","D1003","2026-05-20","2026-05-22",false,"None"
"CON-1B896BEC4731","APP-FD016D6B76A7","D1001","2026-05-20","2026-05-21",false,"None"
"CON-664A6708F352","APP-EED971DEF6DD","D1001","2026-05-19","2026-05-20",false,"None"
"CON-8E69F90FE56D","APP-792EDC532E23","D1005","2026-05-21","2026-05-22",false,"None"
"CON-2B76768C136F","APP-63BAE2408A63","D1003","2026-05-21","2026-05-23",false,"None"
"CON-36C0EC2B8BD4","APP-239B60B9F9F1","D1003","2026-05-20","2026-05-21",false,"None"
"CON-84983208ABF9","APP-2EC7E3F63418","D1003","2026-05-20","2026-05-21",false,"None"
"CON-E50D1054A62C","APP-DF4FFA2F7A70","D1009","2026-05-19","2026-05-20",false,"None"
"CON-39E23F6FC9BB","APP-75633D05AA04","D1008","2026-05-21","2026-05-24",false,"None"
"CON-C62AD75645EC","APP-A4054A52B78E","D1008","2026-05-21","2026-05-24",false,"None"
"CON-795A15810EDA","APP-7D5C3B8DE818","D1010","2026-05-21","2026-05-26",true,"Document_Error"
"CON-E34CF39D6539","APP-89F1EDA52165","D1010","2026-05-19","2026-05-20",false,"None"
"CON-547287713D8E","APP-04D6A934B2A5","D1007","2026-05-20","2026-05-23",false,"None"
"CON-2745B703A461","APP-B18BCA4CB4AD","D1003","2026-05-21","2026-05-23",false,"None"
"CON-8F55F785C489","APP-3D7244820126","D1011","2026-05-20","2026-05-23",false,"None"
"CON-1343C2CEFA2E","APP-B83E9BAF8D77","D1009","2026-05-20","2026-05-23",false,"None"
"CON-0FFBBF66D651","APP-B83FD7E70909","D1012","2026-05-20","2026-05-22",false,"None"
"CON-205973E89914","APP-89670B253BF1","D1001","2026-05-21","2026-05-23",false,"None"
"CON-B5769135D9F8","APP-EB61329B8030","D4471","2026-05-22","2026-05-25",false,"None"
"CON-FEC0E1EB76AC","APP-B836400D7910","D4471","2026-05-21","2026-05-25",false,"None"
"CON-C42F41AE9BD4","APP-E5253EF3547E","D4471","2026-05-22","2026-05-26",false,"None"
"CON-18517AD0D87B","APP-8C7C1A6AEC68","D1004","2026-05-21","2026-05-23",false,"None"
"CON-BAEAE5B5BFA1","APP-2108E5A5376E","D4471","2026-05-20","2026-05-24",true,"Income_Verification"
"CON-D91DE57F3E8C","APP-4DE86D7AD75D","D4471","2026-05-20","2026-05-23",false,"None"
"CON-D383CCB47F18","APP-8D287A1A251D","D1001","2026-05-21","2026-05-23",false,"None"
"CON-2F681C142E81","APP-898F78F8865B","D4471","2026-05-20","2026-05-23",false,"None"
"CON-11E99CF3239D","APP-C797E6482295","D1010","2026-05-21","2026-05-22",false,"None"
"CON-909650B05DE7","APP-7BE1B36042BB","D1001","2026-05-22","2026-05-23",false,"None"
"CON-0B6E675813D7","APP-A6A403380721","D1001","2026-05-21","2026-05-23",false,"None"
"CON-D1F7C22DBB41","APP-7E6C9A578FA0","D1001","2026-05-20","2026-05-21",false,"None"
"CON-E91DC7B0B6E8","APP-8DBA46715CAA","D1010","2026-05-20","2026-05-25",true,"Document_Error"
"CON-3D9E34B8F3C1","APP-A242A6B3A9D5","D1001","2026-05-20","2026-05-22",false,"None"
"CON-15F3F01CDCDA","APP-AAF2C9A823B3","D1008","2026-05-20","2026-05-22",false,"None"
"CON-DFA9E83580E5","APP-421627B12750","D1015","2026-05-21","2026-05-23",false,"None"
"CON-B86FD6DF2627","APP-14018C9707E0","D1015","2026-05-21","2026-05-25",true,"Document_Error"
"CON-60277BEF392F","APP-17B9B3FA47BD","D1005","2026-05-20","2026-05-22",false,"None"
"CON-FA1DDCD4E76D","APP-8A7B2C477060","D1003","2026-05-21","2026-05-23",false,"None"
"CON-A5B180B4F917","APP-4DEE282A0779","D1011","2026-05-20","2026-05-23",false,"None"
"CON-6A01CCEE7047","APP-4E03659A768D","D1011","2026-05-22","2026-05-25",false,"None"
"CON-D6A0C72E9DA4","APP-4D4B67CF5BBE","D1003","2026-05-22","2026-05-23",false,"None"
"CON-6555825171B5","APP-0D9DB191C141","D1004","2026-05-20","2026-05-21",false,"None"
"CON-3A41B34420B3","APP-93148BC0CA1E","D1004","2026-05-22","2026-05-24",true,"Document_Error"
"CON-A46A3950185D","APP-10EBC898ACB2","D1004","2026-05-20","2026-05-21",false,"None"
"CON-E75D3E5FA298","APP-153C6A0B9D28","D1004","2026-05-22","2026-05-24",false,"None"
"CON-BFC2F827BB97","APP-4F52CCAA22BF","D1012","2026-05-21","2026-05-23",false,"None"
"CON-25785435E61D","APP-4A2AA93DE10A","D1012","2026-05-20","2026-05-21",false,"None"
"CON-4D1FBB608F99","APP-A98F403C3627","D1007","2026-05-20","2026-05-25",true,"Document_Error"
"CON-414604295B32","APP-982370BDDF04","D1005","2026-05-20","2026-05-21",false,"None"
"CON-01B080A66862","APP-7847F8FF94D4","D1005","2026-05-21","2026-05-22",false,"None"
"CON-D8F5532B66A4","APP-5B42F91472E0","D1005","2026-05-22","2026-05-24",false,"None"
"CON-902C312C486A","APP-368DC5285297","D1002","2026-05-20","2026-05-22",false,"None"
"CON-B6DD655B780E","APP-E02070BCD3B0","D1002","2026-05-21","2026-05-23",false,"None"
"CON-C686CE26786C","APP-8410A258861A","D1002","2026-05-20","2026-05-21",false,"None"
"CON-E48A077499C0","APP-E9B9BFB9EF13","D1002","2026-05-20","2026-05-22",false,"None"
"CON-8FA839809571","APP-3584E11A233B","D1002","2026-05-20","2026-05-21",false,"None"
"CON-E4D93C179FC1","APP-CB679CE4FE09","D1009","2026-05-21","2026-05-22",false,"None"
"CON-6280AFE400F7","APP-22D71E093C36","D1009","2026-05-22","2026-05-24",false,"None"
"CON-763D2A1F4FAB","APP-B299C7265690","D1009","2026-05-21","2026-05-25",false,"None"
"CON-ED19BC99B5D9","APP-41FC2E00B52F","D1009","2026-05-20","2026-05-23",false,"None"
"CON-8A63091BBC37","APP-50F6A4D7572F","D1003","2026-05-21","2026-05-23",false,"None"
"CON-3445E8FE6906","APP-DA47964944CE","D1006","2026-05-21","2026-05-25",false,"None"
"CON-17350FAC4EE6","APP-24A26F9A8EE9","D1006","2026-05-22","2026-05-26",true,"Income_Verification"
"CON-1521A9FA20EF","APP-CB92DB6ED5C7","D1003","2026-05-20","2026-05-21",false,"None"
"CON-B43B27D4870D","APP-C1B4AD1EE86B","D1001","2026-05-21","2026-05-23",false,"None"
"CON-91B9F907C849","APP-E6FEFC9B61C0","D1003","2026-05-22","2026-05-23",false,"None"
"CON-3BF12AC12DA1","APP-DDF9B567C64A","D1005","2026-05-21","2026-05-22",false,"None"
"CON-FADC2C4A34C2","APP-B203973B5A7C","D1005","2026-05-22","2026-05-23",false,"None"
"CON-D5D62EC50155","APP-F587AABA6EE1","D1003","2026-05-21","2026-05-22",false,"None"
"CON-01282071F1E9","APP-E1C8969D2B95","D1003","2026-05-21","2026-05-23",false,"None"
"CON-5B0C98A3F9FE","APP-F992668BAF7B","D1005","2026-05-22","2026-05-24",false,"None"
"CON-A0A30D4D9710","APP-2AF21C67B561","D1010","2026-05-23","2026-05-26",false,"None"
"CON-D5B05711FEB7","APP-E4F828C90C9A","D1005","2026-05-23","2026-05-24",false,"None"
"CON-099CA86E0BC6","APP-2419D6933BD2","D1005","2026-05-23","2026-05-25",false,"None"
"CON-61A97AE25F01","APP-6F4BEF3FB2A9","D1005","2026-05-21","2026-05-23",false,"None"
"CON-EA2CAF5321A2","APP-43917D4D9A29","D1009","2026-05-23","2026-05-27",true,"Document_Error"
"CON-33D7CBA9D672","APP-97ED2C79B6F6","D1014","2026-05-23","2026-05-24",false,"None"
"CON-206BD3BB0CE2","APP-DD8A96A99AE7","D4471","2026-05-23","2026-05-28",false,"None"
"CON-EE81C7668109","APP-B2FE105E0225","D1012","2026-05-21","2026-05-24",false,"None"
"CON-41D3035AB2E1","APP-15B270CFFAE9","D1004","2026-05-23","2026-05-24",false,"None"
"CON-221380092754","APP-053D5B2DD42B","D1004","2026-05-22","2026-05-23",false,"None"
"CON-DEBD6E50A3B9","APP-AAC1B36DFE0B","D1004","2026-05-22","2026-05-24",false,"None"
"CON-8ED34D402857","APP-67269187403D","D1004","2026-05-22","2026-05-24",false,"None"
"CON-FDA359AABF52","APP-5EE8A9CA9F3B","D1004","2026-05-22","2026-05-24",false,"None"
"CON-F1212E6404DD","APP-AA803CDA7BE6","D1007","2026-05-21","2026-05-24",false,"None"
"CON-305CF71F8B43","APP-F957ECF33751","D1007","2026-05-23","2026-05-27",false,"None"
"CON-D8B5EB8F82FE","APP-2D78D2595D6E","D1007","2026-05-22","2026-05-24",false,"None"
"CON-D56F5D49087F","APP-DB9A4D0A3A0F","D1002","2026-05-23","2026-05-25",false,"None"
"CON-1A05D4DC6DB5","APP-8B4D0EB0FB3A","D1002","2026-05-23","2026-05-28",true,"Document_Error"
"CON-0C4604EB2E41","APP-454DC51B87D4","D1002","2026-05-22","2026-05-24",false,"None"
"CON-16B0DA8C0E74","APP-81E25E60BF45","D1002","2026-05-23","2026-05-24",false,"None"
"CON-3D2EE61AD354","APP-9318DFDFD5B3","D1002","2026-05-22","2026-05-24",false,"None"
"CON-CEBF3EF99311","APP-CD24D7C4D102","D1006","2026-05-21","2026-05-22",false,"None"
"CON-EF36548ABC1E","APP-D4A8BE6896B7","D1006","2026-05-21","2026-05-24",false,"None"
"CON-4BE3710733B7","APP-D0090537C903","D1006","2026-05-22","2026-05-24",false,"None"
"CON-D7233BB521F9","APP-3EB560DCAE64","D1001","2026-05-22","2026-05-25",true,"Proof_Of_Residence"
"CON-0865404886B8","APP-012FF511209A","D1001","2026-05-23","2026-05-24",false,"None"
"CON-B3C721FD07EC","APP-F1E043EE75F4","D1001","2026-05-21","2026-05-22",false,"None"
"CON-4BC00ED9B93B","APP-C0E111FF8C92","D1001","2026-05-22","2026-05-27",true,"Income_Verification"
"CON-DEBF99C799C7","APP-B0C4EE468A10","D1003","2026-05-21","2026-05-23",false,"None"
"CON-E67BA831E2D8","APP-7055110AAFFE","D1015","2026-05-21","2026-05-26",false,"None"
"CON-AB24161F41AF","APP-D73386C88F10","D1003","2026-05-22","2026-05-23",false,"None"
"CON-63374850CAED","APP-ECE85DD9D2CF","D1003","2026-05-23","2026-05-25",false,"None"
"CON-EF08BF03B273","APP-B6B162AB731D","D4471","2026-05-22","2026-05-26",false,"None"
"CON-DB9CFD2F3151","APP-2268FDBEB4C6","D4471","2026-05-23","2026-05-27",false,"None"
"CON-9FEACDF32B35","APP-62C3237F0F7A","D1003","2026-05-23","2026-05-24",false,"None"
"CON-09BAE7383EF4","APP-77C952DB95CE","D1006","2026-05-22","2026-05-24",false,"None"
"CON-1F8D7A0C2EB2","APP-A92A34E3EC49","D1012","2026-05-22","2026-05-24",false,"None"
"CON-E6C86640903F","APP-3DAF1F0EF8FD","D1011","2026-05-23","2026-05-27",true,"Document_Error"
"CON-D882A7AA1E32","APP-74C781016ABB","D1012","2026-05-22","2026-05-24",false,"None"
"CON-6D3FDA88E0D0","APP-83496E1D0778","D1012","2026-05-23","2026-05-25",false,"None"
"CON-E14654BAE95B","APP-ED5E3B43A966","D1002","2026-05-23","2026-05-25",false,"None"
"CON-E672C4518FCF","APP-0DAE05BF910A","D1002","2026-05-24","2026-05-25",false,"None"
"CON-4BA028B668ED","APP-4D0C6B22285E","D1002","2026-05-23","2026-05-27",true,"Proof_Of_Residence"
"CON-86B2846F4061","APP-201E73188D41","D1007","2026-05-24","2026-05-28",false,"None"
"CON-300F7531B841","APP-98235C586774","D1007","2026-05-24","2026-05-27",false,"None"
"CON-98E67158277F","APP-D7EE8AC88404","D1007","2026-05-22","2026-05-24",false,"None"
"CON-25399931836C","APP-A5FD4DB97872","D1007","2026-05-23","2026-05-30",true,"Document_Error"
"CON-045D47F19663","APP-520386DE9578","D1011","2026-05-23","2026-05-26",false,"None"
"CON-40F70EBA111D","APP-C3DE4D765A56","D1013","2026-05-24","2026-05-29",false,"None"
"CON-0BDF5DFD0D86","APP-12955E211BF4","D4471","2026-05-22","2026-05-27",true,"Proof_Of_Residence"
"CON-DD534975835D","APP-57F1BD6F226F","D4471","2026-05-24","2026-05-28",false,"None"
"CON-D328C4BEA888","APP-AF61344AA005","D1001","2026-05-22","2026-05-24",false,"None"
"CON-FD5080067AD1","APP-F878BF6032A5","D1001","2026-05-23","2026-05-25",false,"None"
"CON-327CE0760436","APP-BE77068E92AB","D1001","2026-05-22","2026-05-24",false,"None"
"CON-846F2CCF022D","APP-C976C347C0A7","D1001","2026-05-23","2026-05-24",false,"None"
"CON-8BC7BEAEECB3","APP-80CFB2E2B79A","D1010","2026-05-22","2026-05-24",false,"None"
"CON-6330BA2C4E71","APP-43E2C74B366D","D1008","2026-05-24","2026-05-28",true,"Document_Error"
"CON-6306EEBCFD74","APP-C88830A2858C","D1009","2026-05-22","2026-05-24",false,"None"
"CON-176065E5E75D","APP-348C7796162B","D1004","2026-05-23","2026-05-24",false,"None"
"CON-E7A5CE66D834","APP-A008EA75FA37","D1004","2026-05-24","2026-05-25",false,"None"
"CON-D81ED4CE24D8","APP-12274102782B","D1015","2026-05-22","2026-05-24",false,"None"
"CON-609F6D1B8C17","APP-E1C386102329","D1004","2026-05-23","2026-05-27",true,"Document_Error"
"CON-15963A7EEDFE","APP-C7AE08791678","D1003","2026-05-23","2026-05-24",false,"None"
"CON-331E647AA4E1","APP-E72B3F49A0E2","D1003","2026-05-24","2026-05-25",false,"None"
"CON-78104B28AD69","APP-AC5D778C7980","D1003","2026-05-22","2026-05-24",false,"None"
"CON-82C6C608F019","APP-94A056F81EDA","D1005","2026-05-24","2026-05-27",false,"None"
"CON-29679158B612","APP-7D809FEEC1A2","D1005","2026-05-24","2026-05-26",false,"None"
"CON-837EE818D385","APP-73CC9486FB9C","D1006","2026-05-25","2026-05-26",false,"None"
"CON-5F65A6C69B76","APP-CBEB6B57AACF","D1005","2026-05-23","2026-05-24",false,"None"
"CON-258F2AEF8384","APP-BAD32D1A65FD","D1001","2026-05-25","2026-05-27",false,"None"
"CON-E529B4C33CEE","APP-13A72E576BC0","D1001","2026-05-25","2026-05-28",false,"None"
"CON-13933B25889F","APP-BF4A00A49CD1","D1001","2026-05-25","2026-05-27",false,"None"
"CON-D0D37C2DED64","APP-017051ABF729","D1012","2026-05-24","2026-05-26",false,"None"
"CON-AEACBEA36ACD","APP-A20F088E8EED","D1005","2026-05-25","2026-05-27",false,"None"
"CON-EFAEA579F49D","APP-734C72E0A00D","D1006","2026-05-25","2026-05-28",false,"None"
"CON-D872EDD588BF","APP-C55C4EB8F985","D1010","2026-05-23","2026-05-26",false,"None"
"CON-927DF3103F1C","APP-37D5EDDAD80E","D1010","2026-05-25","2026-05-27",false,"None"
"CON-C2D1A1CE24DB","APP-ABBEEDEED7E6","D1010","2026-05-25","2026-05-27",false,"None"
"CON-45F081570B33","APP-B10A4E6721C3","D1007","2026-05-24","2026-05-29",true,"Document_Error"
"CON-435CD3B86230","APP-C0F9BD5560B4","D1008","2026-05-23","2026-05-26",false,"None"
"CON-D70F4BA04482","APP-BCE96D16B92B","D1005","2026-05-25","2026-05-26",false,"None"
"CON-E4AB17FA8940","APP-DA9E45382FA1","D1004","2026-05-25","2026-05-27",false,"None"
"CON-65D647E98A9C","APP-386C52DA33C2","D1004","2026-05-25","2026-05-27",false,"None"
"CON-3969894AD829","APP-AC50C245DFEB","D1011","2026-05-25","2026-05-26",false,"None"
"CON-1B433F232E53","APP-67E2C55904DC","D1005","2026-05-25","2026-05-26",false,"None"
"CON-536E9452CC00","APP-66D2561D062F","D1011","2026-05-24","2026-05-31",true,"Proof_Of_Residence"
"CON-AEAB2AC1CA0F","APP-B072DC4F68C6","D1009","2026-05-24","2026-05-27",false,"None"
"CON-3D4F007259A8","APP-11869EC9AEAC","D1003","2026-05-23","2026-05-24",false,"None"
"CON-637DE13CA326","APP-6B0A44E5D47E","D1002","2026-05-26","2026-05-28",false,"None"
"CON-2EDE7F6233C2","APP-84AE53A05A23","D1007","2026-05-24","2026-05-27",false,"None"
"CON-1163255A2801","APP-F010BB0E6BAE","D1007","2026-05-25","2026-05-28",false,"None"
"CON-E81CEB4FC6D9","APP-E5D371E5A96D","D1002","2026-05-26","2026-05-27",false,"None"
"CON-0D1AF0A0AFEE","APP-7A6930C4552D","D1001","2026-05-24","2026-05-25",false,"None"
"CON-627B518E5936","APP-FEDCCB163C05","D1001","2026-05-25","2026-05-27",false,"None"
"CON-8B2CC3D17146","APP-FF68473E25A8","D1002","2026-05-26","2026-05-27",false,"None"
"CON-C3015E18D4AC","APP-4DB78CCAEC67","D1015","2026-05-25","2026-05-28",false,"None"
"CON-3163825C6BA9","APP-74823ED4AE74","D1001","2026-05-24","2026-05-26",false,"None"
"CON-1E709DD969CE","APP-FB83F9554A56","D1004","2026-05-25","2026-05-26",false,"None"
"CON-0322B7451A15","APP-D5635591E198","D1004","2026-05-24","2026-05-25",false,"None"
"CON-5267BA955008","APP-C9550F88D587","D1004","2026-05-24","2026-05-26",false,"None"
"CON-573D83EBCB7C","APP-078384A54405","D1008","2026-05-24","2026-05-26",false,"None"
"CON-CF9EEF5851AE","APP-5BA477129AEE","D1012","2026-05-26","2026-05-28",false,"None"
"CON-200E5EF47715","APP-B83E29959BCB","D1006","2026-05-24","2026-05-26",false,"None"
"CON-D9E730057AE9","APP-E6D051AE5D0A","D1003","2026-05-24","2026-05-25",false,"None"
"CON-160CC6ADEDE0","APP-DB0AC82D3E10","D1003","2026-05-24","2026-05-26",false,"None"
"CON-26C76136B723","APP-24EE51CD1283","D1010","2026-05-26","2026-05-27",false,"None"
"CON-24D853B3F89A","APP-54895DB6ADA2","D1012","2026-05-25","2026-05-28",false,"None"
"CON-4B3B3E8D598E","APP-128E7B220BF8","D1014","2026-05-25","2026-05-28",false,"None"
"CON-7A5CAD5C91F9","APP-AA6D634B745E","D4471","2026-05-25","2026-05-30",false,"None"
"CON-BFA1E2A9DC6C","APP-3C9F4C17D78A","D1006","2026-05-26","2026-05-29",false,"None"
"CON-EA8B3A27F594","APP-6C0ED953C2A2","D1005","2026-05-26","2026-05-27",false,"None"
"CON-07C05C3B51E7","APP-B85469981EAD","D4471","2026-05-26","2026-05-27",false,"None"
"CON-B7BB1448A177","APP-869821D24517","D1012","2026-05-25","2026-05-27",false,"None"
"CON-5987656C2BAB","APP-D3E0F4DECECC","D1005","2026-05-27","2026-05-29",false,"None"
"CON-7227E2527EDC","APP-047E80BA5D87","D1005","2026-05-25","2026-05-26",false,"None"
"CON-1C9110C0B696","APP-93F607663417","D4471","2026-05-27","2026-05-29",false,"None"
"CON-4BBCEAA19055","APP-E7F1D7D830E0","D4471","2026-05-26","2026-05-31",false,"None"
"CON-61CD5A3A8817","APP-0CD05BF96AF1","D4471","2026-05-25","2026-05-31",false,"None"
"CON-D12649F65CFD","APP-D3EBD1B327C3","D4471","2026-05-26","2026-06-01",false,"None"
"CON-5B9CBB9C3C8A","APP-701A00FA3F6A","D1008","2026-05-26","2026-05-28",false,"None"
"CON-A3CF0AB8C18E","APP-294DD1F7525A","D1004","2026-05-27","2026-05-28",false,"None"
"CON-C101FC3C8538","APP-F0FF5C17F2A3","D1004","2026-05-26","2026-05-28",false,"None"
"CON-8B4FFCA75B50","APP-3D043F826350","D1002","2026-05-27","2026-05-29",false,"None"
"CON-F5A82D480EE4","APP-74D1A9740A66","D1014","2026-05-26","2026-05-29",false,"None"
"CON-FE3A015D8242","APP-4C36FD22F50B","D1002","2026-05-25","2026-05-27",false,"None"
"CON-293A09FE317A","APP-D6C7B85A75D1","D1003","2026-05-25","2026-05-27",false,"None"
"CON-2DE61969AE07","APP-28B81F15A795","D1003","2026-05-26","2026-05-28",false,"None"
"CON-247C8FA50E91","APP-BF18D8CAC251","D1001","2026-05-26","2026-05-27",false,"None"
"CON-A1250787E6CB","APP-AAA1DEBAFD1A","D1008","2026-05-25","2026-05-29",false,"None"
"CON-A63BFFE826C7","APP-8D86646DDD30","D1008","2026-05-25","2026-05-27",false,"None"
"CON-B336D66096D5","APP-56406E10D1EB","D1007","2026-05-27","2026-05-30",false,"None"
"CON-B539E45FB0ED","APP-4C6454F55902","D1007","2026-05-27","2026-05-31",false,"None"
"CON-11775BF454DB","APP-2FC4AE7A6AA0","D1006","2026-05-26","2026-05-29",false,"None"
"CON-68DE3B41EB7A","APP-489BB9F23E1A","D1006","2026-05-27","2026-05-30",false,"None"
"CON-6EBA83850456","APP-4C0FEC9C47F8","D1001","2026-05-25","2026-05-26",false,"None"
"CON-25331B921048","APP-1E444FBF1D8C","D1001","2026-05-26","2026-05-27",false,"None"
"CON-7D96279829D5","APP-7CC3F0222653","D1001","2026-05-27","2026-05-29",false,"None"
"CON-246EB6046B69","APP-536A3B53FD10","D1001","2026-05-26","2026-05-28",false,"None"
"CON-F758AF6B3203","APP-3C8264F3C0BF","D1010","2026-05-25","2026-05-27",false,"None"
"CON-AA77A813A60B","APP-CA423E21672E","D1002","2026-05-27","2026-05-28",false,"None"
"CON-D1DF68CB8B81","APP-F6A8BD4C844B","D1002","2026-05-28","2026-05-29",false,"None"
"CON-67AFB63EAC36","APP-34F3E45E00AF","D1002","2026-05-27","2026-05-28",false,"None"
"CON-484E6D58F781","APP-E49AD388911C","D1002","2026-05-28","2026-05-29",false,"None"
"CON-E5318DFE1937","APP-3A7D292E9B0F","D1002","2026-05-26","2026-05-27",false,"None"
"CON-C49229013212","APP-2FCEDBB32EDB","D1006","2026-05-26","2026-06-03",true,"Document_Error"
"CON-FE6637DDD983","APP-B6CB51BE988B","D1006","2026-05-26","2026-05-28",false,"None"
"CON-954846E6B387","APP-814C74C520AC","D1006","2026-05-27","2026-05-30",true,"Income_Verification"
"CON-69C6D61A647C","APP-0C7DFFEEEC53","D1006","2026-05-27","2026-06-01",true,"Income_Verification"
"CON-F14F0F2EAB52","APP-FD151FE7E2BD","D1001","2026-05-28","2026-05-29",false,"None"
"CON-8CAE721B7E77","APP-417CB89B700F","D1012","2026-05-28","2026-05-29",false,"None"
"CON-EB690687EEB3","APP-8C5F0CEC3523","D1008","2026-05-28","2026-06-02",true,"Document_Error"
"CON-1B9D9748D03D","APP-7F8C0B4F2584","D1003","2026-05-27","2026-05-29",false,"None"
"CON-40EB8E9D9940","APP-77DAB2812098","D1005","2026-05-28","2026-05-30",false,"None"
"CON-6FA2BC2BD434","APP-223873DB3E95","D1005","2026-05-27","2026-05-28",false,"None"
"CON-56A00CF09894","APP-FBF45FF565D1","D1005","2026-05-26","2026-05-28",false,"None"
"CON-DC6702A628C6","APP-4C8EA0AB8BB0","D1005","2026-05-27","2026-05-28",false,"None"
"CON-F9EFC1DCBD32","APP-2F7E34281211","D1005","2026-05-28","2026-05-29",false,"None"
"CON-73DD80258BE5","APP-493C849AE9D0","D1003","2026-05-27","2026-05-28",false,"None"
"CON-C6F26C81C00A","APP-5B229135E421","D1003","2026-05-27","2026-05-29",false,"None"
"CON-44CD9A5A40C6","APP-511557E1BAFA","D1010","2026-05-27","2026-05-31",false,"None"
"CON-A1D638EB84F9","APP-CD289193E533","D1010","2026-05-26","2026-05-30",false,"None"
"CON-A2F776EBC618","APP-9FE756BDDB7B","D1009","2026-05-27","2026-05-30",false,"None"
"CON-8534F56189E0","APP-EBA483D76C7A","D1008","2026-05-28","2026-05-30",false,"None"
"CON-CD217CAA08C8","APP-42D955307D31","D1001","2026-05-27","2026-05-29",false,"None"
"CON-B8B57DFBBA1F","APP-8F783680108C","D1007","2026-05-27","2026-05-30",false,"None"
"CON-C42200CED3F3","APP-3FBF8A936FCE","D1007","2026-05-28","2026-05-31",false,"None"
"CON-0659EEDA3D22","APP-DC9203C8706C","D1001","2026-05-28","2026-05-30",false,"None"
"CON-89F8F2145E20","APP-DC5399C36ED4","D1003","2026-05-28","2026-05-30",false,"None"
"CON-9AA0A67D4225","APP-9E1DCE8585AB","D1001","2026-05-27","2026-05-29",false,"None"
"CON-382A8ED86F6D","APP-330453FE83A1","D1001","2026-05-28","2026-05-29",false,"None"
"CON-248F675B278A","APP-87AA04835A81","D1011","2026-05-26","2026-05-29",false,"None"
"CON-FFC356FCE64A","APP-6E5BE0341FAD","D1011","2026-05-28","2026-05-31",false,"None"
"CON-F1D7071247B3","APP-A143E62A2913","D1014","2026-05-27","2026-05-31",false,"None"
"CON-EC6C0771647F","APP-A34C9FE2FC85","D4471","2026-05-28","2026-06-04",true,"Income_Verification"
"CON-E28C61DAFD99","APP-480BBE9D031C","D4471","2026-05-26","2026-05-29",false,"None"
"CON-A3118AE81304","APP-CDAE811C4939","D4471","2026-05-28","2026-06-05",true,"Proof_Of_Residence"
"CON-EF02F53295A0","APP-0508E33CA5A0","D1004","2026-05-27","2026-05-29",false,"None"
"CON-B99D8D1FF0D7","APP-ABB901807EF6","D1004","2026-05-27","2026-05-28",false,"None"
"CON-901B018BD1F0","APP-12ADA33AC3EE","D1004","2026-05-27","2026-05-29",false,"None"
"CON-4A0EE5245AA0","APP-F1AE2F511866","D1004","2026-05-27","2026-05-29",false,"None"
"CON-426A098EE900","APP-F7E4B2DD7955","D1004","2026-05-28","2026-05-30",false,"None"
"CON-7419BD4D0AFF","APP-12D01CBA1A37","D1004","2026-05-27","2026-05-29",false,"None"
"CON-553EC7468C9E","APP-C0563082BF18","D1008","2026-05-29","2026-05-31",false,"None"
"CON-52EC05FCF4FE","APP-3EC2473D82E3","D1002","2026-05-27","2026-05-28",false,"None"
"CON-906D0588250D","APP-B0103C6740F5","D1008","2026-05-28","2026-05-31",false,"None"
"CON-55879319AD77","APP-593DA223F828","D1009","2026-05-29","2026-06-01",false,"None"
"CON-4A4D39F1B4AB","APP-D21331036651","D1005","2026-05-29","2026-05-30",false,"None"
"CON-6722E1B67D29","APP-3CDD3EEA89D5","D1004","2026-05-27","2026-05-29",false,"None"
"CON-CADF0161696F","APP-7C39AC08B4DF","D1009","2026-05-29","2026-06-01",false,"None"
"CON-7B5DD8D38046","APP-CD82C4755B67","D1005","2026-05-29","2026-05-30",false,"None"
"CON-68F60D4DB632","APP-C26B439B0AC1","D1002","2026-05-28","2026-05-30",false,"None"
"CON-C646D04D5F6F","APP-40E15B62360E","D1010","2026-05-28","2026-05-30",false,"None"
"CON-ACD4DA012CBB","APP-C4F66D81FBE5","D1012","2026-05-28","2026-05-31",false,"None"
"CON-5A8D886FAF67","APP-0F05F128E6AD","D4471","2026-05-27","2026-06-02",false,"None"
"CON-2B9428A339C0","APP-28CC1A10B7BD","D1003","2026-05-28","2026-05-29",false,"None"
"CON-AED6B405DA78","APP-23900653481B","D1002","2026-05-27","2026-05-29",false,"None"
"CON-6EC1E82CF4A6","APP-3C7F82B0A4A0","D4471","2026-05-28","2026-06-02",false,"None"
"CON-C55AB2499B52","APP-3A4C4D5A4632","D4471","2026-05-28","2026-06-04",true,"Document_Error"
"CON-63CB29632CE4","APP-8A755E186D04","D1002","2026-05-29","2026-06-02",true,"Document_Error"
"CON-44903420A31F","APP-E6964A5CA560","D1002","2026-05-29","2026-05-31",false,"None"
"CON-E5EFD53BD1EB","APP-912C8C29E119","D1002","2026-05-29","2026-05-31",false,"None"
"CON-EA55BF0BDAEE","APP-36AAA290E5E6","D1002","2026-05-27","2026-05-28",false,"None"
"CON-63B4A79BF24D","APP-8EE42FDCFBF2","D1003","2026-05-29","2026-05-31",false,"None"
"CON-890A6D744D4A","APP-E065030F7A4E","D1006","2026-05-28","2026-06-02",true,"Document_Error"
"CON-FA47B82913AA","APP-6153B1265061","D1005","2026-05-28","2026-05-29",false,"None"
"CON-9EEA42710625","APP-BD18E2863617","D1007","2026-05-27","2026-05-30",false,"None"
"CON-FF801391DA90","APP-A2339ECF881B","D1001","2026-05-29","2026-06-02",true,"Proof_Of_Residence"
"CON-A47585610979","APP-36E141CCE725","D1003","2026-05-27","2026-05-30",true,"Income_Verification"
"CON-47569D2DF29F","APP-2F7A1C1D5250","D1013","2026-05-28","2026-05-31",false,"None"
"CON-4A02CE0CB737","APP-8B03FF6A25B3","D1011","2026-05-28","2026-05-30",false,"None"
"CON-3909D0EE23AB","APP-7C681972992D","D1011","2026-05-28","2026-05-30",false,"None"
"CON-42D2D9D22877","APP-8E7C07B85C4E","D1011","2026-05-28","2026-06-01",false,"None"
"CON-993CCB4A369C","APP-B7DC3204B6F6","D1005","2026-05-27","2026-05-28",false,"None"
"CON-B4702A5785B4","APP-78A18C15432E","D1003","2026-05-28","2026-05-29",false,"None"
"CON-A981D8EE7B24","APP-D9BD302671F4","D1001","2026-05-27","2026-05-28",false,"None"
"CON-E68258C0FBA3","APP-5001F48278C3","D1001","2026-05-27","2026-05-29",false,"None"
"CON-79D0F86B02B3","APP-66289601E37D","D1001","2026-05-28","2026-05-30",false,"None"
"CON-8966BE12E4AB","APP-5E3520B82573","D1001","2026-05-27","2026-05-28",false,"None"
"CON-203B4C51B0F3","APP-C90D8F9ED306","D1001","2026-05-29","2026-05-30",false,"None"
"CON-B0B35883040C","APP-A2C465E454A3","D1012","2026-05-29","2026-05-31",true,"Document_Error"
"CON-7E663D579123","APP-2833449C5BE8","D1009","2026-05-28","2026-05-31",false,"None"
"CON-39F85867DCD6","APP-50D7B2A25E01","D1010","2026-05-29","2026-06-02",false,"None"
"CON-11FA1255C716","APP-7D6198D7AD93","D1010","2026-05-29","2026-05-30",false,"None"
"CON-4BD0CB2C1AF4","APP-020ABB5CB77C","D1003","2026-05-30","2026-06-01",false,"None"
"CON-37A527BCF9BA","APP-C265D01CDE81","D1003","2026-05-28","2026-05-29",false,"None"
"CON-3D2667EE3F61","APP-20A29DB225E5","D1003","2026-05-28","2026-05-30",false,"None"
"CON-A53730407367","APP-B9891AF8A511","D1006","2026-05-29","2026-06-01",false,"None"
"CON-8BB08B88B39F","APP-BE1AEDC78952","D1001","2026-05-30","2026-06-01",false,"None"
"CON-D5E4C3F18D3E","APP-0D2E539ECF5D","D1007","2026-05-28","2026-05-30",false,"None"
"CON-1907F55D9601","APP-95BD7E87C470","D1007","2026-05-28","2026-05-31",false,"None"
"CON-9F533FB9E2ED","APP-10403BB0D2A3","D1014","2026-05-29","2026-06-01",false,"None"
"CON-D36FB9B3A9F6","APP-F4C6D8919D6C","D1013","2026-05-30","2026-06-01",false,"None"
"CON-6F8D9D71C3F8","APP-47AC8ECE450A","D1011","2026-05-30","2026-05-31",false,"None"
"CON-2359D39CBDB0","APP-0BE9A46459FD","D1011","2026-05-28","2026-06-03",true,"Document_Error"
"CON-59F677B570F2","APP-B32B40BA1D9D","D1001","2026-05-28","2026-05-29",false,"None"
"CON-44AD376B0945","APP-0F6618E37540","D1001","2026-05-28","2026-06-01",true,"Income_Verification"
"CON-5F305F3780C3","APP-EEF8A5787D6E","D1001","2026-05-30","2026-05-31",false,"None"
"CON-39AE5869A0DF","APP-71D5FA0240F7","D1001","2026-05-30","2026-05-31",false,"None"
"CON-0AF530BB158C","APP-91E732F11238","D1002","2026-05-28","2026-05-29",false,"None"
"CON-7B64AB779413","APP-93172F2F29A1","D1001","2026-05-30","2026-05-31",false,"None"
"CON-C943F120A530","APP-ECCB6BA99053","D1001","2026-05-28","2026-06-02",true,"Income_Verification"
"CON-4407760793F7","APP-8D4155E2E394","D1004","2026-05-29","2026-05-31",false,"None"
"CON-561DA036A24F","APP-1428BF961B45","D1005","2026-05-28","2026-05-30",false,"None"
"CON-E6D0FDEB6164","APP-A7499C2FAEEC","D1004","2026-05-29","2026-05-30",false,"None"
"CON-5185A755D352","APP-A3CBFB9471AC","D1004","2026-05-29","2026-05-30",false,"None"
"CON-8CB7CE1F4D74","APP-80F289B1E104","D1004","2026-05-28","2026-05-30",false,"None"
"CON-C5BF34828A2A","APP-EB343491F87F","D1002","2026-05-29","2026-05-31",false,"None"
"CON-9AB66460A762","APP-2C6410FAF4D6","D1002","2026-05-30","2026-05-31",false,"None"
"CON-725695167FD3","APP-640D0E00393A","D1005","2026-05-30","2026-06-01",false,"None"
"CON-8F0F9FBA67B5","APP-5A52E313B504","D4471","2026-05-28","2026-06-02",false,"None"
"CON-4B056E06B9E5","APP-DDFBE83EBF81","D1005","2026-05-29","2026-05-30",false,"None"
"CON-51DC8D9BA835","APP-DB952DF142F6","D1005","2026-05-29","2026-05-30",false,"None"
"CON-563E64E6D31E","APP-BCCEE9605014","D4471","2026-05-29","2026-06-03",true,"Document_Error"
"CON-420BDA1D4341","APP-7C12EA671252","D1005","2026-05-29","2026-05-31",false,"None"
"CON-AEEFB14838C0","APP-0962025F4DC8","D1012","2026-05-30","2026-06-01",false,"None"
"CON-98ACFFA6464E","APP-8EB44AC450E8","D1012","2026-05-28","2026-05-30",false,"None"
"CON-166DCD2E2E5E","APP-393C873FF129","D1005","2026-05-29","2026-05-31",false,"None"
"CON-C1684A2DEC79","APP-5617945591BB","D1005","2026-05-30","2026-06-01",false,"None"
"CON-33954E40BF28","APP-B1932011D51B","D4471","2026-05-30","2026-06-05",false,"None"
"CON-49A56018A3FA","APP-781D54439838","D1011","2026-05-31","2026-06-02",false,"None"
"CON-C30300797F86","APP-D491F377E4C4","D1002","2026-05-29","2026-05-30",false,"None"
"CON-774E346FED05","APP-E19F86C56C82","D1012","2026-05-30","2026-06-02",false,"None"
"CON-D228B1B3A12C","APP-91EFCEABE076","D1011","2026-05-29","2026-05-30",false,"None"
"CON-9DD08F252E32","APP-70B14374C0D1","D1014","2026-05-31","2026-06-02",false,"None"
"CON-58D97D47D609","APP-F1BDD188D5A8","D1011","2026-05-29","2026-05-31",false,"None"
"CON-FAD1AAC2DDB0","APP-B26608A65613","D1011","2026-05-30","2026-06-02",false,"None"
"CON-29A45C545B26","APP-527E071C26A9","D1004","2026-05-30","2026-05-31",false,"None"
"CON-218DD1624269","APP-FAD88B4C27E0","D1003","2026-05-29","2026-05-30",false,"None"
"CON-47D00DEF05A6","APP-7FB583F8BD4D","D1010","2026-05-29","2026-05-31",false,"None"
"CON-AA320818C913","APP-9EF616861869","D1010","2026-05-29","2026-06-01",false,"None"
"CON-563657A6228F","APP-6C809425F0B2","D1004","2026-05-29","2026-05-30",false,"None"
"CON-C2F5FBBDB526","APP-A65EDA2AE2FC","D1004","2026-05-31","2026-06-01",false,"None"
"CON-C32BB9F16CEB","APP-9829CF8DEAA4","D1004","2026-05-29","2026-05-30",false,"None"
"CON-027E287DD5DD","APP-894797665B3C","D1004","2026-05-30","2026-06-02",true,"Document_Error"
"CON-DE5628DD7048","APP-CA063F88EE6B","D1004","2026-05-29","2026-05-30",false,"None"
"CON-9E380FFFA21A","APP-AE23419E8C65","D1002","2026-05-29","2026-05-30",false,"None"
"CON-DAF288C89611","APP-8DE1EDB8D33F","D1001","2026-05-31","2026-06-01",false,"None"
"CON-DBB5AB031B4A","APP-6D002FFAF71C","D1001","2026-05-30","2026-06-03",true,"Document_Error"
"CON-962BF93ABBE5","APP-5556C4CE3FEC","D1002","2026-05-31","2026-06-01",false,"None"
"CON-A0712B8A8049","APP-476CCDFD4AB9","D1002","2026-05-30","2026-05-31",false,"None"
"CON-358A18251C51","APP-C3E1E67C634D","D1002","2026-05-31","2026-06-02",false,"None"
"CON-8AF1B0A71292","APP-B1B266C5F018","D1001","2026-05-31","2026-06-01",false,"None"
"CON-27FDB5273606","APP-00513D784A0D","D1001","2026-05-30","2026-06-01",false,"None"
"CON-979A798E4D4A","APP-CCC3F1D4B1A0","D1001","2026-05-29","2026-05-31",false,"None"
"CON-FDDFAB4478E3","APP-7410A7654D17","D1009","2026-05-31","2026-06-02",false,"None"
"CON-E4306E0F6A9B","APP-E7CC8BC639F5","D1009","2026-05-31","2026-06-03",false,"None"
"CON-CB49D74AC97C","APP-55BB1BB4D7D4","D1003","2026-05-31","2026-06-01",false,"None"
"CON-29CA477ADD43","APP-F7E41B076B60","D4471","2026-05-31","2026-06-04",false,"None"
"CON-94013E9FD02D","APP-211A06BA3018","D4471","2026-05-30","2026-06-02",false,"None"
"CON-DC9056A00B48","APP-AC8558CDF1C6","D1007","2026-05-30","2026-06-02",false,"None"
"CON-10C62F51A1A6","APP-343D64C3B218","D1003","2026-05-31","2026-06-02",false,"None"
"CON-205C65D5C1EA","APP-8EBB7E219F0B","D1003","2026-05-30","2026-05-31",false,"None"
"CON-A3C2A9E8951F","APP-23A72C31584A","D4471","2026-05-31","2026-06-04",false,"None"
"CON-74DC6CA43C11","APP-421E262FC32B","D1003","2026-05-31","2026-06-01",false,"None"
"CON-84ED66B36165","APP-D67601278425","D1007","2026-05-31","2026-06-02",false,"None"
"CON-DC673E836067","APP-BFBDBE9519FE","D1005","2026-05-30","2026-05-31",false,"None"
"CON-B32333A8BFDD","APP-30AD0CFD63C7","D1005","2026-05-30","2026-05-31",false,"None"
"CON-AB42F743FF68","APP-4A0550AFAFDB","D1005","2026-05-31","2026-06-02",false,"None"
"CON-3B99ABAB0A7D","APP-C1337C1503FB","D1005","2026-05-31","2026-06-01",false,"None"
"CON-369AC7C36F4C","APP-8A190980D9FB","D1005","2026-05-30","2026-05-31",false,"None"
"CON-9F149CA6A214","APP-565436BB6313","D4471","2026-05-31","2026-06-03",false,"None"
"CON-F2876E0E7BF0","APP-3C2D6A388DB8","D4471","2026-05-31","2026-06-05",false,"None"
"CON-F36ED4EA1545","APP-185E27089CF3","D1008","2026-05-30","2026-06-02",false,"None"
"CON-25A24AC49A19","APP-FE75269F3C8F","D1008","2026-05-29","2026-06-01",false,"None"
"CON-7143F5A9D0B0","APP-BFB7A3479FD2","D1005","2026-05-30","2026-05-31",false,"None"
"CON-37D33E808504","APP-FB9282087A25","D1003","2026-05-30","2026-06-01",false,"None"
"CON-CF4CCC6FAF10","APP-6FDC4C715102","D1003","2026-05-31","2026-06-01",false,"None"
"CON-C5C1AC6B36AD","APP-6F626226F3E8","D1006","2026-05-31","2026-06-02",false,"None"
"CON-85E36A5109BE","APP-249A9D128FFE","D1006","2026-05-30","2026-06-01",false,"None"
"CON-DA2DF72A44D5","APP-D2461179AC7D","D1001","2026-06-01","2026-06-03",false,"None"
"CON-64ADC79800A5","APP-FAB9816328E8","D1003","2026-05-31","2026-06-02",false,"None"
"CON-D3FC8AA1C26B","APP-F4B23663A8CD","D4471","2026-06-01","2026-06-04",false,"None"
"CON-B668F2546C5D","APP-EB31F6E78022","D1007","2026-05-30","2026-06-01",false,"None"
"CON-5DFD7FE5F1A8","APP-9CD2F865CFB3","D1004","2026-05-30","2026-06-01",false,"None"
"CON-BCBB2990633A","APP-3DEAFA231F96","D1004","2026-05-30","2026-06-01",false,"None"
"CON-D34E3575DCF9","APP-00D6FCBCD2E0","D1004","2026-05-31","2026-06-02",false,"None"
"CON-2F6339758B95","APP-2D7B08A181B4","D1001","2026-06-01","2026-06-03",false,"None"
"CON-C3EFF9C8C8CC","APP-BECAD7A8F02E","D1006","2026-06-01","2026-06-03",false,"None"
"CON-267D7A21A910","APP-F036A546955B","D1006","2026-06-01","2026-06-04",false,"None"
"CON-D5E3F0EE2478","APP-D5FDBB988CEA","D1015","2026-05-30","2026-06-04",false,"None"
"CON-634C25BDF97D","APP-FD05AAA3C9A5","D1009","2026-05-31","2026-06-02",false,"None"
"CON-42905DC216CB","APP-F36AEE51992E","D1002","2026-05-30","2026-06-01",false,"None"
"CON-A88C20257EBB","APP-BD0F5491AB0E","D1003","2026-05-31","2026-06-02",false,"None"
"CON-BDB5EB4ACABD","APP-E73F4ACFE44A","D4471","2026-05-30","2026-06-06",true,"Proof_Of_Residence"
"CON-6BD5E5D94621","APP-231129080181","D1004","2026-06-01","2026-06-03",false,"None"
"CON-C057873B2228","APP-8C8899A26CCA","D1003","2026-05-30","2026-05-31",false,"None"
"CON-1D6312F1E44A","APP-96E47C024360","D1002","2026-06-01","2026-06-03",false,"None"
"CON-C66628175960","APP-5154535B6D43","D1002","2026-05-31","2026-06-01",false,"None"
"CON-C0592FCBA578","APP-FC3474EAD36C","D1003","2026-06-01","2026-06-03",false,"None"
"CON-4E44AE1196EF","APP-A5DC014B351E","D1005","2026-06-01","2026-06-03",false,"None"
"CON-DE2821D4A927","APP-CA9DE4ED0D05","D1005","2026-06-01","2026-06-02",false,"None"
"CON-3F9EF3A8E340","APP-BC5AA8417F06","D1005","2026-06-01","2026-06-03",false,"None"
"CON-77B463F2DAA9","APP-0E87F9EA0A51","D1005","2026-06-01","2026-06-02",false,"None"
"CON-B3D713551E1B","APP-9FA082E91B7B","D1005","2026-05-31","2026-06-01",false,"None"
"CON-E197458B5DDF","APP-13B3AC651B1A","D1005","2026-05-31","2026-06-02",false,"None"
"CON-266410F9F734","APP-A88995B2CE06","D1005","2026-06-02","2026-06-03",false,"None"
"CON-D6D2C9A3A96E","APP-1DD8C5CF54D3","D1002","2026-06-01","2026-06-02",false,"None"
"CON-438722C50A30","APP-F1A2762D380B","D1008","2026-05-31","2026-06-03",false,"None"
"CON-D806DB6582CA","APP-5C995158FD9F","D1003","2026-06-02","2026-06-03",false,"None"
"CON-4817B435F89B","APP-F5046ED98368","D1004","2026-06-02","2026-06-04",false,"None"
"CON-A902FBB316BD","APP-2A75405CAD1B","D1001","2026-05-31","2026-06-01",false,"None"
"CON-D381A0E6A4E4","APP-EF29261814BF","D1001","2026-06-02","2026-06-04",false,"None"
"CON-B8CAD2ECF55D","APP-8C433D4CAA6A","D1009","2026-06-01","2026-06-09",true,"Document_Error"
"CON-EE37E4C7357A","APP-03560AAA794B","D1014","2026-06-02","2026-06-07",true,"Document_Error"
"CON-2B6A70077EF6","APP-6CD96308856A","D1004","2026-06-02","2026-06-03",false,"None"
"CON-495AF7CB3FAA","APP-C390B1DA7274","D4471","2026-05-31","2026-06-03",true,"Income_Verification"
"CON-589DA2F71783","APP-D5D200EDFEA6","D1004","2026-06-01","2026-06-02",false,"None"
"CON-8EC35831CBCE","APP-0523FBAEB7C2","D1007","2026-06-01","2026-06-03",false,"None"
"CON-77F81294052C","APP-51ACFEA77B0E","D1007","2026-06-01","2026-06-04",false,"None"
"CON-BCA4BE2C005E","APP-4C960C3A1716","D1006","2026-05-31","2026-06-06",true,"Document_Error"
"CON-10976F5DF149","APP-454ED140F6A9","D1009","2026-06-02","2026-06-04",false,"None"
"CON-97A631D8AE47","APP-9674162EEC6D","D1009","2026-06-02","2026-06-06",true,"Income_Verification"
"CON-45E1299675DB","APP-294CEAE97824","D1001","2026-06-02","2026-06-03",false,"None"
"CON-DE9D692A7035","APP-3A847FDDE4C2","D1001","2026-05-31","2026-06-02",false,"None"
"CON-D90C436B9417","APP-EFC4313D5689","D1001","2026-06-01","2026-06-03",false,"None"
"CON-876371B1C804","APP-B1D865459623","D1010","2026-06-02","2026-06-05",false,"None"
"CON-2104888EB112","APP-DCB63B5848CD","D1007","2026-06-02","2026-06-05",false,"None"
"CON-23D58F10ED28","APP-8091B2DFEA35","D4471","2026-06-01","2026-06-04",false,"None"
"CON-5ED92FACB000","APP-AB6C760ECB78","D1011","2026-06-01","2026-06-04",false,"None"
"CON-7B14501C5D7D","APP-B9EDD3841B86","D1004","2026-06-01","2026-06-06",true,"Document_Error"
"CON-58A6B382D96F","APP-B18C961AF669","D1004","2026-06-02","2026-06-04",false,"None"
"CON-26EF4AAB61B6","APP-4F1F17C1EADC","D1004","2026-06-03","2026-06-04",false,"None"
"CON-CC52EE6A9896","APP-20EC90DEDC17","D1004","2026-06-03","2026-06-04",false,"None"
"CON-09406506FD33","APP-984323460C0A","D1001","2026-06-01","2026-06-03",false,"None"
"CON-3B1A089681D7","APP-E253AC7127C3","D1001","2026-06-02","2026-06-03",false,"None"
"CON-845A346E49AE","APP-023D1BE3E64F","D1013","2026-06-03","2026-06-09",false,"None"
"CON-BFCA8F62E8DE","APP-ABAA28B355E3","D1014","2026-06-01","2026-06-06",false,"None"
"CON-02880F9ED9B5","APP-BE89C6948624","D1001","2026-06-01","2026-06-02",false,"None"
"CON-C8C39B9E9B57","APP-3E49340B9535","D1001","2026-06-01","2026-06-02",false,"None"
"CON-A506E13517EC","APP-0A634B76665A","D1006","2026-06-03","2026-06-07",false,"None"
"CON-94DD1EF65D49","APP-21EAD0290206","D1011","2026-06-02","2026-06-03",false,"None"
"CON-EAFB2EA61818","APP-0019B6CE1C07","D1010","2026-06-02","2026-06-03",false,"None"
"CON-BA61279BD337","APP-A9F61AA9BC84","D1010","2026-06-02","2026-06-05",false,"None"
"CON-01F3CC0D20C0","APP-C1D94060F0D4","D1005","2026-06-03","2026-06-06",true,"Document_Error"
"CON-6B4F66B113E0","APP-856138C15F19","D1005","2026-06-03","2026-06-05",false,"None"
"CON-BEE619CA6C5C","APP-BE7497789F9F","D1003","2026-06-03","2026-06-04",false,"None"
"CON-B2CDDC6CCF51","APP-02623C4013F8","D1003","2026-06-01","2026-06-02",false,"None"
"CON-64E1771FF0E5","APP-5E801A397EAD","D1003","2026-06-03","2026-06-05",false,"None"
"CON-D35FD932EDEE","APP-9E93C1F6DABF","D1003","2026-06-02","2026-06-04",false,"None"
"CON-85FE8C24AE82","APP-6924D3B78E02","D1003","2026-06-02","2026-06-03",false,"None"
"CON-4A0BC59B5609","APP-AE0FE0F76039","D1005","2026-06-03","2026-06-04",false,"None"
"CON-47E6441C7167","APP-3A4B2D6B5B42","D1005","2026-06-01","2026-06-03",false,"None"
"CON-62386C5362F7","APP-34E7ACD0D6C4","D1002","2026-06-01","2026-06-03",false,"None"
"CON-1B7B321271D6","APP-52A3DDEEB147","D1002","2026-06-03","2026-06-05",false,"None"
"CON-FCC68D33BD7D","APP-10224D06AE2F","D1002","2026-06-01","2026-06-03",false,"None"
"CON-428DD89FA899","APP-CA473974EE25","D1002","2026-06-01","2026-06-02",false,"None"
"CON-0026F981ED2E","APP-FD4CC9C2E306","D1002","2026-06-02","2026-06-04",false,"None"
"CON-FC77433F2F4D","APP-1BBD84074E37","D1005","2026-06-03","2026-06-05",false,"None"
"CON-1303D289809E","APP-B4A20475D877","D4471","2026-06-03","2026-06-12",true,"Document_Error"
"CON-1A77189F3B2A","APP-93FDCD4F7563","D1003","2026-06-03","2026-06-04",false,"None"
"CON-5A94AF5342E1","APP-E616FA88D9EA","D1007","2026-06-03","2026-06-05",false,"None"
"CON-B553AB73CE1A","APP-84E70222A3BD","D1007","2026-06-04","2026-06-07",false,"None"
"CON-BB65E0F6F8AA","APP-D29A53EF8DF7","D1008","2026-06-04","2026-06-07",false,"None"
"CON-CB546E2C91B8","APP-0FE7036E3A92","D1008","2026-06-04","2026-06-06",false,"None"
"CON-28CAC6AE4A53","APP-3DBA0E4B28CD","D1005","2026-06-02","2026-06-04",false,"None"
"CON-E6FC35A9E6D7","APP-E76DFE50FC61","D1005","2026-06-04","2026-06-05",false,"None"
"CON-AC9739CB2320","APP-EFCCA0995AD5","D1005","2026-06-04","2026-06-06",false,"None"
"CON-28AEE6509963","APP-FA593DD4532A","D1005","2026-06-04","2026-06-05",false,"None"
"CON-89F0C97F381F","APP-7F2B791D48B9","D1005","2026-06-03","2026-06-05",false,"None"
"CON-C19D51C1542E","APP-56CE4F8B0856","D4471","2026-06-04","2026-06-06",false,"None"
"CON-BD19AC3B799F","APP-A5472C3467E8","D4471","2026-06-04","2026-06-11",true,"Document_Error"
"CON-2EDC0EA258A1","APP-F7C12E0CD40D","D4471","2026-06-03","2026-06-07",false,"None"
"CON-00EE605575CD","APP-D32429380A37","D1001","2026-06-04","2026-06-06",false,"None"
"CON-6044C68DB7CF","APP-648333DFD117","D1001","2026-06-03","2026-06-04",false,"None"
"CON-682CF0566066","APP-0DDC536C0AC9","D1001","2026-06-02","2026-06-05",false,"None"
"CON-EB2ABE4AA0C8","APP-4AAFA396862B","D1006","2026-06-02","2026-06-06",false,"None"
"CON-CA4E878623A8","APP-EED51EB4B251","D1012","2026-06-03","2026-06-06",false,"None"
"CON-124743C9B58D","APP-840C87F2E5AB","D1012","2026-06-02","2026-06-07",true,"Document_Error"
"CON-71D09098B5AF","APP-189C50597923","D1013","2026-06-02","2026-06-07",true,"Income_Verification"
"CON-7D70A24C80FC","APP-BBFA63CEC13F","D1011","2026-06-04","2026-06-06",false,"None"
"CON-450B1BB78A91","APP-04F84E0CF193","D1011","2026-06-04","2026-06-08",false,"None"
"CON-B0BC5D14AD2C","APP-1AE116AED9D5","D1011","2026-06-02","2026-06-04",false,"None"
"CON-0E1954FD8B08","APP-7D24DA54A887","D1010","2026-06-02","2026-06-05",false,"None"
"CON-6B35BA96990A","APP-4A4D8569C72D","D1010","2026-06-03","2026-06-08",true,"Document_Error"
"CON-889974C8F63F","APP-1D080A90368B","D1008","2026-06-03","2026-06-06",false,"None"
"CON-81DFA1513B4E","APP-EA3BD975839B","D1003","2026-06-02","2026-06-03",false,"None"
"CON-080AEBF05FD6","APP-F01C133B8E92","D1003","2026-06-04","2026-06-05",false,"None"
"CON-CF12D764C894","APP-058E79D9DD39","D1003","2026-06-02","2026-06-04",false,"None"
"CON-08981F07F0BF","APP-3B7655F23B3D","D1010","2026-06-04","2026-06-06",false,"None"
"CON-81FB3FB46492","APP-0025C930DE32","D4471","2026-06-02","2026-06-06",false,"None"
"CON-E5C7C1A9082D","APP-902AC07C01D3","D1015","2026-06-04","2026-06-09",false,"None"
"CON-B0EAE925615B","APP-9F4B719E328D","D1009","2026-06-03","2026-06-07",false,"None"
"CON-D5C725C125E2","APP-74B67134EDF6","D1004","2026-06-03","2026-06-04",false,"None"
"CON-EDC1AC26FDF1","APP-CE5BBD22576D","D1008","2026-06-03","2026-06-07",false,"None"
"CON-8EAEA59F2B3B","APP-5895F97CCD2E","D1004","2026-06-04","2026-06-06",false,"None"
"CON-821CAE09AC30","APP-78251E243A2D","D1004","2026-06-03","2026-06-04",false,"None"
"CON-60D2BAE5F1E5","APP-2AC1A5672D59","D1004","2026-06-03","2026-06-04",false,"None"
"CON-6E0D06596FC5","APP-9C94CA2B2B40","D1002","2026-06-04","2026-06-05",false,"None"
"CON-93358F53239A","APP-97CC0A522AF2","D1002","2026-06-03","2026-06-05",false,"None"
"CON-C4A6FC54FA3C","APP-DE61D37D7EF6","D1002","2026-06-02","2026-06-05",false,"None"
"CON-C5D3F457973F","APP-23D2D549667E","D1002","2026-06-02","2026-06-04",false,"None"
"CON-E723747D16B4","APP-1A00944C318F","D1002","2026-06-03","2026-06-05",false,"None"
"CON-767A6C9D6895","APP-60695E839537","D1002","2026-06-03","2026-06-04",false,"None"
"CON-C92CF1ECEE20","APP-C65E724DAF08","D1002","2026-06-04","2026-06-05",false,"None"
"CON-CA1F6F02FC0B","APP-60CDE4FE6FA5","D1001","2026-06-02","2026-06-04",false,"None"
"CON-2FB1E5201A90","APP-B09D567C960C","D1001","2026-06-02","2026-06-04",false,"None"
"CON-2F9005ADCC06","APP-67317C01F28E","D1012","2026-06-04","2026-06-06",false,"None"
"CON-5301F5F7997B","APP-67C86631412A","D1006","2026-06-03","2026-06-09",true,"Document_Error"
"CON-122589E6229C","APP-52E213EAE209","D1006","2026-06-04","2026-06-07",false,"None"
"CON-381AAF072681","APP-B535FF7BFBAC","D1003","2026-06-05","2026-06-07",true,"Document_Error"
"CON-473597430F10","APP-8364EFBC2826","D1010","2026-06-04","2026-06-08",false,"None"
"CON-CD919A2D7B06","APP-D3C5E7770197","D1001","2026-06-03","2026-06-04",false,"None"
"CON-839FC5F12DA0","APP-E438172BB398","D1003","2026-06-04","2026-06-05",false,"None"
"CON-99C3A3E892FB","APP-BE82AAD67EF7","D1004","2026-06-04","2026-06-06",false,"None"
"CON-D17A1BB4B73E","APP-1B0CDE6A0F6E","D4471","2026-06-05","2026-06-08",false,"None"
"CON-DA538E485CF6","APP-BEF6BE5FBBF0","D4471","2026-06-05","2026-06-12",true,"Proof_Of_Residence"
"CON-9B9FD4348000","APP-44B1C42DD881","D4471","2026-06-04","2026-06-10",false,"None"
"CON-FCBCD30EE13B","APP-3C11A2F2CACF","D4471","2026-06-05","2026-06-10",true,"Document_Error"
"CON-704B2E3A607A","APP-C52EAF8F4FBB","D1005","2026-06-05","2026-06-06",false,"None"
"CON-916AF82DEAA3","APP-85463101A7DC","D1005","2026-06-03","2026-06-04",false,"None"
"CON-7157EF45AB1C","APP-A7D8703B4B54","D1005","2026-06-03","2026-06-04",false,"None"
"CON-C75D2B1D07CA","APP-49087631F811","D1005","2026-06-03","2026-06-04",false,"None"
"CON-152E0B5E3905","APP-9074D9546E8F","D1005","2026-06-04","2026-06-06",false,"None"
"CON-7D4868EB8AAA","APP-A9CE842CAF6E","D1001","2026-06-04","2026-06-06",false,"None"
"CON-5F84171C9C79","APP-EEF757CED9E1","D1001","2026-06-04","2026-06-07",false,"None"
"CON-3EA8818881F1","APP-20D439EFFD73","D1012","2026-06-05","2026-06-07",false,"None"
"CON-58333D977136","APP-306751872D96","D1002","2026-06-05","2026-06-06",false,"None"
"CON-F5E015F6FF52","APP-A5B5AFBB8C4E","D1002","2026-06-04","2026-06-06",false,"None"
"CON-89B109319349","APP-3BAC8F2F5B11","D1002","2026-06-04","2026-06-05",false,"None"
"CON-B63E11E29939","APP-A1955D14AA45","D1002","2026-06-03","2026-06-04",false,"None"
"CON-F832D63776F1","APP-F18124AB7B68","D1004","2026-06-03","2026-06-04",false,"None"
"CON-AF47C5D1878E","APP-B23D28EF5317","D1008","2026-06-04","2026-06-07",false,"None"
"CON-22491A1A21C3","APP-64C869B81520","D1007","2026-06-05","2026-06-08",false,"None"
"CON-AA8B2457AFF1","APP-72D08A8A5EF3","D1007","2026-06-04","2026-06-10",true,"Document_Error"
"CON-8D01D8D48465","APP-DFD247C05713","D1007","2026-06-03","2026-06-06",false,"None"
"CON-49616D161E17","APP-E2E05B777742","D1013","2026-06-03","2026-06-07",false,"None"
"CON-C4AAA44D8B07","APP-C4DF6C8B34CB","D1011","2026-06-05","2026-06-08",false,"None"
"CON-934EABF270AA","APP-0097948A9443","D1011","2026-06-03","2026-06-05",false,"None"
"CON-AD6A9E058FC5","APP-8B61BD41887E","D1003","2026-06-04","2026-06-05",false,"None"
"CON-A5732739B4EA","APP-D8DF692112C4","D1009","2026-06-05","2026-06-09",false,"None"
"CON-8C88EE7B530E","APP-811125B1A506","D1009","2026-06-03","2026-06-08",false,"None"
"CON-3A5F5171B9CB","APP-503B2D21CD4D","D1004","2026-06-04","2026-06-07",false,"None"
"CON-6FD358A0F718","APP-990AA7146BDF","D1004","2026-06-04","2026-06-06",false,"None"
"CON-B87C36DAA92A","APP-809DD5419055","D1004","2026-06-05","2026-06-06",false,"None"
"CON-F2CC91383451","APP-CB345CE35EE1","D1011","2026-06-06","2026-06-08",false,"None"
"CON-3E69AEB2EF0B","APP-820A8FC59DC5","D1004","2026-06-06","2026-06-08",false,"None"
"CON-CA72B565E0EA","APP-FE971B3C3B7C","D1004","2026-06-06","2026-06-07",false,"None"
"CON-A04ACC85DA3E","APP-45606E07AABC","D1010","2026-06-06","2026-06-09",false,"None"
"CON-E830E3BC5AFF","APP-07D4A3A01831","D4471","2026-06-05","2026-06-10",false,"None"
"CON-362456C52324","APP-8F12BF3C63AA","D1010","2026-06-04","2026-06-07",false,"None"
"CON-BC66AE01A71A","APP-3C60AE92FF1A","D1013","2026-06-06","2026-06-10",false,"None"
"CON-E4713A050BFA","APP-0286D3245884","D1012","2026-06-06","2026-06-09",false,"None"
"CON-02BAF3116AA5","APP-762334B8DE6F","D1003","2026-06-05","2026-06-07",false,"None"
"CON-9838BA68C992","APP-FF45BEEFAD5A","D1003","2026-06-05","2026-06-07",false,"None"
"CON-8A02D35DD1DC","APP-EB150B0C1174","D1003","2026-06-06","2026-06-07",false,"None"
"CON-072E6B9CA378","APP-978F8AA177E0","D1003","2026-06-05","2026-06-08",true,"Income_Verification"
"CON-21593966D15D","APP-3732D1D18BE5","D1007","2026-06-05","2026-06-11",true,"Document_Error"
"CON-F7381A816403","APP-6B40A546C70E","D1007","2026-06-04","2026-06-07",false,"None"
"CON-60285F6D4E57","APP-38D943273E42","D1004","2026-06-06","2026-06-07",false,"None"
"CON-157CDE6A1DE7","APP-B2D515213B62","D1008","2026-06-06","2026-06-09",false,"None"
"CON-611258024572","APP-BA77DEB39039","D1014","2026-06-06","2026-06-10",false,"None"
"CON-420B44A39C9C","APP-998CD7E06FB6","D1008","2026-06-04","2026-06-08",false,"None"
"CON-09FB1EFA272D","APP-29065BABB261","D1008","2026-06-06","2026-06-08",false,"None"
"CON-648348EC2A3D","APP-0DD06348DAA5","D1002","2026-06-06","2026-06-08",false,"None"
"CON-714CF4A3D74D","APP-6E9662D9171F","D1002","2026-06-06","2026-06-07",false,"None"
"CON-E657822C383F","APP-C53A5855757F","D1002","2026-06-06","2026-06-07",false,"None"
"CON-A9092E1BA11B","APP-27F16019EF6C","D1002","2026-06-06","2026-06-07",false,"None"
"CON-6CDFEE8D91FD","APP-7AA74B1DA444","D1002","2026-06-04","2026-06-07",true,"Proof_Of_Residence"
"CON-9AA768A8863B","APP-D48C72A27B0C","D1002","2026-06-06","2026-06-09",false,"None"
"CON-66F719997752","APP-130CFC5DA1BA","D1009","2026-06-04","2026-06-07",false,"None"
"CON-449EF23B8314","APP-0425D8DACD49","D1006","2026-06-06","2026-06-09",false,"None"
"CON-E7DC21A422F5","APP-1479A84CFA22","D1006","2026-06-06","2026-06-08",false,"None"
"CON-D03AC938E265","APP-B01D1A01EE6A","D1006","2026-06-06","2026-06-08",false,"None"
"CON-A15680E5DF00","APP-24704BB4DB93","D1004","2026-06-06","2026-06-07",false,"None"
"CON-3EB90E90C556","APP-F94461DE32EB","D1004","2026-06-05","2026-06-07",false,"None"
"CON-445919F7B9B5","APP-F6D0EF6E3A55","D1004","2026-06-04","2026-06-08",true,"Document_Error"
"CON-50DAB1959E09","APP-43CF6EE209B1","D1001","2026-06-04","2026-06-05",false,"None"
"CON-C103EB8D4611","APP-0F1DD8003E60","D1001","2026-06-05","2026-06-07",false,"None"
"CON-0D487916EAFE","APP-AE4C0BA61554","D1003","2026-06-04","2026-06-05",false,"None"
"CON-9BF40021C850","APP-F78BEA326B20","D1003","2026-06-04","2026-06-05",false,"None"
"CON-8B2074553AD6","APP-72BF4909414F","D1001","2026-06-04","2026-06-05",false,"None"
"CON-09FD97EA41B6","APP-B14B8AA8D539","D1001","2026-06-06","2026-06-08",false,"None"
"CON-B876008EAB57","APP-9B458AE9A6FC","D1004","2026-06-05","2026-06-06",false,"None"
"CON-368D87D3411F","APP-64D0C3336649","D1009","2026-06-04","2026-06-07",false,"None"
"CON-3E3CE5F210BD","APP-B7AB72CF98E1","D1005","2026-06-06","2026-06-07",false,"None"
"CON-8D90FE0FDB0F","APP-6B1900D41A01","D1005","2026-06-06","2026-06-07",false,"None"
"CON-F096F6FFB31D","APP-9A8098B92360","D1005","2026-06-04","2026-06-06",false,"None"
"CON-B86E53AAB01F","APP-C6CF3D471311","D1005","2026-06-05","2026-06-06",false,"None"
"CON-4C9C0892120D","APP-2017D2B952B5","D1005","2026-06-06","2026-06-07",false,"None"
"CON-2BE5C92702F1","APP-23B6C1F2DF42","D1005","2026-06-04","2026-06-06",false,"None"
"CON-960830DF8ECA","APP-A9E1B04C5955","D1015","2026-06-06","2026-06-11",true,"Document_Error"
"CON-C7C65FC2CC05","APP-823C82E34040","D1003","2026-06-06","2026-06-08",false,"None"
"CON-BB6E75AD7461","APP-B6ADC516D346","D1003","2026-06-05","2026-06-07",false,"None"
"CON-9E2AAFB8F10D","APP-AA5019E83EDB","D1003","2026-06-05","2026-06-06",false,"None"
"CON-9BA44125DE07","APP-1710906FAB21","D1008","2026-06-06","2026-06-08",false,"None"
"CON-0D0A9E1F6E01","APP-81F4C1FD4DC9","D1003","2026-06-06","2026-06-07",false,"None"
"CON-F6B15D258BD1","APP-D50F5AF6BE04","D1003","2026-06-06","2026-06-09",false,"None"
"CON-20C7DAF06B85","APP-99A9058D1CDA","D1003","2026-06-07","2026-06-08",false,"None"
"CON-0AB93539E91F","APP-14995B71E65D","D1002","2026-06-05","2026-06-06",false,"None"
"CON-D455CDB2DF3B","APP-CAFA1E6AA195","D1006","2026-06-05","2026-06-07",false,"None"
"CON-CD0B9F159207","APP-CCFD101CBDDC","D1011","2026-06-05","2026-06-12",true,"Document_Error"
"CON-E4A6F60C0DA3","APP-F81B3A33CA06","D1001","2026-06-07","2026-06-09",false,"None"
"CON-70553D4F4B9C","APP-20F1CB9409CE","D1001","2026-06-05","2026-06-07",false,"None"
"CON-4D95234F80A6","APP-A2AB159D328C","D1004","2026-06-06","2026-06-07",false,"None"
"CON-C398D5DEFC92","APP-286B26CEFCC3","D1004","2026-06-05","2026-06-07",false,"None"
"CON-C92C35E7526D","APP-275431CEAA94","D1009","2026-06-05","2026-06-08",false,"None"
"CON-6B568A418806","APP-69BC4D4D75CA","D1009","2026-06-06","2026-06-09",false,"None"
"CON-DD2B9358938D","APP-421B2B7EDEAC","D1006","2026-06-06","2026-06-08",false,"None"
"CON-77A4BB7E7E70","APP-1BDC316520E5","D1005","2026-06-05","2026-06-06",false,"None"
"CON-D6A224F38229","APP-5200E0127C33","D1006","2026-06-07","2026-06-10",false,"None"
"CON-C5B04DC863CA","APP-FA9ED9BA4AC2","D1001","2026-06-05","2026-06-07",false,"None"
"CON-F73B712B1605","APP-B7C3C0508F98","D1001","2026-06-07","2026-06-08",false,"None"
"CON-F3CFEACE3180","APP-E574780036F7","D1012","2026-06-05","2026-06-09",false,"None"
"CON-4D98F290DE6D","APP-1AC02BA233AA","D1012","2026-06-06","2026-06-08",false,"None"
"CON-17EDBD01356A","APP-40D70FB66B30","D1002","2026-06-05","2026-06-06",false,"None"
"CON-398AD72E4E72","APP-1DD6519DC18A","D1002","2026-06-06","2026-06-08",false,"None"
"CON-B6ADDAC0060F","APP-D061534CFC4E","D1002","2026-06-07","2026-06-08",false,"None"
"CON-8DBC8041C44C","APP-C946CD86D905","D4471","2026-06-05","2026-06-09",false,"None"
"CON-88042B089259","APP-09A63605BC08","D1010","2026-06-07","2026-06-08",false,"None"
"CON-EA5AE4F74E71","APP-7DA0871439C4","D1005","2026-06-06","2026-06-12",true,"Proof_Of_Residence"
"CON-8D640AF8A625","APP-795EE9F4C670","D1005","2026-06-05","2026-06-06",false,"None"
"CON-EF028F6EE098","APP-871EC67912C1","D1010","2026-06-07","2026-06-10",false,"None"
"CON-D28E69F657BC","APP-A9E8FE3D73F0","D4471","2026-06-07","2026-06-11",false,"None"
"CON-3266EB4225E1","APP-75507D729152","D1007","2026-06-07","2026-06-10",false,"None"
"CON-AD480B982F75","APP-6867010B9B27","D1003","2026-06-07","2026-06-08",false,"None"
"CON-322950564D28","APP-6B3B4E0B8AAB","D1004","2026-06-08","2026-06-10",false,"None"
"CON-0A74614447FE","APP-4A1DECC3E3C3","D1005","2026-06-08","2026-06-09",false,"None"
"CON-B504C57E9FFE","APP-FF26837818D7","D1002","2026-06-07","2026-06-08",false,"None"
"CON-CDA29EB7D631","APP-D82AC5488FF2","D1009","2026-06-07","2026-06-14",true,"Document_Error"
"CON-A9B8F2C42311","APP-31565261EC54","D4471","2026-06-06","2026-06-14",true,"Proof_Of_Residence"
"CON-3D4C8932FCCB","APP-AD9AB56695F4","D1004","2026-06-08","2026-06-09",false,"None"
"CON-D2DC32AF70A8","APP-B7B0F1EA7279","D1003","2026-06-06","2026-06-08",false,"None"
"CON-9AAE1649DB34","APP-FA084BAB1719","D1003","2026-06-07","2026-06-09",false,"None"
"CON-2F7DE6C963F0","APP-4D273733AF63","D1006","2026-06-08","2026-06-09",false,"None"
"CON-98265267629D","APP-8D5A741400D6","D1010","2026-06-08","2026-06-10",false,"None"
"CON-7A62DFDC7225","APP-0F2D5984762F","D1014","2026-06-07","2026-06-10",false,"None"
"CON-26D3883364F3","APP-44DAA3484723","D4471","2026-06-08","2026-06-14",true,"Proof_Of_Residence"
"CON-EDBD706BFB6A","APP-3439900F4FDE","D1005","2026-06-07","2026-06-08",false,"None"
"CON-F2B22C73E80A","APP-B69FE7A333CC","D1008","2026-06-06","2026-06-09",false,"None"
"CON-BA94CA364B40","APP-BAA1D5E055EA","D1002","2026-06-06","2026-06-08",false,"None"
"CON-731FF7682776","APP-F416B830505B","D1001","2026-06-08","2026-06-10",false,"None"
"CON-1E598126A993","APP-211F63C09AC2","D1004","2026-06-06","2026-06-08",false,"None"
"CON-24D333004655","APP-A15AE7B464AF","D1005","2026-06-08","2026-06-09",false,"None"
"CON-B24BB661A182","APP-62949DBA380E","D1011","2026-06-06","2026-06-09",false,"None"
"CON-578139C69D25","APP-EEF3E54AF461","D4471","2026-06-07","2026-06-11",false,"None"
"CON-B3C9E07C55F4","APP-1B7008BB036C","D1001","2026-06-08","2026-06-09",false,"None"
"CON-BB06915DB6B7","APP-D8CC6EB15F6C","D1002","2026-06-07","2026-06-08",false,"None"
"CON-64EA81AAEDE8","APP-5118A764B672","D1013","2026-06-08","2026-06-13",false,"None"
"CON-945F400A6F83","APP-AD486363A6A2","D1005","2026-06-07","2026-06-08",false,"None"
"CON-821147C86287","APP-70C583349D81","D1002","2026-06-07","2026-06-09",false,"None"
"CON-02452AF70F88","APP-0AF9B4176762","D1002","2026-06-09","2026-06-10",false,"None"
"CON-23ECE9606939","APP-8CC85728912B","D1002","2026-06-08","2026-06-10",false,"None"
"CON-90A93AAC6339","APP-61922B8DC780","D1002","2026-06-08","2026-06-10",false,"None"
"CON-EC6C2A9AD43B","APP-F63DC453E543","D1009","2026-06-07","2026-06-11",false,"None"
"CON-7E849959F5C0","APP-A1DCA7E452F0","D1012","2026-06-09","2026-06-14",true,"Income_Verification"
"CON-C49C50501FB0","APP-180015983B57","D1006","2026-06-07","2026-06-14",true,"Document_Error"
"CON-C106ADCFA44F","APP-6AB873681548","D1003","2026-06-08","2026-06-10",false,"None"
"CON-7951513BC57E","APP-5E751AE558E2","D1001","2026-06-09","2026-06-11",false,"None"
"CON-C52E356CFE0D","APP-DA4EC546222E","D1001","2026-06-08","2026-06-09",false,"None"
"CON-801DAE7CF7D8","APP-3FF240FFCE85","D1001","2026-06-09","2026-06-15",true,"Proof_Of_Residence"
"CON-D9493E46BDBB","APP-448DFF7C993F","D1011","2026-06-09","2026-06-10",false,"None"
"CON-160429D1D06D","APP-9870DA909DDB","D1015","2026-06-07","2026-06-11",true,"Document_Error"
"CON-EE0E83ED4A02","APP-396D58F02ECC","D1004","2026-06-08","2026-06-10",false,"None"
"CON-D5F1F7569525","APP-BD9AC184D3DC","D1004","2026-06-09","2026-06-11",false,"None"
"CON-4CF15FE06FC4","APP-8D52651D354D","D1004","2026-06-07","2026-06-08",false,"None"
"CON-98C833EE266A","APP-558CB00A64AD","D1007","2026-06-09","2026-06-11",false,"None"
"CON-250A3095947E","APP-18CE3E16AE29","D1007","2026-06-07","2026-06-09",false,"None"
"CON-6D1F07D37C91","APP-9A870F2A82D0","D1009","2026-06-09","2026-06-10",false,"None"
"CON-6D52402C747F","APP-9ED101DB4E24","D1009","2026-06-07","2026-06-09",false,"None"
"CON-4000559A93A8","APP-1EF99EB1E29D","D1006","2026-06-09","2026-06-13",false,"None"
"CON-7D8BAEAEBB53","APP-EFBFD016A90E","D1006","2026-06-08","2026-06-10",false,"None"
"CON-992D97FD9F4A","APP-B0E1E6335B01","D1003","2026-06-08","2026-06-09",false,"None"
"CON-81F9B1EAB40F","APP-AE40E3808FC1","D1003","2026-06-07","2026-06-08",false,"None"
"CON-70A1BF5092D6","APP-674C3DE2B18E","D1003","2026-06-07","2026-06-09",false,"None"
"CON-68D47B4DA067","APP-54CA82D65D3D","D1010","2026-06-07","2026-06-09",false,"None"
"CON-E4B6AA7F283E","APP-E12C396FAAE9","D1014","2026-06-09","2026-06-14",false,"None"
"CON-26ED1F3C2363","APP-51490F251594","D1003","2026-06-10","2026-06-11",false,"None"
"CON-7EF6C4CF5893","APP-7608DCDFBBEB","D1003","2026-06-08","2026-06-10",false,"None"
"CON-4FAF755172B9","APP-EF4355D00BA3","D1001","2026-06-09","2026-06-10",false,"None"
"CON-726E4FC714ED","APP-F39AC389B3E6","D1001","2026-06-10","2026-06-12",false,"None"
"CON-00FC0D132919","APP-41A6B7B72593","D1001","2026-06-08","2026-06-09",false,"None"
"CON-C9454B972C1F","APP-0AA336D16E63","D1001","2026-06-10","2026-06-11",false,"None"
"CON-3E8C51C150B6","APP-9495A97A5A14","D1001","2026-06-08","2026-06-09",false,"None"
"CON-B631D53086B3","APP-F54B53D30550","D1001","2026-06-10","2026-06-12",false,"None"
"CON-1DE72FC71020","APP-A5723D6D658D","D1009","2026-06-09","2026-06-12",false,"None"
"CON-D7C4B30C0FD0","APP-6154E12D8045","D1009","2026-06-10","2026-06-11",false,"None"
"CON-3255C8CA6FA6","APP-FCA87683D945","D1009","2026-06-08","2026-06-09",false,"None"
"CON-2C0B6F229D7C","APP-C99499BE692B","D1006","2026-06-09","2026-06-12",false,"None"
"CON-5047DC7A332E","APP-21CD9DBE47C9","D1005","2026-06-10","2026-06-11",false,"None"
"CON-385CDE70F4C4","APP-FDE47E18F29B","D1005","2026-06-08","2026-06-09",false,"None"
"CON-3F85B9D91E55","APP-70D446B7116B","D1002","2026-06-09","2026-06-10",false,"None"
"CON-02E6E8327145","APP-9ABD7AC9C5C3","D1002","2026-06-08","2026-06-10",false,"None"
"CON-7EA924AAB5CC","APP-15625F202870","D1002","2026-06-09","2026-06-10",false,"None"
"CON-804F1FA2C51E","APP-429BE6AE5EA1","D1002","2026-06-10","2026-06-11",false,"None"
"CON-AB9CF2047A3C","APP-757308873102","D1012","2026-06-09","2026-06-12",false,"None"
"CON-87EFA7218DA7","APP-E027C49B8A81","D1010","2026-06-09","2026-06-14",true,"Document_Error"
"CON-241528C93F05","APP-E4BD739D5CF1","D1010","2026-06-08","2026-06-10",false,"None"
"CON-4DA538440B1A","APP-70AF5AFA09BD","D1003","2026-06-08","2026-06-10",false,"None"
"CON-C6410477E7ED","APP-C5BC3408EC4C","D1006","2026-06-10","2026-06-15",true,"Income_Verification"
"CON-EBFF60E5D816","APP-2F7C4F6B85C8","D1004","2026-06-10","2026-06-11",false,"None"
"CON-9D14AB823B90","APP-76D0BBA95D66","D1004","2026-06-09","2026-06-10",false,"None"
"CON-41EED2F53EA2","APP-475480BD1A4F","D1004","2026-06-08","2026-06-09",false,"None"
"CON-BA3414B571FB","APP-6636AF8EEB43","D1007","2026-06-08","2026-06-11",false,"None"
"CON-F0D011C634CA","APP-24B4BF199768","D1011","2026-06-09","2026-06-13",false,"None"
"CON-9DD722F68BB8","APP-155AB1FDF8CC","D1011","2026-06-08","2026-06-11",true,"Document_Error"
"CON-9CC537CC0E55","APP-9CFD76917AC1","D1004","2026-06-10","2026-06-11",false,"None"
"CON-6CF4FF3D8665","APP-F4DD3956EE00","D1003","2026-06-10","2026-06-12",false,"None"
"CON-2B2CB93EBE9B","APP-0D022A8009DD","D1005","2026-06-08","2026-06-10",false,"None"
"CON-32ED660809BA","APP-4CE0060807B1","D1013","2026-06-10","2026-06-14",true,"Income_Verification"
"CON-4ADC6F772191","APP-8EBA7D432B02","D1014","2026-06-09","2026-06-12",false,"None"
"CON-8570554D728A","APP-290581480B21","D4471","2026-06-10","2026-06-22",true,"Document_Error"
"CON-B7F2229FE164","APP-B54F6661D4A7","D4471","2026-06-09","2026-06-15",true,"Proof_Of_Residence"
"CON-B60C17C66419","APP-A7116A0EA1BD","D4471","2026-06-08","2026-06-12",false,"None"
"CON-685FED3C2E60","APP-D68EF61C501F","D4471","2026-06-10","2026-06-16",false,"None"
"CON-B38D2BBFF653","APP-E62A2B97738A","D1005","2026-06-08","2026-06-09",false,"None"
"CON-CA16331A001F","APP-9C8D21A70013","D1008","2026-06-09","2026-06-11",false,"None"
"CON-EB22F36AFF89","APP-32C676144990","D1004","2026-06-11","2026-06-12",false,"None"
"CON-ED85580FA809","APP-53326592085E","D1004","2026-06-11","2026-06-12",false,"None"
"CON-412473E9C7FB","APP-AAF20908387E","D1004","2026-06-09","2026-06-10",false,"None"
"CON-788F18526965","APP-AFA56C7DFF80","D1004","2026-06-10","2026-06-12",false,"None"
"CON-0B9FD7F1CEC6","APP-EF9A77863970","D1004","2026-06-10","2026-06-12",false,"None"
"CON-5CD5DA197441","APP-6225074941AF","D1001","2026-06-09","2026-06-11",false,"None"
"CON-AA1B1550A719","APP-7B72D53630C1","D1004","2026-06-09","2026-06-10",false,"None"
"CON-DAEA36091F74","APP-D6F32D08C0C2","D1004","2026-06-09","2026-06-10",false,"None"
"CON-D6671416CAF2","APP-AAF0124B58E9","D1004","2026-06-10","2026-06-12",false,"None"
"CON-82AC011A28F7","APP-7AF55AC73C19","D1001","2026-06-09","2026-06-13",true,"Proof_Of_Residence"
"CON-AAF2B958084C","APP-A5049F547679","D1001","2026-06-11","2026-06-13",false,"None"
"CON-B92B963E2314","APP-41C0EDDCCA10","D1004","2026-06-09","2026-06-10",false,"None"
"CON-82DA4625ECD9","APP-2DCE150B6166","D1013","2026-06-09","2026-06-17",true,"Document_Error"
"CON-127DB62A37CF","APP-FF31E2779FF3","D1001","2026-06-09","2026-06-11",true,"Proof_Of_Residence"
"CON-EE2CF2783282","APP-7915797539F6","D1006","2026-06-09","2026-06-11",false,"None"
"CON-9BBA4B1B4A9C","APP-526D19B2FAAF","D1006","2026-06-11","2026-06-14",false,"None"
"CON-4AC60ED301D8","APP-C2502662FB17","D4471","2026-06-11","2026-06-16",false,"None"
"CON-50334011095F","APP-EEDF508A7872","D1012","2026-06-10","2026-06-11",false,"None"
"CON-3E3CF22F549A","APP-A85FADAFD276","D1012","2026-06-11","2026-06-13",false,"None"
"CON-A38597666A0D","APP-AFAF6FC9E735","D1009","2026-06-10","2026-06-12",false,"None"
"CON-906946F3B360","APP-0347F1BCBEA9","D4471","2026-06-11","2026-06-18",false,"None"
"CON-B057D8127F25","APP-A7CE0B6D2AFE","D1002","2026-06-09","2026-06-10",false,"None"
"CON-1F78FBD4453D","APP-661E24F31DBD","D1002","2026-06-09","2026-06-11",false,"None"
"CON-19FA4AF5BC2E","APP-0696CB2509D4","D1002","2026-06-09","2026-06-11",false,"None"
"CON-69C29A35CC0E","APP-EB6B75510A38","D1002","2026-06-10","2026-06-12",false,"None"
"CON-7D5DB563AC5B","APP-A359107AED63","D1002","2026-06-09","2026-06-10",false,"None"
"CON-580E32DFAF2C","APP-E6A198309667","D1015","2026-06-11","2026-06-16",true,"Proof_Of_Residence"
"CON-F3490AD7CDFC","APP-0C2C33C14808","D1008","2026-06-10","2026-06-12",false,"None"
"CON-77B9909DFBC1","APP-B4EA2E52DE1C","D1008","2026-06-11","2026-06-15",false,"None"
"CON-3F9A58C0BF63","APP-FAC039793861","D1005","2026-06-10","2026-06-12",false,"None"
"CON-B691B9D5785D","APP-15CEBFB91A4D","D1005","2026-06-10","2026-06-12",true,"Income_Verification"
"CON-861522CBEC17","APP-929CF2272F0C","D1005","2026-06-10","2026-06-11",false,"None"
"CON-8B907A7C0FA9","APP-CCD27DC02E72","D1005","2026-06-10","2026-06-15",true,"Document_Error"
"CON-BFB5B2A1F026","APP-23B663BFE00A","D1005","2026-06-10","2026-06-11",false,"None"
"CON-0004D82848C6","APP-BC3BCC7970EA","D1005","2026-06-10","2026-06-11",false,"None"
"CON-9623D3661D6C","APP-FE73B62D3D8B","D1010","2026-06-09","2026-06-12",false,"None"
"CON-F50347879373","APP-D01C4D38885A","D1003","2026-06-11","2026-06-13",false,"None"
"CON-AED277301981","APP-B8FFF361EA70","D1003","2026-06-10","2026-06-11",false,"None"
"CON-0A71A2FCF7C2","APP-D2B820596325","D1007","2026-06-09","2026-06-11",false,"None"
"CON-915DE038B8B4","APP-07D0024BB3EC","D1011","2026-06-11","2026-06-15",false,"None"
"CON-6839DA9B476C","APP-DEEA143A0E12","D1003","2026-06-10","2026-06-11",false,"None"
"CON-1EF74CB6EAFC","APP-5CFFFCE53D2F","D1004","2026-06-11","2026-06-13",false,"None"
"CON-0C1A6479D5E4","APP-86C4E2DA961D","D1003","2026-06-10","2026-06-11",false,"None"
"CON-ACB80E70D339","APP-B53623989BE4","D1003","2026-06-09","2026-06-11",false,"None"
"CON-6773804EC1F6","APP-37621E44FBD1","D1015","2026-06-12","2026-06-15",false,"None"
"CON-E5FA0ACBF646","APP-6640DD3AD026","D1001","2026-06-10","2026-06-15",true,"Document_Error"
"CON-9D4B16877CDA","APP-B5BC9A7D9544","D1001","2026-06-10","2026-06-12",false,"None"
"CON-106E76526371","APP-2940B2AC86EA","D1001","2026-06-10","2026-06-11",false,"None"
"CON-30A52140E874","APP-F01C06D3AA08","D1001","2026-06-12","2026-06-14",false,"None"
"CON-1935D055B77A","APP-85BD95AA62B9","D1001","2026-06-12","2026-06-13",false,"None"
"CON-56E318B73DFF","APP-0A0470C3FD9B","D1002","2026-06-10","2026-06-11",false,"None"
"CON-503120A648E8","APP-E876E0287863","D1002","2026-06-10","2026-06-11",false,"None"
"CON-429DD7A8E6B7","APP-67982495BE07","D4471","2026-06-12","2026-06-17",false,"None"
"CON-4979467F87F3","APP-732A55B247AA","D4471","2026-06-11","2026-06-17",true,"Document_Error"
"CON-75B8F8A93133","APP-A23937CDEBBE","D4471","2026-06-11","2026-06-18",false,"None"
"CON-2521B5F198CA","APP-FE374C2C387F","D4471","2026-06-12","2026-06-16",false,"None"
"CON-E6B047BE777D","APP-BEF06DE134B5","D4471","2026-06-10","2026-06-15",false,"None"
"CON-D7A9839F36FA","APP-363AC6622562","D1008","2026-06-12","2026-06-19",true,"Income_Verification"
"CON-69CBEBD80360","APP-13963055850C","D1003","2026-06-10","2026-06-11",false,"None"
"CON-995246A0C7D7","APP-CAD4745C590D","D1003","2026-06-10","2026-06-11",false,"None"
"CON-598E64161573","APP-8BE004F31A0A","D1003","2026-06-12","2026-06-15",true,"Document_Error"
"CON-C1AA3E81C46A","APP-5F88F2B8D6DC","D1011","2026-06-11","2026-06-16",true,"Document_Error"
"CON-6FC8EA469F09","APP-81B664FE6463","D1007","2026-06-12","2026-06-14",false,"None"
"CON-F53A8F004758","APP-1E1227B2C159","D1009","2026-06-11","2026-06-12",false,"None"
"CON-2F7F420A36D9","APP-A838E47515FC","D1005","2026-06-11","2026-06-12",false,"None"
"CON-DCBDBE403A7E","APP-3EE1059C320D","D1012","2026-06-10","2026-06-12",false,"None"
"CON-D4CA150CB75A","APP-C679D02D014E","D1005","2026-06-12","2026-06-13",false,"None"
"CON-B77736661477","APP-CC6934B9BE1C","D1005","2026-06-12","2026-06-14",false,"None"
"CON-0E489ED05A5D","APP-1382E1882B6F","D1005","2026-06-12","2026-06-14",false,"None"
"CON-3B2BF8707C35","APP-728E11ED8C2F","D1004","2026-06-12","2026-06-14",false,"None"
"CON-E00A52E34DC3","APP-D55E6D47556E","D1004","2026-06-11","2026-06-12",false,"None"
"CON-35E7FB9EEE24","APP-DF939D93D4D5","D1010","2026-06-10","2026-06-14",false,"None"
"CON-ED5B88652D2E","APP-5D41F883444C","D1006","2026-06-11","2026-06-12",false,"None"
"CON-250883DC0EED","APP-1FBFED735B45","D1008","2026-06-10","2026-06-13",false,"None"
"CON-F290DE71360B","APP-0BE4C03456B7","D1001","2026-06-13","2026-06-15",false,"None"
"CON-5D156DE0F646","APP-DC94889BF0A6","D1011","2026-06-12","2026-06-15",false,"None"
"CON-694F247AE84B","APP-0C1EE0C471C9","D1004","2026-06-13","2026-06-15",false,"None"
"CON-58150052A902","APP-B732A03240AD","D1004","2026-06-12","2026-06-13",false,"None"
"CON-1A0CCE46B901","APP-A3659B062E13","D1010","2026-06-11","2026-06-15",false,"None"
"CON-4D785540E210","APP-4ABEC75E8462","D1001","2026-06-12","2026-06-14",false,"None"
"CON-65167A03D0BF","APP-5E146FD47809","D1001","2026-06-12","2026-06-14",false,"None"
"CON-A2D29FF4AB8C","APP-B71B28A2B7FC","D1001","2026-06-11","2026-06-13",false,"None"
"CON-E7B1B302603B","APP-057F7CEF6A62","D1011","2026-06-13","2026-06-16",false,"None"
"CON-B83A59301F5D","APP-4A845BFA8A38","D1002","2026-06-12","2026-06-15",false,"None"
"CON-F2D4CB261FB6","APP-2760A4453068","D1010","2026-06-12","2026-06-16",false,"None"
"CON-6BBB634C573B","APP-C8FFF58B24AD","D1010","2026-06-12","2026-06-14",false,"None"
"CON-D3C9EC95AC92","APP-7BE1945E1DEB","D1003","2026-06-13","2026-06-15",false,"None"
"CON-D302C4132241","APP-E0FBA2028CBA","D1003","2026-06-12","2026-06-13",false,"None"
"CON-D83D9834F0EE","APP-978B4ED127D8","D1003","2026-06-12","2026-06-13",false,"None"
"CON-89B82CD5CCC3","APP-B8F70278F038","D1003","2026-06-13","2026-06-14",false,"None"
"CON-2A168D5CE833","APP-2498F607D55F","D1012","2026-06-13","2026-06-15",false,"None"
"CON-2D4A9E8BCDA0","APP-86FD187828E1","D1012","2026-06-11","2026-06-13",false,"None"
"CON-8A7A6AE4E6F0","APP-99D9A6A07452","D1015","2026-06-11","2026-06-13",false,"None"
"CON-873EBED0B321","APP-CCDEF43621E2","D1002","2026-06-11","2026-06-13",false,"None"
"CON-0D08D4CFA3F1","APP-FE1C29CDFBDC","D1002","2026-06-11","2026-06-12",false,"None"
"CON-00C0C79BC1EC","APP-3E24BAE2B118","D1002","2026-06-11","2026-06-12",false,"None"
"CON-8CFB05FAC61E","APP-F95983D8E24C","D4471","2026-06-11","2026-06-17",false,"None"
"CON-B332A34B3514","APP-BD7FEB3A4E8E","D4471","2026-06-13","2026-06-20",false,"None"
"CON-44A707733040","APP-607B9ECE82B8","D1007","2026-06-12","2026-06-15",false,"None"
"CON-7BE07E876145","APP-FD1528CE2F87","D1005","2026-06-13","2026-06-15",true,"Document_Error"
"CON-C717D6565D59","APP-09B3CD789FA8","D1005","2026-06-11","2026-06-12",false,"None"
"CON-4E591506E4F2","APP-D6872532FA1D","D1005","2026-06-12","2026-06-14",false,"None"
"CON-3582161B88FC","APP-C3E8B63BA6D3","D1005","2026-06-13","2026-06-14",false,"None"
"CON-28DB8401F315","APP-F0339CCA8BE0","D1005","2026-06-13","2026-06-15",false,"None"
"CON-DA0DC0B4A1CA","APP-53FCC0849B64","D1002","2026-06-13","2026-06-15",false,"None"
"CON-686C64158BC6","APP-4FB84C46C477","D1005","2026-06-11","2026-06-12",false,"None"
"CON-27CA1ECCC23A","APP-F5EF46D553FA","D1005","2026-06-13","2026-06-15",false,"None"
"CON-4CFD7509F0D6","APP-84662B5186D3","D1005","2026-06-11","2026-06-12",false,"None"
"CON-2B276396061A","APP-D499251FB573","D1006","2026-06-12","2026-06-17",true,"Document_Error"
"CON-5439DFF9AE43","APP-D64657E5A917","D1006","2026-06-12","2026-06-13",false,"None"
"CON-D4B4EBA97EB8","APP-4165D9595629","D1006","2026-06-12","2026-06-14",false,"None"
"CON-D8C262A7A0D2","APP-C97634536B0E","D1008","2026-06-13","2026-06-17",false,"None"
"CON-A5B42598A53F","APP-AE58C5689374","D1009","2026-06-12","2026-06-13",false,"None"
"CON-1AA45A218A5C","APP-E15505A8EF7C","D1003","2026-06-12","2026-06-13",false,"None"
"CON-B249273050A6","APP-DEBAEA2F8421","D1007","2026-06-14","2026-06-17",false,"None"
"CON-156B96C19A62","APP-5B311237D24E","D1010","2026-06-12","2026-06-19",true,"Document_Error"
"CON-FE9E71FAB5C8","APP-030DFE6CB0CD","D1007","2026-06-12","2026-06-14",false,"None"
"CON-8D36C6D614D2","APP-E3BEC7A7E70F","D1007","2026-06-12","2026-06-13",false,"None"
"CON-ADA8C705B8D2","APP-2314B73EC2BA","D1003","2026-06-12","2026-06-13",false,"None"
"CON-E9E0124086EA","APP-3DD8854357A1","D1009","2026-06-14","2026-06-17",false,"None"
"CON-A8BF13313856","APP-6EBCB9FDD1EA","D1003","2026-06-14","2026-06-18",true,"Proof_Of_Residence"
"CON-FB6D0AF86FC7","APP-D1FB079BC3D0","D1010","2026-06-13","2026-06-16",false,"None"
"CON-64014903D05B","APP-3ED081787D7A","D1002","2026-06-13","2026-06-15",false,"None"
"CON-FA89464824EB","APP-E3A551D57314","D1002","2026-06-13","2026-06-14",false,"None"
"CON-99FEFD3B639A","APP-8812F48CD084","D1002","2026-06-12","2026-06-13",false,"None"
"CON-E15E6FEEBFEC","APP-00E73FE6E547","D1001","2026-06-14","2026-06-15",false,"None"
"CON-3CD9518488E6","APP-3F4C23A77F83","D1005","2026-06-12","2026-06-13",false,"None"
"CON-F4474E716381","APP-4B81E36B0787","D1005","2026-06-13","2026-06-14",false,"None"
"CON-A6192AA2215D","APP-659C7817B83B","D1008","2026-06-14","2026-06-17",false,"None"
"CON-1935094E485A","APP-6BE85CCAD9BD","D1008","2026-06-13","2026-06-20",true,"Document_Error"
"CON-76CBDF6D5C0E","APP-B4BD70A41AC2","D1003","2026-06-12","2026-06-13",false,"None"
"CON-2B2EA28C6BF2","APP-799F294D3998","D1004","2026-06-13","2026-06-15",true,"Income_Verification"
"CON-C507717A4C83","APP-536BDC9B5DEB","D1012","2026-06-14","2026-06-17",false,"None"
"CON-71A54288DCD2","APP-792B82E3646A","D1004","2026-06-14","2026-06-16",false,"None"
"CON-8DBA50148E31","APP-A3C17247BC09","D1004","2026-06-13","2026-06-15",false,"None"
"CON-309E40311282","APP-72DC5B21BA8F","D1004","2026-06-12","2026-06-13",false,"None"
"CON-D864DDE55718","APP-9CA1E50BFF8B","D1004","2026-06-12","2026-06-14",false,"None"
"CON-15689BB152F9","APP-C74E13837F35","D1004","2026-06-12","2026-06-16",true,"Proof_Of_Residence"
"CON-E9C8C0F803F2","APP-177D300959C9","D1004","2026-06-13","2026-06-15",false,"None"
"CON-56B03FEA5796","APP-18A162CBC1BB","D1004","2026-06-14","2026-06-20",true,"Proof_Of_Residence"
"CON-1BEB5B94FD24","APP-958AEB7BB44F","D1006","2026-06-12","2026-06-15",false,"None"
"CON-75CE2B5542A9","APP-E15B0E77AB6C","D1009","2026-06-14","2026-06-17",false,"None"
"CON-A6F2B7B3BB93","APP-5DAD78EC609A","D1001","2026-06-12","2026-06-13",false,"None"
"CON-9671DFFC3FA5","APP-DC1AC9701239","D1004","2026-06-14","2026-06-16",false,"None"
"CON-E2097C410629","APP-582E689C4449","D1004","2026-06-12","2026-06-13",false,"None"
"CON-783FD485BE44","APP-B97452078FB3","D1001","2026-06-13","2026-06-14",false,"None"
"CON-2A0579C6AE93","APP-552347F64FA7","D1011","2026-06-14","2026-06-16",false,"None"
"CON-BDC374AE405E","APP-0DEA66A7535C","D1011","2026-06-13","2026-06-15",false,"None"
"CON-A2ECE3CE165E","APP-EA98CA934CEE","D1001","2026-06-12","2026-06-14",false,"None"
"CON-258CA944C861","APP-CC0E365A6CBC","D1011","2026-06-14","2026-06-17",false,"None"
"CON-249FB2E20E22","APP-E796CB3B0781","D1001","2026-06-14","2026-06-15",false,"None"
"CON-7AD10925312C","APP-A115123C891C","D4471","2026-06-14","2026-06-17",false,"None"
"CON-8E01510D4FFC","APP-B0C8290DB1A9","D4471","2026-06-12","2026-06-20",true,"Income_Verification"
"CON-9958EAEBF21D","APP-C3E8D009E559","D4471","2026-06-12","2026-06-18",false,"None"
"CON-11E4EE66348C","APP-1BFBB51B4CE3","D1013","2026-06-12","2026-06-17",true,"Income_Verification"
"CON-FDE3637A6B2E","APP-1C7BAB84F3B0","D1005","2026-06-13","2026-06-15",false,"None"
"CON-C3FD1410DE90","APP-F7C4DAD72EF9","D1008","2026-06-14","2026-06-17",false,"None"
"CON-D5B596E9238B","APP-0BDDBDA48DE8","D1008","2026-06-14","2026-06-17",false,"None"
"CON-9168AA7D9421","APP-AFB7564162B3","D1003","2026-06-14","2026-06-15",false,"None"
"CON-210E5DC0D4E2","APP-ECB8FB21CAE8","D1012","2026-06-13","2026-06-17",false,"None"
"CON-F82783B48276","APP-9E8650FF2FBD","D1005","2026-06-15","2026-06-17",false,"None"
"CON-BDB2E63865AE","APP-46A21C9A2E4F","D1005","2026-06-13","2026-06-14",false,"None"
"CON-61B07976A1E6","APP-151A89C660BC","D1004","2026-06-14","2026-06-15",false,"None"
"CON-1E8BF0E28368","APP-76B756076744","D1010","2026-06-13","2026-06-15",false,"None"
"CON-D0BC8980BFC0","APP-837AE21A3634","D1013","2026-06-15","2026-06-21",false,"None"
"CON-BC116C6EA14D","APP-6EFC15A2EAD1","D1003","2026-06-15","2026-06-18",true,"Document_Error"
"CON-6549EA200CC5","APP-4BB037FE68A1","D1003","2026-06-15","2026-06-16",false,"None"
"CON-3BEAEA1A9AF6","APP-CEE3870C45D4","D1001","2026-06-13","2026-06-14",false,"None"
"CON-D75C9A09A4EA","APP-44BF0855ADC3","D1009","2026-06-14","2026-06-17",false,"None"
"CON-B5AEBB652E61","APP-28A1CBEBEFF8","D1002","2026-06-13","2026-06-14",false,"None"
"CON-70D9A3C7FFEC","APP-C3C477B1AE97","D1002","2026-06-15","2026-06-16",false,"None"
"CON-FD72A43D398C","APP-83106D9755C2","D1002","2026-06-14","2026-06-16",false,"None"
"CON-06C52076AABC","APP-A4FCEEB569A9","D1008","2026-06-14","2026-06-16",false,"None"
"CON-FF74F260F370","APP-5AF2E1AC80C3","D1001","2026-06-15","2026-06-16",false,"None"
"CON-6DE1732FC757","APP-B9FD5B58E836","D1011","2026-06-15","2026-06-16",false,"None"
"CON-EDA26CB7CE7D","APP-DAACA51FE2EA","D1005","2026-06-15","2026-06-17",false,"None"
"CON-E2E452872364","APP-719D4EB6F372","D1012","2026-06-14","2026-06-17",false,"None"
"CON-68B133DDA251","APP-4C4E9A070F40","D1005","2026-06-15","2026-06-17",false,"None"
"CON-7C9A5F511C54","APP-5CA0C013F176","D1005","2026-06-16","2026-06-17",false,"None"
"CON-D19BD0C82B7D","APP-0288C818B857","D1005","2026-06-14","2026-06-16",false,"None"
"CON-75FC0A5ADED5","APP-7E194A6C579C","D1005","2026-06-16","2026-06-18",false,"None"
"CON-8781AE14C617","APP-68B3CD3EC729","D1006","2026-06-16","2026-06-17",false,"None"
"CON-B4DDBD0607E7","APP-6D877AFDF3E4","D1001","2026-06-16","2026-06-17",false,"None"
"CON-6BE938346C9C","APP-D618FCA24FE2","D1008","2026-06-16","2026-06-22",true,"Income_Verification"
"CON-BA5D7F163677","APP-9B7D0570ADCD","D1012","2026-06-15","2026-06-17",false,"None"
"CON-1C6583792EBE","APP-2CA355182215","D1010","2026-06-14","2026-06-16",false,"None"
"CON-BBB298BDA22B","APP-269CABCF18A0","D1013","2026-06-15","2026-06-20",false,"None"
"CON-44BC7C7B6083","APP-F9DFA7253EB7","D1009","2026-06-14","2026-06-15",false,"None"
"CON-1D7A611F32A4","APP-5F0543ED2367","D1003","2026-06-15","2026-06-17",false,"None"
"CON-1A05723F9368","APP-6FBC5994A5C7","D1003","2026-06-15","2026-06-16",false,"None"
"CON-1DF56C5BFA40","APP-92C118AE8C46","D1004","2026-06-14","2026-06-16",false,"None"
"CON-DD1A8EE93B9C","APP-EE8200261C58","D1007","2026-06-14","2026-06-16",false,"None"
"CON-21C19EE01649","APP-A374DDEA705F","D1007","2026-06-16","2026-06-18",false,"None"
"CON-2C2830AD3F02","APP-6F15F754F41C","D1002","2026-06-15","2026-06-17",false,"None"
"CON-F0986EF7D191","APP-B36E3F8BBEB4","D4471","2026-06-15","2026-06-21",false,"None"
"CON-D73B3991D4D7","APP-84F6D7FD6144","D1006","2026-06-17","2026-06-21",false,"None"
"CON-9D11E9A875FD","APP-006AD5963C0A","D4471","2026-06-17","2026-06-20",false,"None"
"CON-F0033F6DF69D","APP-C47FA7F567EF","D4471","2026-06-15","2026-06-24",true,"Document_Error"
"CON-8D0D52E04739","APP-F3CF8C48D473","D1001","2026-06-15","2026-06-17",false,"None"
"CON-51C4499D0AE7","APP-F324CAA98D38","D4471","2026-06-16","2026-06-24",true,"Document_Error"
"CON-5FCA7AB20EB6","APP-EF0BD643F9FF","D4471","2026-06-17","2026-06-23",true,"Income_Verification"
"CON-F109E4F199C3","APP-08F5BBA0D3A1","D4471","2026-06-17","2026-06-22",false,"None"
"CON-0D3284CA8644","APP-81B015A34EB8","D1005","2026-06-16","2026-06-17",false,"None"
"CON-D919EA6209D7","APP-1DF129A4332C","D1005","2026-06-15","2026-06-20",true,"Income_Verification"
"CON-884E6E0B007A","APP-EB53CF2E2E9B","D1005","2026-06-15","2026-06-17",false,"None"
"CON-0A0E1F082726","APP-0EBA3EC80575","D1005","2026-06-16","2026-06-18",false,"None"
"CON-CE04C9217C08","APP-3D0C9276290D","D1005","2026-06-16","2026-06-18",false,"None"
"CON-6E6ED7063E43","APP-F5FFB4370343","D1002","2026-06-16","2026-06-18",false,"None"
"CON-E1F287067588","APP-A3E763DD6158","D1002","2026-06-17","2026-06-19",false,"None"
"CON-0D728DF794C4","APP-6B636916C774","D1005","2026-06-17","2026-06-21",true,"Document_Error"
"CON-93ADF792B753","APP-0EA759AF57AF","D1005","2026-06-16","2026-06-18",true,"Income_Verification"
"CON-9D7903B99D00","APP-71E4D2DF57B0","D1002","2026-06-15","2026-06-16",false,"None"
"CON-89838C1989A6","APP-03C235932F0B","D1002","2026-06-17","2026-06-18",false,"None"
"CON-5AD8941E8BDD","APP-3D2D10EF0B4A","D1004","2026-06-17","2026-06-19",false,"None"
"CON-A7F72BE28380","APP-606531ED4D0C","D1013","2026-06-15","2026-06-21",true,"Document_Error"
"CON-53D3A33E6800","APP-09C090EC0061","D1009","2026-06-15","2026-06-17",false,"None"
"CON-BCA5E2EA0648","APP-C6A720E12E1A","D1002","2026-06-17","2026-06-18",false,"None"
"CON-4DCD20A23195","APP-B1254C370F90","D1002","2026-06-16","2026-06-17",false,"None"
"CON-E696DD7D56E7","APP-6A19878A1A69","D1002","2026-06-17","2026-06-18",false,"None"
"CON-BB306AE94CA8","APP-7BDBF098FC38","D1009","2026-06-17","2026-06-20",false,"None"
"CON-C1D3340BB374","APP-7FC5C8F68D00","D1014","2026-06-15","2026-06-18",false,"None"
"CON-EEA4AC3D260B","APP-2D7EFBBB504B","D1008","2026-06-16","2026-06-19",false,"None"
"CON-D0843F999DC8","APP-91C562C9A526","D1003","2026-06-17","2026-06-18",false,"None"
"CON-EB52055D3214","APP-383CD1761B12","D1003","2026-06-15","2026-06-17",false,"None"
"CON-DCA44792224A","APP-F1785B35D183","D1003","2026-06-16","2026-06-19",false,"None"
"CON-437CF3ADDF4D","APP-A5CFB48B9734","D1004","2026-06-17","2026-06-19",false,"None"
"CON-B8A540BF5098","APP-8DD2E4F470F6","D1003","2026-06-16","2026-06-18",false,"None"
"CON-177B2E46525C","APP-C3063BF3B9B0","D1003","2026-06-17","2026-06-19",false,"None"
"CON-319281E5266F","APP-21E23BBAA574","D1011","2026-06-15","2026-06-18",false,"None"
"CON-E98138ACA775","APP-1D77D1C470D7","D1011","2026-06-15","2026-06-18",false,"None"
"CON-2ED71193E14D","APP-0E751CA47922","D1001","2026-06-15","2026-06-16",false,"None"
"CON-948044CAC29A","APP-D14D021B4041","D1002","2026-06-16","2026-06-18",false,"None"
"CON-F12642654A06","APP-99136B2A8275","D1006","2026-06-16","2026-06-17",false,"None"
"CON-DE91AD013672","APP-E5FF3BC217C1","D1010","2026-06-17","2026-06-19",false,"None"
"CON-E84FCC054B6D","APP-DCF4553C47EE","D1003","2026-06-16","2026-06-18",false,"None"
"CON-7EBF622BBFEC","APP-50656B03A6BE","D1004","2026-06-15","2026-06-16",false,"None"
"CON-8A47F7DADA0D","APP-14865A4C23D1","D1002","2026-06-18","2026-06-19",false,"None"
"CON-D8FC83B9CC5C","APP-6FC7828F50F2","D1009","2026-06-18","2026-06-20",false,"None"
"CON-ED15033422EA","APP-11E544876466","D1009","2026-06-17","2026-06-18",false,"None"
"CON-AAC63AB37394","APP-917B593348D3","D1009","2026-06-18","2026-06-21",false,"None"
"CON-D5813AD20F8A","APP-5B4710D49136","D1009","2026-06-16","2026-06-20",true,"Proof_Of_Residence"
"CON-02647BC007E0","APP-D176A4D5AA7B","D1004","2026-06-18","2026-06-19",false,"None"
"CON-1640DFD018C6","APP-7F12DA5EC999","D1005","2026-06-17","2026-06-18",false,"None"
"CON-7C6950CD617B","APP-E75FF3B225B2","D1005","2026-06-18","2026-06-20",false,"None"
"CON-5C3AC2140DD4","APP-4DF1E31C3DA3","D1005","2026-06-17","2026-06-22",true,"Document_Error"
"CON-B3845F6135A3","APP-14BBBFBC76A5","D1005","2026-06-16","2026-06-17",false,"None"
"CON-C18AF1ED5726","APP-17F79E867B76","D1005","2026-06-16","2026-06-18",false,"None"
"CON-72F3FFE4F79A","APP-F060606AB635","D1002","2026-06-18","2026-06-20",false,"None"
"CON-81166EC4C662","APP-EE6BF3CA41B0","D1002","2026-06-18","2026-06-20",false,"None"
"CON-D9158618171A","APP-EBFB228A9496","D1002","2026-06-18","2026-06-20",false,"None"
"CON-997700698AD9","APP-7BA2B53E3A19","D1003","2026-06-16","2026-06-17",false,"None"
"CON-E61CEEA74BF6","APP-FAE14FD415BA","D1001","2026-06-17","2026-06-19",false,"None"
"CON-C78A861472BD","APP-CA730A6224C5","D1007","2026-06-17","2026-06-19",false,"None"
"CON-5A7C699EB5FF","APP-03AD281D789C","D1004","2026-06-17","2026-06-18",false,"None"
"CON-EB3313B462C1","APP-164FA7734138","D1004","2026-06-16","2026-06-18",false,"None"
"CON-1C5B33AA3025","APP-F56833AA1C90","D1008","2026-06-18","2026-06-21",false,"None"
"CON-40320820AAA3","APP-820897B9E899","D1008","2026-06-17","2026-06-21",true,"Proof_Of_Residence"
"CON-D8FF268CB3F3","APP-9C86216BA148","D1008","2026-06-17","2026-06-19",false,"None"
"CON-0BCAA029214E","APP-48EF43E64A61","D4471","2026-06-13","2026-06-16",true,"Document_Error"
"CON-0B244C99FF71","APP-ED39F145B2CA","D4471","2026-06-17","2026-06-20",true,"Document_Error"
"CON-03C91A0A8B6E","APP-6F36DBEFDCCA","D1011","2026-06-18","2026-06-20",false,"None"
"CON-44D66B5DFE2B","APP-58552913E95B","D1010","2026-06-18","2026-06-22",false,"None"
"CON-BA6A45179A2A","APP-992CE0F79108","D1010","2026-06-16","2026-06-19",false,"None"
"CON-ABA9070F3ECA","APP-65FE4CF18D83","D1010","2026-06-18","2026-06-20",false,"None"
"CON-54BD021E17AF","APP-78F12D6FBBBF","D1006","2026-06-17","2026-06-19",false,"None"
"CON-D5F4D1B87C45","APP-35993232D740","D4471","2026-06-16","2026-06-18",false,"None"
"CON-33E24744CC7F","APP-65DCF6D62AAD","D4471","2026-06-18","2026-06-22",false,"None"
"CON-8091664D11B8","APP-705E32E8DEA8","D1003","2026-06-17","2026-06-19",false,"None"
"CON-2D40F70E4D5E","APP-712C512FA5BD","D1001","2026-06-16","2026-06-17",false,"None"
"CON-DB4AEB2C2DC3","APP-4315B823B12E","D1007","2026-06-17","2026-06-19",false,"None"
"CON-A5EFB6D757B2","APP-37CD01FCA51C","D1007","2026-06-17","2026-06-21",true,"Income_Verification"
"CON-9791AECCDC6F","APP-582287A69A5C","D1001","2026-06-16","2026-06-17",false,"None"
"CON-63FF187DC437","APP-264C94AB958B","D1003","2026-06-16","2026-06-18",false,"None"
"CON-49AF2884B7B4","APP-E02804D9B2F8","D1001","2026-06-16","2026-06-17",false,"None"
"CON-64718F1A445F","APP-3E35D0EC726C","D1001","2026-06-16","2026-06-18",false,"None"
"CON-B0440569F9EB","APP-E0E12700CB40","D1001","2026-06-18","2026-06-20",false,"None"
"CON-9E03D9B79A4C","APP-525ACB5F1A12","D1001","2026-06-18","2026-06-20",false,"None"
"CON-86259AB2EDB1","APP-C5801B204307","D1014","2026-06-18","2026-06-20",false,"None"
"CON-4E3E2551BD5A","APP-63DC4D1DA4C9","D1014","2026-06-17","2026-06-22",false,"None"
"CON-D803C1DC2722","APP-9761A81F89C0","D1003","2026-06-16","2026-06-18",false,"None"
"CON-A4EB96CE8403","APP-85FE9024CDF7","D1001","2026-06-19","2026-06-20",false,"None"
"CON-C18B02C70868","APP-123FBDDF83A3","D1003","2026-06-17","2026-06-18",false,"None"
"CON-3D399D412669","APP-B99024F928BF","D1004","2026-06-19","2026-06-20",false,"None"
"CON-0174351E8A2F","APP-85043DAD4621","D1004","2026-06-18","2026-06-20",false,"None"
"CON-D56A37C9A485","APP-458AEE196FDF","D1004","2026-06-19","2026-06-20",false,"None"
"CON-E7F6C5DF63F1","APP-A30868A44A9D","D1004","2026-06-19","2026-06-20",false,"None"
"CON-4648CE306766","APP-E9566533E806","D1004","2026-06-17","2026-06-19",false,"None"
"CON-338924942695","APP-7EFF54FE3C95","D1003","2026-06-18","2026-06-19",false,"None"
"CON-198B93186B44","APP-8758FF979B43","D4471","2026-06-18","\N",true,"Income_Verification"
"CON-647007579F45","APP-D3475080C194","D1005","2026-06-17","2026-06-18",false,"None"
"CON-CD971A1D0924","APP-E31BF8D63733","D1003","2026-06-17","2026-06-18",false,"None"
"CON-E11461527349","APP-ADBF9B129EE7","D4471","2026-06-18","2026-06-21",false,"None"
"CON-26C2E37EA478","APP-2404DA7EC752","D1015","2026-06-17","2026-06-21",false,"None"
"CON-FC213C99C20E","APP-C723C59A8A3A","D1011","2026-06-18","2026-06-20",false,"None"
"CON-68A8BA09A6E2","APP-95A70741B3BE","D1014","2026-06-17","2026-06-23",false,"None"
"CON-890D7AC32BFE","APP-C92D97BA00F6","D1012","2026-06-18","\N",true,"Income_Verification"
"CON-EFA2DCF90C05","APP-AAE52FFE30A1","D1009","2026-06-19","2026-06-21",false,"None"
"CON-ED4F0E72BBF6","APP-B2871E1713E9","D1002","2026-06-17","2026-06-18",false,"None"
"CON-DBFBA8EC924A","APP-3A150678E0CB","D1006","2026-06-18","2026-06-24",true,"Proof_Of_Residence"
"CON-CFA8AD07DFB7","APP-EAF9D6451F3C","D1006","2026-06-18","2026-06-20",false,"None"
"CON-554BBB766FB8","APP-14E7AA357864","D1002","2026-06-17","2026-06-19",false,"None"
"CON-97B7A48A8B44","APP-94D0BCED4843","D1002","2026-06-17","2026-06-18",false,"None"
"CON-76A6C7894ADF","APP-F068AFC663EA","D1002","2026-06-19","2026-06-20",false,"None"
"CON-2390B9B3020C","APP-2D3AB9A082B4","D1010","2026-06-17","2026-06-20",false,"None"
"CON-DF84A0ED2A58","APP-48DAA4CF6ECE","D1008","2026-06-18","2026-06-20",false,"None"
"CON-F4171A7E04C8","APP-6A6035F7D3ED","D1008","2026-06-18","2026-06-20",false,"None"
"CON-D727A25FFE04","APP-293A646C91B5","D1008","2026-06-17","2026-06-19",false,"None"
"CON-004CDCA9618C","APP-4044EBD087CA","D1007","2026-06-18","2026-06-20",false,"None"
"CON-B0BE4C6F9C83","APP-AC0C6C9D7637","D1002","2026-06-18","2026-06-23",true,"Proof_Of_Residence"
"CON-2EF404A0EF8D","APP-5FEC609A4DB3","D1008","2026-06-19","2026-06-22",false,"None"
"CON-35B87673DFE0","APP-001918881D6C","D1005","2026-06-17","2026-06-19",false,"None"
"CON-CCFF681EE798","APP-BB766DC9FF5B","D1003","2026-06-17","2026-06-18",false,"None"
"CON-C9A3E06969AF","APP-CF4253CDC177","D1003","2026-06-19","2026-06-21",false,"None"
"CON-063DC611281C","APP-A51817E8C966","D1001","2026-06-19","2026-06-20",false,"None"
"CON-C55D67A5C051","APP-A102FE0C9E58","D1005","2026-06-17","2026-06-18",false,"None"
"CON-847D567AAEA5","APP-7B9DB58E2D5B","D1005","2026-06-17","2026-06-19",false,"None"
"CON-092C93BA083A","APP-67ACC3CF5EDE","D1005","2026-06-18","2026-06-19",false,"None"
"CON-670F1CDC3101","APP-C1ED890A36A9","D1005","2026-06-19","2026-06-20",false,"None"
"CON-424B01F4A25E","APP-F8DAC62ED388","D1005","2026-06-18","2026-06-19",false,"None"
"CON-4DE9BBC1B757","APP-B3DB4D26D384","D1003","2026-06-19","2026-06-20",false,"None"
"CON-7799808ED6ED","APP-126114AB76F5","D1008","2026-06-18","2026-06-20",false,"None"
"CON-5229583E511C","APP-A8E81F7D2FF6","D1009","2026-06-18","2026-06-23",true,"Proof_Of_Residence"
"CON-D2D84A708462","APP-6C239289B5BC","D1002","2026-06-19","2026-06-21",false,"None"
"CON-26ECBD761A9F","APP-E52FABD89534","D1006","2026-06-18","2026-06-21",false,"None"
"CON-FAADFD33FB77","APP-2F685E24393A","D1006","2026-06-20","2026-06-24",false,"None"
"CON-A7612AB2D727","APP-D3A8135E412D","D1008","2026-06-20","\N",false,"None"
"CON-0F0F96C51AAB","APP-0B7AFE6AE2F7","D1002","2026-06-20","2026-06-22",false,"None"
"CON-94E78CAB33D4","APP-EA84AC04E41C","D1010","2026-06-18","2026-06-21",false,"None"
"CON-5C2F48E7F565","APP-3581C79B939A","D1010","2026-06-20","\N",false,"None"
"CON-50A773706E38","APP-A865F8548EB7","D1004","2026-06-18","2026-06-19",false,"None"
"CON-FA2C6FFE30D1","APP-25B28BF012DB","D1002","2026-06-20","2026-06-22",false,"None"
"CON-CA1716AEC9D1","APP-94B179F5A1E2","D1002","2026-06-19","2026-06-21",false,"None"
"CON-F13E154F4B79","APP-F8DF01B75F03","D1002","2026-06-20","2026-06-21",false,"None"
"CON-337173B547A7","APP-A10FB750A9FD","D1002","2026-06-19","2026-06-20",false,"None"
"CON-11A833516480","APP-953B5233D69D","D1008","2026-06-20","\N",false,"None"
"CON-B688E1300B4D","APP-A9F3C7C97FB5","D4471","2026-06-20","2026-06-25",true,"Document_Error"
"CON-112A4B15E4FE","APP-AA858DCC867C","D1003","2026-06-20","2026-06-22",false,"None"
"CON-BA61C1A1124C","APP-664BACDA3DBE","D1003","2026-06-18","2026-06-20",false,"None"
"CON-47CAFD018D00","APP-5CE26F0620E6","D1012","2026-06-18","2026-06-21",false,"None"
"CON-940A81011CF7","APP-4F0464E114E5","D1001","2026-06-19","2026-06-21",false,"None"
"CON-C2D797A0EFF0","APP-60756DD4872B","D1001","2026-06-18","2026-06-20",false,"None"
"CON-A517EA3A048A","APP-FAE70252F692","D1007","2026-06-19","2026-06-23",false,"None"
"CON-124C0686A2EF","APP-2807AFFD0D71","D1004","2026-06-20","2026-06-21",false,"None"
"CON-1637203943E4","APP-B8D269069B5C","D1004","2026-06-19","2026-06-20",false,"None"
"CON-017D250F36D7","APP-397211148BBF","D1007","2026-06-20","2026-06-24",true,"Document_Error"
"CON-5CC268E48896","APP-D4C8BD2E1E70","D1005","2026-06-20","2026-06-22",false,"None"
"CON-AAEE490F4D39","APP-E9DFD5050466","D1005","2026-06-20","2026-06-22",false,"None"
"CON-327AF2CA15A2","APP-62E3D99A217E","D1005","2026-06-18","2026-06-20",false,"None"
"CON-67E7794528AD","APP-BE7CAB567AFD","D1005","2026-06-18","2026-06-20",false,"None"
"CON-B4D30AF8DD4D","APP-C42D7E9C53EF","D1005","2026-06-20","\N",false,"None"
"CON-BA59C628C10B","APP-8EFE56D6F6AD","D1003","2026-06-19","2026-06-21",false,"None"
"CON-A779ADA5E1FC","APP-FBFAC510775E","D1003","2026-06-18","2026-06-19",false,"None"
"CON-CEDA6BFE8703","APP-86A88F72A74A","D1003","2026-06-20","\N",false,"None"
"CON-8C2062F68D38","APP-C5EB9773D491","D1003","2026-06-19","2026-06-21",false,"None"
"CON-34B78E7A6978","APP-B64C5F43466D","D1014","2026-06-18","2026-06-22",false,"None"
"CON-918E36AB8A73","APP-82890796F444","D1005","2026-06-19","2026-06-21",false,"None"
"CON-FCF8D01DB0D2","APP-A658C02146AE","D1003","2026-06-20","2026-06-21",false,"None"
"CON-9B2E7A83ECE6","APP-8A001E49869E","D1007","2026-06-20","\N",false,"None"
"CON-183D18BFED5B","APP-83C1672021B2","D1005","2026-06-18","2026-06-20",false,"None"
"CON-829B68497820","APP-2A9F4E16CA83","D1002","2026-06-19","2026-06-21",false,"None"
"CON-0A0C90ECADF9","APP-9810089A3714","D1002","2026-06-21","2026-06-23",false,"None"
"CON-631F9C64144A","APP-331A0C84E695","D1002","2026-06-19","2026-06-21",false,"None"
"CON-AC3635B2195F","APP-CDCD3DB7D86D","D1002","2026-06-19","2026-06-20",false,"None"
"CON-6ECB5E28D17D","APP-284411F4A5D9","D1002","2026-06-19","2026-06-20",false,"None"
"CON-CA48556BF47E","APP-9DBE711047E9","D1006","2026-06-19","2026-06-20",false,"None"
"CON-49680F9A73E1","APP-6B5115182C52","D1006","2026-06-20","2026-06-22",false,"None"
"CON-6BE56D4BD81C","APP-3FBF9CF52530","D1006","2026-06-21","2026-06-24",false,"None"
"CON-FB881F5B3A1C","APP-DB142E9ACEC2","D1006","2026-06-19","2026-06-20",false,"None"
"CON-2D59BCDBAC29","APP-0EF7DD67B84D","D1012","2026-06-21","2026-06-25",true,"Income_Verification"
"CON-FB6A0AAD2F55","APP-F7BD3CCBE05D","D1002","2026-06-19","2026-06-20",false,"None"
"CON-8E259C5FA3DE","APP-BB47A29688C1","D1004","2026-06-20","2026-06-21",false,"None"
"CON-F53DACF68030","APP-431A0610A305","D1003","2026-06-21","\N",false,"None"
"CON-6C3AEF0DD0E7","APP-42114A453846","D1004","2026-06-19","2026-06-20",false,"None"
"CON-5112D74BC3B9","APP-4740EFCFA139","D1004","2026-06-20","2026-06-21",false,"None"
"CON-A523F69BA63D","APP-5D52C4776C78","D1004","2026-06-19","2026-06-21",true,"Document_Error"
"CON-1D79B2A14AF6","APP-8EA17498A1F5","D1008","2026-06-19","2026-06-23",false,"None"
"CON-D77A146776CB","APP-A2DF4379E0FB","D1004","2026-06-19","2026-06-21",false,"None"
"CON-ABF1B1F4A799","APP-E3BC5175D52B","D1004","2026-06-19","2026-06-20",false,"None"
"CON-CEECB6DBDFA5","APP-68BC5B4D92B1","D1004","2026-06-19","2026-06-22",false,"None"
"CON-41E8BE67EB29","APP-AC188E8DFDAF","D1001","2026-06-20","\N",false,"None"
"CON-C019F5C52D8C","APP-65CEE0F170BE","D1001","2026-06-21","2026-06-22",false,"None"
"CON-CCB0DA0165F6","APP-3B97A423A971","D4471","2026-06-20","\N",false,"None"
"CON-EC38C16E9BE5","APP-79EC4AC9C2D2","D1001","2026-06-20","2026-06-23",true,"Income_Verification"
"CON-5246668E6BD9","APP-7020BBDDF82C","D1007","2026-06-21","2026-06-22",false,"None"
"CON-AF8F33DEE7F5","APP-D0F8785E0AC3","D1003","2026-06-19","2026-06-20",false,"None"
"CON-1030CCF31AB5","APP-9C0484A97B67","D1003","2026-06-21","2026-06-22",false,"None"
"CON-C665F5AE7D1F","APP-F4D743D8CA80","D1003","2026-06-19","2026-06-20",false,"None"
"CON-9BD861A8F0AB","APP-4B0F139B9A63","D1003","2026-06-21","2026-06-23",false,"None"
"CON-21DD32F317DA","APP-AF6A4C43B8BB","D1003","2026-06-19","2026-06-22",false,"None"
"CON-BEA5B96C90E1","APP-7982C07864FC","D1010","2026-06-21","2026-06-24",false,"None"
"CON-4DE4856EACA8","APP-8E382348199F","D1010","2026-06-20","2026-06-23",false,"None"
"CON-C822284C1C37","APP-CA10FABAF826","D1003","2026-06-19","2026-06-21",false,"None"
"CON-31F4157AADD0","APP-CFC91BE4C193","D1008","2026-06-20","2026-06-22",false,"None"
"CON-2CCA6AB1E563","APP-48F89D323856","D1008","2026-06-20","\N",true,"Document_Error"
"CON-2A451136182B","APP-DEAC2706B873","D1009","2026-06-20","2026-06-21",false,"None"
"CON-9802813C943C","APP-523B4D20094F","D1005","2026-06-19","2026-06-20",false,"None"
"CON-A19BF67AB3A0","APP-EF905B748C7C","D1005","2026-06-21","\N",false,"None"
"CON-2BD17DBAF680","APP-82971A0C4640","D1005","2026-06-19","2026-06-22",false,"None"
"CON-D5D3C1A57C64","APP-FB56C1DEF290","D1005","2026-06-21","\N",false,"None"
"CON-D50F49EC203E","APP-EA90349A0388","D1005","2026-06-19","2026-06-21",false,"None"
"CON-19A4FB33D4DE","APP-D60F381C6E79","D1004","2026-06-20","2026-06-21",false,"None"
"CON-AC38D0ADB9CF","APP-3A618A470986","D1005","2026-06-21","\N",false,"None"
"CON-192B5EA9FEC1","APP-6511856B79AE","D1005","2026-06-20","2026-06-22",false,"None"
"CON-4946B334D7E9","APP-B82F73D3D6C2","D1005","2026-06-21","2026-06-22",false,"None"
"CON-368AE3624D22","APP-EF717D61BA96","D1009","2026-06-22","\N",false,"None"
"CON-19D15072583D","APP-C70A2B6C188A","D1002","2026-06-22","2026-06-24",false,"None"
"CON-776FCE409343","APP-1E0E5E230427","D1001","2026-06-22","2026-06-23",false,"None"
"CON-F7F9112F31A2","APP-D2B0A982E194","D1006","2026-06-22","\N",true,"Proof_Of_Residence"
"CON-2ADD58C9463D","APP-2AACECF378F3","D1002","2026-06-20","2026-06-25",true,"Proof_Of_Residence"
"CON-DA8490F67A36","APP-5B89C0EA0251","D1002","2026-06-21","2026-06-23",false,"None"
"CON-97019C07DF5B","APP-9447D6BFACAC","D1007","2026-06-22","\N",false,"None"
"CON-9F8EF8C598C0","APP-67F9D237B215","D1010","2026-06-21","2026-06-24",false,"None"
"CON-B4B6CCDAE211","APP-7C7B756803A7","D1003","2026-06-22","2026-06-23",false,"None"
"CON-A9DB2415DA29","APP-B82CB1AEFEB0","D1003","2026-06-22","\N",false,"None"
"CON-4EFD538AFDEB","APP-5E432DF064FD","D1001","2026-06-20","2026-06-23",true,"Document_Error"
"CON-147843701EF2","APP-E07CE5B7C835","D1004","2026-06-22","\N",false,"None"
"CON-5F867CDB0487","APP-B8571CB0E746","D1004","2026-06-20","2026-06-21",false,"None"
"CON-F78639F63F25","APP-DDD727E87AD9","D1008","2026-06-21","2026-06-23",false,"None"
"CON-72C832E84C20","APP-387DC163DB21","D1004","2026-06-20","2026-06-22",false,"None"
"CON-77E91CFE6E40","APP-B23375E22659","D1008","2026-06-20","2026-06-21",false,"None"
"CON-DAAC054C87C1","APP-379B22B3B11C","D1008","2026-06-20","\N",false,"None"
"CON-4EEBFE74E048","APP-1031FF9AD9C6","D1003","2026-06-22","\N",false,"None"
"CON-0947035DC9AC","APP-7F2BBD3C2409","D1002","2026-06-23","\N",false,"None"
"CON-DCEF8777140F","APP-AD6655C6E5EB","D1002","2026-06-23","\N",false,"None"
"CON-F0E9D38AFD20","APP-3B6580E1E95D","D1005","2026-06-21","2026-06-22",false,"None"
"CON-3A3A5DFE280E","APP-F1CFB860FEF8","D1003","2026-06-23","\N",false,"None"
"CON-8647B32DBD88","APP-06B04122A141","D1002","2026-06-21","\N",false,"None"
"CON-D540CA575C12","APP-CDF102E11F3E","D1002","2026-06-23","2026-06-24",false,"None"
"CON-C6D186C4209C","APP-3CA5004B7D00","D1009","2026-06-21","\N",false,"None"
"CON-83A9C36A8826","APP-0C304D838812","D1008","2026-06-21","2026-06-24",false,"None"
"CON-E4E9877E205C","APP-DC0730ACE31A","D1008","2026-06-23","\N",false,"None"
"CON-6C43CE0B0288","APP-83EC82C9A93C","D1011","2026-06-21","\N",false,"None"
"CON-D87B2084CB8B","APP-27069FB0E169","D1011","2026-06-22","\N",false,"None"
"CON-4B9CB89C0709","APP-46B6CC648672","D1015","2026-06-22","\N",true,"Document_Error"
"CON-783804E4E668","APP-B5A5F349EEBD","D1001","2026-06-23","2026-06-24",false,"None"
"CON-ED922BB78711","APP-AD8D92B906E3","D1005","2026-06-22","2026-06-23",false,"None"
"CON-8FEAC122E66D","APP-441426D4F12C","D1014","2026-06-21","\N",true,"Income_Verification"
"CON-24DAD343C23E","APP-0BE9AE826B94","D1006","2026-06-21","2026-06-23",false,"None"
"CON-336C7329FF37","APP-26F00E152978","D1007","2026-06-22","\N",false,"None"
"CON-7C50B3AFD2ED","APP-B532108ACBCA","D1004","2026-06-22","2026-06-24",false,"None"
"CON-A034F6C92AE0","APP-23546482B1E5","D1004","2026-06-23","\N",false,"None"
"CON-08A5C95DBBDE","APP-2E3DCBF67A3B","D1004","2026-06-23","\N",false,"None"
"CON-25DC3EAB0023","APP-2A2799970387","D1012","2026-06-21","\N",false,"None"
"CON-DBF30CDCEDDB","APP-CA38AFCAAA65","D1005","2026-06-22","2026-06-23",false,"None"
"CON-CD0DD8871335","APP-462B6603398D","D4471","2026-06-24","\N",false,"None"
"CON-4D712710C9EE","APP-25B59E691020","D4471","2026-06-22","\N",false,"None"
"CON-D1F1CA36056A","APP-04649BCFC0B9","D4471","2026-06-22","\N",false,"None"
"CON-3354FB25004A","APP-8A84DFECB40C","D1012","2026-06-24","\N",false,"None"
"CON-30D5ACA34103","APP-5199DF4A160F","D1003","2026-06-23","\N",false,"None"
"CON-4A80AC40336E","APP-FCBFD5F8EC04","D1014","2026-06-23","\N",false,"None"
"CON-C06FED26B71B","APP-5697F496305D","D1003","2026-06-23","\N",false,"None"
"CON-C86FA93E9F62","APP-D6B17F367C4D","D1003","2026-06-24","2026-06-25",false,"None"
"CON-A41C426CA873","APP-469395ED86F0","D1003","2026-06-23","2026-06-25",false,"None"
"CON-44B05F828ADD","APP-C386CBD318F0","D1004","2026-06-23","2026-06-25",false,"None"
"CON-8903EE32D7AA","APP-EEFE8E93B09C","D1008","2026-06-23","2026-06-24",false,"None"
"CON-9F58B1359804","APP-6FECCF64C10A","D1008","2026-06-22","2026-06-25",false,"None"
"CON-21FFAFE3FA8F","APP-A152E9452894","D1010","2026-06-22","\N",false,"None"
"CON-1FF6BDAC43AE","APP-88A4D07CEBD2","D1010","2026-06-22","2026-06-25",false,"None"
"CON-D02588FDD2DB","APP-39D8DC138AAF","D1007","2026-06-24","\N",false,"None"
"CON-343E26673D15","APP-56F68F31A113","D1015","2026-06-23","\N",false,"None"
"CON-A2A747D0D5FE","APP-FF5A1D9AF67F","D1011","2026-06-24","\N",true,"Proof_Of_Residence"
"CON-FA04D45EDF9B","APP-FEDCA81D502D","D1011","2026-06-23","\N",false,"None"
"CON-ED5D0C814C33","APP-CD455807D959","D1004","2026-06-22","\N",false,"None"
"CON-923B962EFBE5","APP-EE9C1DDE2123","D1008","2026-06-23","\N",true,"Proof_Of_Residence"
"CON-F5DA7888D5C2","APP-BDB25F375BDC","D1005","2026-06-22","2026-06-23",false,"None"
"CON-134EB12743A0","APP-991276AE2EB3","D1005","2026-06-23","2026-06-25",false,"None"
"CON-1D244DB34569","APP-94F452E61FBF","D1005","2026-06-22","2026-06-24",false,"None"
"CON-38771E3FDCE2","APP-BC6A7371B5AF","D1004","2026-06-23","\N",false,"None"
"CON-37CAD308265D","APP-F4F376B44AD2","D1004","2026-06-24","2026-06-25",false,"None"
"CON-8BB19C998B8B","APP-C61E55FB4386","D1004","2026-06-22","2026-06-24",false,"None"
"CON-DC8B6DE8E379","APP-BE8B2B4573B4","D1004","2026-06-23","2026-06-25",false,"None"
"CON-298F192C0DF4","APP-13933A71905D","D1004","2026-06-23","\N",false,"None"
"CON-0F01EA476170","APP-7F4BD4444736","D1004","2026-06-22","2026-06-23",false,"None"
"CON-7A0C8F9FCDA7","APP-05A8FD890267","D1009","2026-06-23","\N",true,"Document_Error"
"CON-1F24551F2E71","APP-EDCCFE218391","D1002","2026-06-23","2026-06-24",false,"None"
"CON-8B548EEB8BA1","APP-C4B3815F6F90","D1006","2026-06-22","2026-06-23",false,"None"
"CON-8059C6DD62D8","APP-1C8F048DB596","D1009","2026-06-24","\N",true,"Proof_Of_Residence"
"CON-1AAB108C4D11","APP-ED94A1354A66","D1009","2026-06-24","\N",false,"None"
"CON-60C179107F8F","APP-24B53D58BB7F","D1002","2026-06-24","\N",false,"None"
"CON-7D8509057A36","APP-1C6B15D12E76","D1002","2026-06-23","\N",true,"Document_Error"
"CON-8F99146670CE","APP-72E508D08D4F","D1002","2026-06-22","2026-06-24",false,"None"
"CON-9AAF91302A7B","APP-D9D93D74FA5A","D1002","2026-06-23","\N",false,"None"
"CON-F98C1D8DA933","APP-177EABEDA27B","D1001","2026-06-23","\N",false,"None"
"CON-3D32C71BAF15","APP-16BE80712A75","D1001","2026-06-23","\N",false,"None"
"CON-1B90ED4D6A36","APP-55BB60CC1B0C","D1001","2026-06-23","\N",false,"None"
"CON-B107C6801FBB","APP-6C2B3C74C28B","D1001","2026-06-23","2026-06-24",false,"None"
"CON-6694B25BD12A","APP-252E67B84C54","D1004","2026-06-23","\N",false,"None"
"CON-2EA8AE6C45EB","APP-0947E9A3DF2E","D1001","2026-06-23","2026-06-25",false,"None"
"CON-C243A2C8C38A","APP-75A39D04807C","D1001","2026-06-23","2026-06-24",false,"None"
"CON-DD4AB319D5C3","APP-A7129A43F66C","D1003","2026-06-23","\N",false,"None"
"CON-88B2A5005DD9","APP-164440492CE3","D1003","2026-06-23","2026-06-24",false,"None"
"CON-DD4352E542CE","APP-2BFF383CEF02","D1009","2026-06-25","\N",true,"Document_Error"
"CON-A4F978934890","APP-DB52D00C29DA","D1009","2026-06-23","\N",true,"Income_Verification"
"CON-482A3D16AEE6","APP-2734BCA01AED","D1009","2026-06-23","\N",false,"None"
"CON-FCB5BF58D6A2","APP-48C9D91D2263","D1001","2026-06-25","\N",false,"None"
"CON-60A3CA6D1FA5","APP-2BC59A3ADCD0","D1003","2026-06-24","2026-06-25",false,"None"
"CON-DA803A4A45A9","APP-851AC2A90431","D1003","2026-06-24","\N",false,"None"
"CON-AA9A2D1902FA","APP-EAA1CF7B3186","D1003","2026-06-23","2026-06-24",false,"None"
"CON-0933FCE93670","APP-C979C315CF08","D1004","2026-06-24","\N",false,"None"
"CON-7B6B4AE50B66","APP-F2A41AEA3EEA","D1004","2026-06-23","2026-06-25",false,"None"
"CON-5911C17E8510","APP-6CB1EAB4B0B1","D1004","2026-06-25","\N",false,"None"
"CON-7B78D21BBDB9","APP-E490FE1A0194","D1013","2026-06-25","\N",false,"None"
"CON-65C0141D1DAF","APP-3618C1727E67","D1013","2026-06-24","\N",false,"None"
"CON-9A9C4B719802","APP-8E4090ADA9F1","D1003","2026-06-25","\N",false,"None"
"CON-E35FD7FA38DA","APP-26BE2A4C245B","D1003","2026-06-23","2026-06-25",false,"None"
"CON-89974F054646","APP-F77804661FDF","D1001","2026-06-24","\N",false,"None"
"CON-52E6532CFA11","APP-7407F0DA00DA","D1008","2026-06-23","\N",false,"None"
"CON-B8DE664D90EC","APP-705A55E35BB8","D1007","2026-06-23","\N",false,"None"
"CON-AF962C6733CB","APP-74116DEDC739","D1007","2026-06-24","\N",false,"None"
"CON-8F8EDB802A1C","APP-41D1BD3FF7D4","D1007","2026-06-25","\N",true,"Proof_Of_Residence"
"CON-A496A51ACFA8","APP-6C70BD54C086","D1010","2026-06-23","\N",false,"None"
"CON-136E58FCEBDA","APP-5106E51AADE4","D1004","2026-06-23","\N",false,"None"
"CON-4633998A74E6","APP-6FBA480BE09D","D1001","2026-06-23","\N",false,"None"
"CON-A474E2252416","APP-9B47A4D05ACA","D1002","2026-06-25","\N",false,"None"
"CON-9869A88DA176","APP-6FB21FFD5FB5","D1012","2026-06-24","\N",false,"None"
"CON-84D0DCE58F44","APP-EF3B50C83BD1","D1002","2026-06-23","\N",false,"None"
"CON-938E47C7ED26","APP-2A6332912A42","D1002","2026-06-23","\N",false,"None"
"CON-83985256CF2C","APP-E4E297C10C29","D1012","2026-06-24","\N",false,"None"
"CON-259CCE7FA9F3","APP-A73E0BF02ADF","D4471","2026-06-23","\N",false,"None"
"CON-5E150B405815","APP-A9FA676AC67E","D1006","2026-06-24","\N",false,"None"
"CON-C709221F66A3","APP-F2887198754E","D1002","2026-06-23","\N",false,"None"
"CON-D97E5D6C9A5F","APP-01068ADFC0CA","D1002","2026-06-24","\N",false,"None"
"CON-063FC9A82B36","APP-248047F15AFF","D1011","2026-06-23","2026-06-24",false,"None"
"CON-6FA71E822B13","APP-F96A9195E9C0","D1002","2026-06-23","\N",false,"None"
"CON-8D49C7878B2B","APP-B7AA1CFCB31D","D1006","2026-06-23","\N",false,"None"
"CON-2C518FA99083","APP-804775F25F4C","D1006","2026-06-25","\N",true,"Income_Verification"
"CON-75A0E70BFAB3","APP-D8A4048070F9","D1002","2026-06-23","2026-06-24",false,"None"
"CON-11AE98A32637","APP-1984E52F43D6","D1005","2026-06-24","\N",false,"None"
"CON-D5B451084144","APP-7AC408544B75","D1005","2026-06-25","\N",false,"None"
"CON-23916DBBE4E0","APP-D28AEFAA97DC","D1005","2026-06-25","\N",false,"None"
"CON-2D281D81B38F","APP-ABD141CCDE91","D1005","2026-06-25","\N",false,"None"
"CON-910CB7C1DD01","APP-A816F1182351","D1005","2026-06-24","\N",false,"None"
"CON-DB832161E916","APP-DFCCDD0D5EF1","D1005","2026-06-25","\N",false,"None"
"CON-AEFA4F8D04FD","APP-15CA1392871B","D1002","2026-06-24","2026-06-25",false,"None"
"CON-7BB63F13DFB2","APP-90439BE8CC7C","D1002","2026-06-25","\N",false,"None"
"CON-D22AE83FCF45","APP-8472BBF8AB61","D1002","2026-06-25","\N",false,"None"
"CON-49060ED6B956","APP-B84662B9B535","D1003","2026-06-25","\N",false,"None"
"CON-CBB6707CE1E6","APP-2B1559F5DB98","D1012","2026-06-25","\N",false,"None"
"CON-F1DC60B044A2","APP-9F76A28C0808","D1012","2026-06-25","\N",false,"None"
"CON-AE7C00ABAF85","APP-E21DE6EE0350","D1006","2026-06-26","\N",true,"Income_Verification"
"CON-7C873C044D0A","APP-3918D8B5D6C1","D1006","2026-06-26","\N",false,"None"
"CON-01BDF77BD33D","APP-1EEF3B46943F","D1006","2026-06-26","\N",false,"None"
"CON-88A4E7ADCD2B","APP-186F617D31B9","D1006","2026-06-24","\N",false,"None"
"CON-C72203582DD5","APP-4F47F138C049","D1009","2026-06-25","\N",false,"None"
"CON-7F2B78617B98","APP-6044EBB9B58E","D1009","2026-06-26","\N",false,"None"
"CON-4382BBFE2DCA","APP-AC0797B13E34","D1009","2026-06-25","\N",false,"None"
"CON-FEB4FC6AD8AB","APP-1CBF23A79204","D1014","2026-06-24","\N",false,"None"
"CON-968C7133199C","APP-549A2350182E","D1003","2026-06-25","\N",false,"None"
"CON-BB9241491B1E","APP-D8EEC78B82CD","D1003","2026-06-26","\N",false,"None"
"CON-D15E24595BEC","APP-9FB5554F1EB6","D1003","2026-06-25","\N",true,"Document_Error"
"CON-BED4CD2D6A16","APP-763305675768","D1003","2026-06-25","\N",false,"None"
"CON-867631A87E74","APP-8B9557EA3F97","D1001","2026-06-26","\N",false,"None"
"CON-A0B98E7E3D99","APP-3D78D387420D","D1004","2026-06-25","\N",false,"None"
"CON-2FE0FC309F86","APP-652B839B8609","D1004","2026-06-24","\N",true,"Proof_Of_Residence"
"CON-B8847F40B244","APP-557DF4EC8126","D1004","2026-06-25","\N",false,"None"
"CON-A78E89883532","APP-9564705138D4","D1004","2026-06-26","\N",false,"None"
"CON-C8D86DCE4E30","APP-E7D37A0532C0","D1004","2026-06-25","\N",true,"Document_Error"
"CON-9F50F27DA1B2","APP-4A3060AC721D","D1005","2026-06-25","\N",false,"None"
"CON-451924D4AB45","APP-B9A18223C55A","D1005","2026-06-25","\N",true,"Document_Error"
"CON-630D5EC0AC4D","APP-05634919CA11","D1004","2026-06-24","2026-06-25",false,"None"
"CON-08FBE46BEF60","APP-87E932407CB5","D1011","2026-06-26","\N",false,"None"
"CON-31B7CFB91A28","APP-51BC14E7A226","D1011","2026-06-26","\N",false,"None"
"CON-CFF5CF38EFE2","APP-93309FDCD9D7","D1011","2026-06-26","\N",true,"Proof_Of_Residence"
"CON-DAB1AB6573CE","APP-C1FCCB8A7620","D1005","2026-06-24","2026-06-25",false,"None"
"CON-003559DE7D1D","APP-0A71C7986844","D1007","2026-06-26","\N",false,"None"
"CON-E4BAF06D25A2","APP-4E2C6C09F72A","D1007","2026-06-26","\N",false,"None"
"CON-F50EE23F0CA1","APP-09D69EC15376","D1007","2026-06-25","\N",false,"None"
"CON-48644D67DD91","APP-48DFCBD85A10","D1010","2026-06-25","\N",false,"None"
"CON-1098B15F00A6","APP-81ADB070F305","D1010","2026-06-24","\N",false,"None"
"CON-4B9EBA0A8DEE","APP-17A38C077980","D1010","2026-06-26","\N",false,"None"
"CON-828ED79CAC2E","APP-82FC0CF209A4","D1005","2026-06-26","\N",false,"None"
"CON-A6AF0F4B89B5","APP-F099BB31FBB9","D1002","2026-06-24","\N",false,"None"
"CON-201C6DE0A93A","APP-92C61579E9F3","D4471","2026-06-24","\N",false,"None"
"CON-15452C1FB5AB","APP-F92E5EB473AF","D4471","2026-06-26","\N",true,"Proof_Of_Residence"
"CON-A4EE21427BC4","APP-171F16158D12","D4471","2026-06-25","\N",true,"Proof_Of_Residence"
"CON-C547077FC5CC","APP-3C04D78A715D","D4471","2026-06-25","\N",false,"None"
"CON-BBDE4B60D1FF","APP-538401362A74","D1008","2026-06-24","\N",true,"Document_Error"
"CON-46B7B628AD47","APP-52B3B58A17E1","D1008","2026-06-24","\N",false,"None"
"CON-FE1AD0E68E08","APP-4A129298B406","D1001","2026-06-25","\N",false,"None"
"CON-080CD49849C4","APP-C931F139A344","D1001","2026-06-24","\N",false,"None"
"CON-97E36BD1BFB5","APP-3B280E79E21F","D1002","2026-06-24","2026-06-25",false,"None"
"CON-61A8AEF89CBC","APP-7605FB74805B","D1003","2026-06-26","\N",false,"None"
"CON-492CC506C477","APP-5AD0C4B4802D","D1015","2026-06-27","\N",true,"Income_Verification"
"CON-35F52DDFD89A","APP-F47C54876CBF","D1002","2026-06-25","\N",false,"None"
"CON-EB2466B8A968","APP-8FF6727564DE","D1007","2026-06-26","\N",false,"None"
"CON-1794476EED97","APP-C61C4E861B7F","D4471","2026-06-17","2026-06-22",true,"Proof_Of_Residence"
"CON-0BFED68025E6","APP-AA4A5A24A6A4","D4471","2026-06-25","\N",true,"Proof_Of_Residence"
"CON-991B07B2DF99","APP-86E665D14C1B","D4471","2026-06-25","\N",false,"None"
"CON-DD50760D16CC","APP-BD5CA94CEFE4","D4471","2026-06-26","\N",false,"None"
"CON-C7E718DABB44","APP-A359F3B5703D","D1002","2026-06-27","\N",false,"None"
"CON-793E37D6A91D","APP-3D551D115442","D1002","2026-06-27","\N",false,"None"
"CON-24BF8DE75B35","APP-634098E57244","D1002","2026-06-26","\N",false,"None"
"CON-F0D056AF0BA6","APP-C27CB212D76F","D1002","2026-06-25","\N",false,"None"
"CON-F6C5439E5481","APP-3161F087CA22","D1001","2026-06-27","\N",false,"None"
"CON-6EC7442B7D22","APP-F1793B9C92E1","D1005","2026-06-26","\N",false,"None"
"CON-4D7EF6A0A71E","APP-5BAB753DABC2","D1005","2026-06-26","\N",false,"None"
"CON-F947A5927F43","APP-A8E14799FD91","D1005","2026-06-26","\N",false,"None"
"CON-9B450205C539","APP-0321E47B681B","D1005","2026-06-26","\N",false,"None"
"CON-CB1A1CD62DD8","APP-D9F9F34DB401","D1005","2026-06-27","\N",false,"None"
"CON-09E009DE63C7","APP-63221F588890","D1005","2026-06-25","\N",false,"None"
"CON-4B61E68ED481","APP-56B5444187B1","D1004","2026-06-27","\N",false,"None"
"CON-631F9F3C742A","APP-F9C50E0D0D6B","D1003","2026-06-25","\N",false,"None"
"CON-F2295ABB303B","APP-116D0475B78E","D1009","2026-06-25","\N",false,"None"
"CON-50C20F29CAFC","APP-D4329A016478","D1013","2026-06-27","\N",false,"None"
"CON-3CC682B57F8C","APP-F157B42FD50A","D1012","2026-06-25","\N",false,"None"
"CON-188415EFB2AD","APP-3F726FC302A0","D1012","2026-06-27","\N",false,"None"
"CON-BB53234EEA47","APP-245EE1863F60","D1012","2026-06-25","\N",false,"None"
"CON-320450E3B28E","APP-10E452E89B41","D1010","2026-06-25","\N",false,"None"
"CON-F9D9DADA1825","APP-7C4A0444234E","D1010","2026-06-26","\N",false,"None"
"CON-B13A63EAC57F","APP-3ABD85781174","D1009","2026-06-26","\N",false,"None"
"CON-CA6B9CB57412","APP-7C4D30A1B100","D1009","2026-06-25","\N",true,"Income_Verification"
"CON-C2B3F49FC139","APP-3334CBCDC054","D1013","2026-06-26","\N",false,"None"
"CON-D9931692BC39","APP-7D6FDF42EEDB","D1009","2026-06-25","\N",false,"None"
"CON-059D59D70A80","APP-536F4B71392B","D1001","2026-06-25","\N",true,"Document_Error"
"CON-D64BE2F5FF1E","APP-9C9B29FAFE1B","D1001","2026-06-26","\N",true,"Document_Error"
"CON-8F3AD8CDFE7E","APP-03FA2F00C214","D1001","2026-06-27","\N",false,"None"
"CON-E7042E326F68","APP-F0C145C77970","D1001","2026-06-26","\N",false,"None"
"CON-D7C85B31479C","APP-180B131EDB10","D1001","2026-06-26","\N",false,"None"
"CON-B202CD85DAF2","APP-B87A1CC60E5B","D1001","2026-06-25","\N",false,"None"
"CON-C5D48511B29D","APP-4B134055EFB6","D1001","2026-06-27","\N",false,"None"
