"LOAN_ID","CONTRACT_ID","DEALER_ID","PAYMENT_EVENT_DATE","DPD_STATUS","EPD_FLAG"
"SVC-314492E8909B","CON-3EDD933335A3","D1006","2026-04-28","Current",false
"SVC-C0EBA5C5B703","CON-3EDD933335A3","D1006","2026-05-28","Current",false
"SVC-5C8677F79D07","CON-5CE4B2F7FA35","D1004","2026-04-28","Current",false
"SVC-F7DB9ADA89D2","CON-5CE4B2F7FA35","D1004","2026-05-28","Current",false
"SVC-EE46D7D6B30E","CON-E7FD0FB8BB41","D1002","2026-04-28","Current",false
"SVC-5F202FB81689","CON-E7FD0FB8BB41","D1002","2026-05-28","Current",false
"SVC-48CFDDEA7D2F","CON-F9F7EC6013FF","D1007","2026-04-28","Current",false
"SVC-F032BDDB60C0","CON-F9F7EC6013FF","D1007","2026-05-28","Current",false
"SVC-CE11E480065B","CON-CBB652A6A41B","D1006","2026-04-29","Current",false
"SVC-8A172545F7C8","CON-CBB652A6A41B","D1006","2026-05-29","Current",false
"SVC-343680C93584","CON-B3BBD37DCEE7","D1012","2026-04-29","Current",false
"SVC-1C3D49D57C07","CON-B3BBD37DCEE7","D1012","2026-05-29","Current",false
"SVC-2205239FBAB9","CON-2C0616575E83","D4471","2026-04-29","Current",false
"SVC-8C5D920588D4","CON-2C0616575E83","D4471","2026-05-29","Current",false
"SVC-2AABF648A829","CON-2BFC988EB27C","D1004","2026-04-29","Current",false
"SVC-23F49A1D1597","CON-2BFC988EB27C","D1004","2026-05-29","Current",false
"SVC-794497F0E7AC","CON-4E0B19AFE533","D4471","2026-04-29","Current",false
"SVC-3110F23E034D","CON-4E0B19AFE533","D4471","2026-05-29","Current",false
"SVC-01A42FB2DBAD","CON-307CDB1F9E3A","D1004","2026-04-30","Current",false
"SVC-42A3000B85F9","CON-307CDB1F9E3A","D1004","2026-05-30","Current",false
"SVC-65475DEF199B","CON-E04DA9B0E87E","D1001","2026-04-30","Current",false
"SVC-BCB039AC2122","CON-E04DA9B0E87E","D1001","2026-05-30","Current",false
"SVC-9B28124ED49F","CON-D08B00A59AB5","D1003","2026-04-30","Current",false
"SVC-AC9384A220E3","CON-D08B00A59AB5","D1003","2026-05-30","Current",false
"SVC-3E5E785521FD","CON-1317E22E3F9F","D1003","2026-04-30","Current",false
"SVC-E3BFF6A69452","CON-1317E22E3F9F","D1003","2026-05-30","Current",false
"SVC-D60B6E500E40","CON-5AD091D92DDE","D1007","2026-04-30","Current",false
"SVC-C3264265AD48","CON-5AD091D92DDE","D1007","2026-05-30","Current",false
"SVC-51DCCA6247F7","CON-5F0959D7A50E","D4471","2026-04-30","Current",false
"SVC-437FCE214557","CON-5F0959D7A50E","D4471","2026-05-30","Current",false
"SVC-2A53957825DE","CON-C7E824C01EF4","D1004","2026-04-30","Current",false
"SVC-A2FD2F397073","CON-C7E824C01EF4","D1004","2026-05-30","Current",false
"SVC-D49D38CA4D91","CON-6898ADA1FEDC","D1004","2026-04-30","Current",false
"SVC-A97C289B235E","CON-6898ADA1FEDC","D1004","2026-05-30","Current",false
"SVC-46EC233C1458","CON-0FCE5A251887","D1001","2026-04-30","Current",false
"SVC-328F1E735602","CON-0FCE5A251887","D1001","2026-05-30","Current",false
"SVC-D14A81861623","CON-514234070A3D","D1002","2026-04-30","Current",false
"SVC-7E5EA4E4D46E","CON-514234070A3D","D1002","2026-05-30","Current",false
"SVC-D19E20A8D470","CON-E8ED481F6A37","D1002","2026-04-30","Current",false
"SVC-CCB1D6D5B04F","CON-E8ED481F6A37","D1002","2026-05-30","Current",false
"SVC-C2F7D0147728","CON-E1531CA66019","D1009","2026-04-30","Current",false
"SVC-45FCDC7A3F02","CON-E1531CA66019","D1009","2026-05-30","Current",false
"SVC-6A22ED202861","CON-AC9E72BA9446","D1009","2026-04-30","Current",false
"SVC-4996D8E10CCC","CON-AC9E72BA9446","D1009","2026-05-30","Current",false
"SVC-39AC9634F932","CON-A64A3FEFD40E","D1009","2026-04-30","Current",false
"SVC-B6AEE04C772A","CON-A64A3FEFD40E","D1009","2026-05-30","Current",false
"SVC-A90F23641C3F","CON-F077E177A53C","D1002","2026-04-30","Current",false
"SVC-F6E349AC25BD","CON-F077E177A53C","D1002","2026-05-30","Current",false
"SVC-4D54B750AF47","CON-98A7E5CC0FE0","D1005","2026-04-30","Current",false
"SVC-AA0C99AEE940","CON-98A7E5CC0FE0","D1005","2026-05-30","Current",false
"SVC-19A3AE45C106","CON-B282FC24CFCD","D4471","2026-04-30","Current",false
"SVC-DEC05250C973","CON-B282FC24CFCD","D4471","2026-05-30","Current",false
"SVC-FACE17A42ACD","CON-FC7B186020FB","D1002","2026-04-30","Current",false
"SVC-B42EE5EE0219","CON-FC7B186020FB","D1002","2026-05-30","Current",false
"SVC-B776A3243548","CON-CBBB0C264294","D1005","2026-04-30","Current",false
"SVC-5537C5533B7E","CON-CBBB0C264294","D1005","2026-05-30","Current",false
"SVC-EF7147144EE3","CON-938D87ECA5D5","D1010","2026-04-30","Current",false
"SVC-3BD0CE57E12C","CON-938D87ECA5D5","D1010","2026-05-30","Current",false
"SVC-7A1E1207A900","CON-5E86EB2E977F","D4471","2026-04-30","Current",false
"SVC-968CDA141427","CON-5E86EB2E977F","D4471","2026-05-30","Current",false
"SVC-5D2EE5636AC3","CON-3F39984BA7D8","D1012","2026-05-01","Current",false
"SVC-6BDBD82C016D","CON-3F39984BA7D8","D1012","2026-05-31","Current",false
"SVC-E8B9439F983C","CON-FF9EADCE8FB9","D1008","2026-05-01","Current",false
"SVC-16B9A45A9553","CON-FF9EADCE8FB9","D1008","2026-05-31","Current",false
"SVC-A6FEE7DA5437","CON-D0124361134A","D1004","2026-05-01","Current",false
"SVC-911AD56D1B77","CON-D0124361134A","D1004","2026-05-31","Current",false
"SVC-5EB73530ED67","CON-17C391CFCF13","D1002","2026-05-01","Current",false
"SVC-B0ACAE04D018","CON-17C391CFCF13","D1002","2026-05-31","Current",false
"SVC-9183A76EAF74","CON-933953D845A5","D1002","2026-05-01","Current",false
"SVC-F1636BBBF14A","CON-933953D845A5","D1002","2026-05-31","Current",false
"SVC-85AA26ABAC74","CON-F6BBCF95DE5C","D1003","2026-05-01","Current",false
"SVC-6B7E060754C2","CON-F6BBCF95DE5C","D1003","2026-05-31","Current",false
"SVC-CEE672D8398B","CON-9B7CD7F4604B","D1003","2026-05-01","Current",false
"SVC-7B6778AA5B26","CON-9B7CD7F4604B","D1003","2026-05-31","Current",false
"SVC-6E7930E8C66E","CON-D3C95EF4C6BE","D1001","2026-05-01","Current",false
"SVC-CB6F38E338C2","CON-D3C95EF4C6BE","D1001","2026-05-31","Current",false
"SVC-27E6F27734E6","CON-2C747BFB0EFD","D1001","2026-05-01","Current",false
"SVC-AF7D07740475","CON-2C747BFB0EFD","D1001","2026-05-31","Current",false
"SVC-5E39A46D55CC","CON-85C7336113D2","D1011","2026-05-01","Current",false
"SVC-DB044D178DFD","CON-85C7336113D2","D1011","2026-05-31","Current",false
"SVC-0F9AD4238D6D","CON-EDCDDAAB0A87","D1005","2026-05-01","Current",false
"SVC-FAAAF20D1B0B","CON-EDCDDAAB0A87","D1005","2026-05-31","Current",false
"SVC-ACA1B6CCB987","CON-81C585C51356","D1005","2026-05-01","Current",false
"SVC-37A11F2CCEE1","CON-81C585C51356","D1005","2026-05-31","Current",false
"SVC-6026ECAEEA32","CON-AD89CCE66255","D1005","2026-05-01","Current",false
"SVC-FCC046653C16","CON-AD89CCE66255","D1005","2026-05-31","Current",false
"SVC-BF49D010DA49","CON-45A4549D0DED","D1001","2026-05-01","Current",false
"SVC-D9693488E7BC","CON-45A4549D0DED","D1001","2026-05-31","Current",false
"SVC-5C242CA9DA5F","CON-922181896822","D1010","2026-05-01","Current",false
"SVC-699CABEE549A","CON-922181896822","D1010","2026-05-31","Current",false
"SVC-71218CB91F8F","CON-DB5C9C87B13B","D1006","2026-05-01","Current",false
"SVC-94D69D270C37","CON-DB5C9C87B13B","D1006","2026-05-31","Current",false
"SVC-DF236F35B6CB","CON-349CE336E327","D1003","2026-05-01","Current",false
"SVC-3239C00E0972","CON-349CE336E327","D1003","2026-05-31","Current",false
"SVC-E9D040A3D767","CON-CBE7DBD94A25","D4471","2026-05-01","Current",false
"SVC-929B2C19FAC8","CON-CBE7DBD94A25","D4471","2026-05-31","Current",false
"SVC-572A596AD42C","CON-BF41B68D84FB","D1004","2026-05-01","Current",false
"SVC-A2245951BD65","CON-BF41B68D84FB","D1004","2026-05-31","Current",false
"SVC-EF64AC281EE8","CON-A76B71A649A7","D1015","2026-05-01","Current",false
"SVC-2FD3D37BD88D","CON-A76B71A649A7","D1015","2026-05-31","Current",false
"SVC-0A9CF912E42E","CON-47C86A20C89F","D1005","2026-05-01","Current",false
"SVC-6C6F74E217E5","CON-47C86A20C89F","D1005","2026-05-31","Current",false
"SVC-78F9A5520FA5","CON-3B019B57064C","D1005","2026-05-02","Current",false
"SVC-6A4C79ADBEE0","CON-3B019B57064C","D1005","2026-06-01","Current",false
"SVC-C14E8B17BCE9","CON-F370706D21B0","D1004","2026-05-02","Current",false
"SVC-8E483F9564EC","CON-F370706D21B0","D1004","2026-06-01","Current",false
"SVC-8596168D545D","CON-9ED0A9337AF9","D4471","2026-05-02","Current",false
"SVC-02A6C6B0AA8D","CON-9ED0A9337AF9","D4471","2026-06-01","Current",false
"SVC-E50B9993313B","CON-CACEFF067EFF","D1005","2026-05-02","Current",false
"SVC-CEA511AB00B4","CON-CACEFF067EFF","D1005","2026-06-01","Current",false
"SVC-CB1156E15E1B","CON-1D9D5E655385","D1004","2026-05-02","Current",false
"SVC-EC5EF231C759","CON-1D9D5E655385","D1004","2026-06-01","Current",false
"SVC-C47A36A36B9B","CON-159DA4E5896A","D1004","2026-05-02","Current",false
"SVC-B29715E99409","CON-159DA4E5896A","D1004","2026-06-01","Current",false
"SVC-FC5C26C957DC","CON-DAB3153F4843","D1002","2026-05-02","Current",false
"SVC-757497D28596","CON-DAB3153F4843","D1002","2026-06-01","Current",false
"SVC-A14C726BF6DF","CON-84F305C966FE","D1002","2026-05-02","Current",false
"SVC-2BA0DF06C390","CON-84F305C966FE","D1002","2026-06-01","Current",false
"SVC-6C035E35AD2B","CON-59465AEF222B","D4471","2026-05-02","Current",false
"SVC-C9252321FDC6","CON-59465AEF222B","D4471","2026-06-01","Current",false
"SVC-EED067A8A11C","CON-42CB9090AA6A","D1001","2026-05-02","Current",false
"SVC-F5DE4DCC7FFA","CON-42CB9090AA6A","D1001","2026-06-01","Current",false
"SVC-3C2D145A6925","CON-4F72260FC2FB","D4471","2026-05-02","Current",false
"SVC-6BC0596E6EA4","CON-4F72260FC2FB","D4471","2026-06-01","Current",false
"SVC-7667E7A45AC9","CON-517E4FC4DE1D","D1002","2026-05-02","Current",false
"SVC-6CAC1454B12F","CON-517E4FC4DE1D","D1002","2026-06-01","Current",false
"SVC-3D06F4CC0B55","CON-42C682CADCE8","D1003","2026-05-02","Current",false
"SVC-08B628E02BA3","CON-42C682CADCE8","D1003","2026-06-01","Current",false
"SVC-186BAFF7E718","CON-C365DA73C32B","D4471","2026-05-02","Current",false
"SVC-64406C15405B","CON-C365DA73C32B","D4471","2026-06-01","Current",false
"SVC-E87642999B41","CON-C8712F296777","D1003","2026-05-02","Current",false
"SVC-81833CA563BE","CON-C8712F296777","D1003","2026-06-01","Current",false
"SVC-37D84C9C44EE","CON-02DC11DAF407","D1003","2026-05-02","Current",false
"SVC-CC79AE9A0C9D","CON-02DC11DAF407","D1003","2026-06-01","Current",false
"SVC-F304EA03D415","CON-C0C805CF8C36","D1010","2026-05-02","Current",false
"SVC-DEE777042FF3","CON-C0C805CF8C36","D1010","2026-06-01","Current",false
"SVC-7848EEC70257","CON-39AEF67AEF61","D1010","2026-05-02","Current",false
"SVC-A4DAABFEF166","CON-39AEF67AEF61","D1010","2026-06-01","Current",false
"SVC-00D8CEF62863","CON-0948C3F5734D","D1003","2026-05-02","Current",false
"SVC-571DDC4F7CDF","CON-0948C3F5734D","D1003","2026-06-01","Current",false
"SVC-84403BB38CDE","CON-E267FE3651D1","D1012","2026-05-02","Current",false
"SVC-18B1BA9DF663","CON-E267FE3651D1","D1012","2026-06-01","Current",false
"SVC-E94987042928","CON-0FB262F3E95D","D1008","2026-05-02","Current",false
"SVC-75E3750B3FAB","CON-0FB262F3E95D","D1008","2026-06-01","Current",false
"SVC-5781C5116D67","CON-A4EA42421A22","D1001","2026-05-02","Current",false
"SVC-E1A659C39291","CON-A4EA42421A22","D1001","2026-06-01","Current",false
"SVC-CEE6D8133FA9","CON-AC214FA3AFB1","D1001","2026-05-02","Current",false
"SVC-29DCD3848719","CON-AC214FA3AFB1","D1001","2026-06-01","Current",false
"SVC-0E1D428C76F3","CON-8FCE8FCC37F8","D1009","2026-05-02","Current",false
"SVC-E5C3C5DBDE0F","CON-8FCE8FCC37F8","D1009","2026-06-01","Current",false
"SVC-60555F5AB2B4","CON-1F23D6CC7163","D1009","2026-05-02","Current",false
"SVC-96C82215F374","CON-1F23D6CC7163","D1009","2026-06-01","Current",false
"SVC-C8FD9E5B1960","CON-2FE8FCCDE0D6","D4471","2026-05-03","Current",false
"SVC-AE81F21228EF","CON-2FE8FCCDE0D6","D4471","2026-06-02","Current",false
"SVC-15E747055B55","CON-BA7B09233FFE","D1011","2026-05-03","Current",false
"SVC-7799C47AEB38","CON-BA7B09233FFE","D1011","2026-06-02","Current",false
"SVC-0B6C7ED147D1","CON-C80EAC15E14F","D1011","2026-05-03","Current",false
"SVC-EF461DA6E8A6","CON-C80EAC15E14F","D1011","2026-06-02","Current",false
"SVC-9AC99AC32E27","CON-8A20185A74E4","D1011","2026-05-03","Current",false
"SVC-8E7C7105F9E8","CON-8A20185A74E4","D1011","2026-06-02","30",true
"SVC-9014A5D60CCF","CON-6D331CC0CB3F","D1013","2026-05-03","Current",false
"SVC-82F67931CC44","CON-6D331CC0CB3F","D1013","2026-06-02","Current",false
"SVC-8C3C45305304","CON-C2B8B95D4E3E","D1002","2026-05-03","Current",false
"SVC-C46F44B9E367","CON-C2B8B95D4E3E","D1002","2026-06-02","Current",false
"SVC-925BF090C91B","CON-4CA795F763B7","D1005","2026-05-03","Current",false
"SVC-E5A9BFCE1277","CON-4CA795F763B7","D1005","2026-06-02","Current",false
"SVC-1D8716029C5E","CON-5DAA5942C628","D1005","2026-05-03","Current",false
"SVC-44EADD86B52F","CON-5DAA5942C628","D1005","2026-06-02","Current",false
"SVC-9900815B5C03","CON-886A4A546F9C","D1005","2026-05-03","Current",false
"SVC-8EAE4D241CC8","CON-886A4A546F9C","D1005","2026-06-02","Current",false
"SVC-4C6BCBDE343B","CON-0BCDA76A072C","D1005","2026-05-03","Current",false
"SVC-C7FC75BEDDD0","CON-0BCDA76A072C","D1005","2026-06-02","Current",false
"SVC-BE60E84BB23F","CON-267A6EBF4E3A","D1005","2026-05-03","Current",false
"SVC-A1A12A8A7488","CON-267A6EBF4E3A","D1005","2026-06-02","Current",false
"SVC-250C9FAD17F2","CON-8179B02503D1","D1005","2026-05-03","Current",false
"SVC-5E8F35236233","CON-8179B02503D1","D1005","2026-06-02","Current",false
"SVC-4925200BF838","CON-9743D7503901","D1005","2026-05-03","Current",false
"SVC-79A4F94685D9","CON-9743D7503901","D1005","2026-06-02","Current",false
"SVC-DAAB7B129616","CON-451B2FAF40BD","D1005","2026-05-03","Current",false
"SVC-DFE24245B32A","CON-451B2FAF40BD","D1005","2026-06-02","Current",false
"SVC-4279579DD83E","CON-F879856014B8","D1005","2026-05-03","Current",false
"SVC-0D0500D2189F","CON-F879856014B8","D1005","2026-06-02","Current",false
"SVC-F2C0627D30A6","CON-8260FECC642F","D1002","2026-05-03","Current",false
"SVC-1324BB7854C1","CON-8260FECC642F","D1002","2026-06-02","Current",false
"SVC-35CEAD334A34","CON-1907B8A212BC","D1002","2026-05-03","Current",false
"SVC-0F931EB9DFDF","CON-1907B8A212BC","D1002","2026-06-02","Current",false
"SVC-5094057B03CC","CON-89F52B34880A","D1002","2026-05-03","Current",false
"SVC-B3C930A423C6","CON-89F52B34880A","D1002","2026-06-02","Current",false
"SVC-6BA3B0AB6987","CON-699B5CE16262","D1007","2026-05-03","Current",false
"SVC-A68B13F48300","CON-699B5CE16262","D1007","2026-06-02","Current",false
"SVC-5B2F17A70C1A","CON-0297A0AD6325","D4471","2026-05-03","Current",false
"SVC-57DA19425489","CON-0297A0AD6325","D4471","2026-06-02","Current",false
"SVC-D4D37F918EFE","CON-738B508522C1","D1004","2026-05-03","Current",false
"SVC-A4DA6A07AC4F","CON-738B508522C1","D1004","2026-06-02","Current",false
"SVC-69B621ED5F21","CON-72E9CC4E0407","D1009","2026-05-03","Current",false
"SVC-E79B3FC37BE5","CON-72E9CC4E0407","D1009","2026-06-02","Current",false
"SVC-285FDAD09D04","CON-11293F47A38D","D1003","2026-05-03","Current",false
"SVC-94C52942B725","CON-11293F47A38D","D1003","2026-06-02","Current",false
"SVC-B167CB43EDB8","CON-FDAD254D5B9A","D1003","2026-05-03","Current",false
"SVC-13F9E9C36419","CON-FDAD254D5B9A","D1003","2026-06-02","Current",false
"SVC-9DF392E8B290","CON-84082B73FDFD","D1003","2026-05-03","Current",false
"SVC-4FB95960E40A","CON-84082B73FDFD","D1003","2026-06-02","Current",false
"SVC-2C181B94AEF0","CON-6552D7A8ED3A","D1003","2026-05-03","Current",false
"SVC-84699E9610CE","CON-6552D7A8ED3A","D1003","2026-06-02","Current",false
"SVC-BDF2CE20BC5C","CON-BDB7DF619B91","D1003","2026-05-03","Current",false
"SVC-6EF5D1635C3C","CON-BDB7DF619B91","D1003","2026-06-02","Current",false
"SVC-EA24C65AB89E","CON-1A6611E5632B","D1003","2026-05-03","Current",false
"SVC-2E48B0127BAE","CON-1A6611E5632B","D1003","2026-06-02","Current",false
"SVC-F8BECC3ED7F5","CON-CC609A662787","D1007","2026-05-03","Current",false
"SVC-27ECE661B5F2","CON-CC609A662787","D1007","2026-06-02","Current",false
"SVC-CE26E283C8A7","CON-9616B8749E82","D4471","2026-05-03","Current",false
"SVC-03AABE931997","CON-9616B8749E82","D4471","2026-06-02","Current",false
"SVC-744A47D4D95A","CON-7C7221E06849","D1007","2026-05-03","Current",false
"SVC-2F87B49EEF5D","CON-7C7221E06849","D1007","2026-06-02","Current",false
"SVC-4C23E92F17D7","CON-0534C43A487D","D1003","2026-05-03","Current",false
"SVC-C3F4796E23D6","CON-0534C43A487D","D1003","2026-06-02","Current",false
"SVC-37BA2CCF7CBD","CON-403B1497F776","D1003","2026-05-03","Current",false
"SVC-2EF92BFADD18","CON-403B1497F776","D1003","2026-06-02","Current",false
"SVC-31CA97933ECB","CON-8814F113EEBB","D1001","2026-05-03","Current",false
"SVC-FEF2C49B0078","CON-8814F113EEBB","D1001","2026-06-02","Current",false
"SVC-5C8401A9300C","CON-828CED2A9AEB","D1001","2026-05-03","Current",false
"SVC-7DCA99E7DDCA","CON-828CED2A9AEB","D1001","2026-06-02","Current",false
"SVC-AFFCDBEFA5F4","CON-D88D72AA9B34","D1006","2026-05-03","Current",false
"SVC-7F98B6609ED2","CON-D88D72AA9B34","D1006","2026-06-02","Current",false
"SVC-57E6DF3FA652","CON-1C92E493E012","D1001","2026-05-03","Current",false
"SVC-72E5D291E07A","CON-1C92E493E012","D1001","2026-06-02","Current",false
"SVC-DF0504060227","CON-9781968B6FBC","D1001","2026-05-03","Current",false
"SVC-B75C438DEDDC","CON-9781968B6FBC","D1001","2026-06-02","Current",false
"SVC-29D9337EA196","CON-BA426A9DF83C","D1001","2026-05-03","Current",false
"SVC-983261CA5360","CON-BA426A9DF83C","D1001","2026-06-02","Current",false
"SVC-70F6246840AF","CON-C09F2277C8A3","D1001","2026-05-03","Current",false
"SVC-80C792962289","CON-C09F2277C8A3","D1001","2026-06-02","Current",false
"SVC-F6EB0BF84022","CON-1AFAAF63476C","D1004","2026-05-03","Current",false
"SVC-5B850D1A5DBA","CON-1AFAAF63476C","D1004","2026-06-02","Current",false
"SVC-1F78FBC18DE8","CON-FED449823545","D1004","2026-05-03","Current",false
"SVC-845B187925A7","CON-FED449823545","D1004","2026-06-02","Current",false
"SVC-FA888659D6A4","CON-F030A795D998","D1004","2026-05-03","90+",true
"SVC-EB8C2AEC3D37","CON-F030A795D998","D1004","2026-06-02","90+",true
"SVC-6DBADB365EF4","CON-208BE382A6BD","D4471","2026-05-03","Current",false
"SVC-E97C87297B96","CON-208BE382A6BD","D4471","2026-06-02","Current",false
"SVC-0F8CE026C82E","CON-A55C35F031DE","D1005","2026-05-03","Current",false
"SVC-1A990D901CC2","CON-A55C35F031DE","D1005","2026-06-02","Current",false
"SVC-3DD775D923EC","CON-6971A6D9D5A1","D4471","2026-05-03","Current",false
"SVC-E3D1277CEF3E","CON-6971A6D9D5A1","D4471","2026-06-02","Current",false
"SVC-00C4E218677A","CON-0E48E5E8D334","D1004","2026-05-03","Current",false
"SVC-AA66215A414E","CON-0E48E5E8D334","D1004","2026-06-02","Current",false
"SVC-76C487FF4455","CON-D5DDE7D313CE","D4471","2026-05-03","Current",false
"SVC-32475E81BA5B","CON-D5DDE7D313CE","D4471","2026-06-02","Current",false
"SVC-B472FE3E8B73","CON-E392BEFF10D3","D1004","2026-05-03","Current",false
"SVC-5F2965F4253C","CON-E392BEFF10D3","D1004","2026-06-02","Current",false
"SVC-777A52D8DD92","CON-717004125835","D1004","2026-05-03","Current",false
"SVC-358C9C074C40","CON-717004125835","D1004","2026-06-02","Current",false
"SVC-A980A7350764","CON-49A320518A99","D1015","2026-05-03","Current",false
"SVC-6753FC4A7550","CON-49A320518A99","D1015","2026-06-02","Current",false
"SVC-C876DD69CE86","CON-4A9E436AFB8D","D1006","2026-05-04","Current",false
"SVC-B0ECDBF835E1","CON-4A9E436AFB8D","D1006","2026-06-03","Current",false
"SVC-1E0A43586D77","CON-1EF5E9427651","D1005","2026-05-04","Current",false
"SVC-0BE41F0280D8","CON-1EF5E9427651","D1005","2026-06-03","Current",false
"SVC-E141DEE75BE8","CON-80E581C3EA0C","D1006","2026-05-04","Current",false
"SVC-42506DCA8A82","CON-80E581C3EA0C","D1006","2026-06-03","Current",false
"SVC-011015A467DE","CON-FC2B0B1C1ED9","D1006","2026-05-04","Current",false
"SVC-C0858B421623","CON-FC2B0B1C1ED9","D1006","2026-06-03","Current",false
"SVC-A3F2025C6815","CON-92772FC3BDE4","D1002","2026-05-04","Current",false
"SVC-9AB6FD437352","CON-92772FC3BDE4","D1002","2026-06-03","Current",false
"SVC-4271378DF5DF","CON-14C5FF2270AB","D1010","2026-05-04","Current",false
"SVC-B0161628EE1B","CON-14C5FF2270AB","D1010","2026-06-03","Current",false
"SVC-097787167B0C","CON-0FDB103A5BF3","D1002","2026-05-04","Current",false
"SVC-2B40D081CD1C","CON-0FDB103A5BF3","D1002","2026-06-03","Current",false
"SVC-2580B86C84F6","CON-C695411F8DC5","D1010","2026-05-04","Current",false
"SVC-BD5905DA962D","CON-C695411F8DC5","D1010","2026-06-03","Current",false
"SVC-5C1B5F9FD05C","CON-1125E0DEE10C","D1002","2026-05-04","Current",false
"SVC-9697DD3D7B08","CON-1125E0DEE10C","D1002","2026-06-03","Current",false
"SVC-0EB17317FB2D","CON-DC590E83F7BA","D1006","2026-05-04","Current",false
"SVC-04B039E9FCA6","CON-DC590E83F7BA","D1006","2026-06-03","Current",false
"SVC-19888B79A68D","CON-C739A681F7F6","D1003","2026-05-04","Current",false
"SVC-8DAA9814EF52","CON-C739A681F7F6","D1003","2026-06-03","Current",false
"SVC-B115AB7AABFA","CON-449A1CAC3818","D1002","2026-05-04","Current",false
"SVC-6B41A0738C90","CON-449A1CAC3818","D1002","2026-06-03","Current",false
"SVC-8F2B5F5F6E6A","CON-0889D309DF21","D1002","2026-05-04","Current",false
"SVC-C681DDE52133","CON-0889D309DF21","D1002","2026-06-03","Current",false
"SVC-6ADBC8ECE299","CON-6A597C37E348","D4471","2026-05-04","Current",false
"SVC-54A6498967F2","CON-6A597C37E348","D4471","2026-06-03","Current",false
"SVC-252752730C9C","CON-8A7BA97FB43C","D4471","2026-05-04","Current",false
"SVC-85E0021B1782","CON-8A7BA97FB43C","D4471","2026-06-03","Current",false
"SVC-DCFF2B4D14FD","CON-A85C80E4D70B","D1007","2026-05-04","Current",false
"SVC-791BABC621F2","CON-A85C80E4D70B","D1007","2026-06-03","Current",false
"SVC-0746014C1F0E","CON-A8BFB0E2FAFE","D4471","2026-05-04","Current",false
"SVC-CA41AAC47CB5","CON-A8BFB0E2FAFE","D4471","2026-06-03","Current",false
"SVC-78FE591A3489","CON-CA029FB8E443","D1003","2026-05-04","Current",false
"SVC-9AF0BAF0AE23","CON-CA029FB8E443","D1003","2026-06-03","Current",false
"SVC-2847282BA1F9","CON-5C5A042000A3","D1003","2026-05-04","Current",false
"SVC-0532082491A3","CON-5C5A042000A3","D1003","2026-06-03","Current",false
"SVC-1A530A167232","CON-3D450443E0DB","D1002","2026-05-04","Current",false
"SVC-DB931640A276","CON-3D450443E0DB","D1002","2026-06-03","Current",false
"SVC-DBFF3628042E","CON-C095F12E20AF","D1008","2026-05-04","Current",false
"SVC-3D5E2453C88B","CON-C095F12E20AF","D1008","2026-06-03","Current",false
"SVC-7E220830F227","CON-1C6856C9E5AF","D1001","2026-05-04","Current",false
"SVC-0C88BC30BC85","CON-1C6856C9E5AF","D1001","2026-06-03","Current",false
"SVC-7B884FB5A2AD","CON-C496D78FD66E","D1011","2026-05-04","Current",false
"SVC-2EF4A5A41EA1","CON-C496D78FD66E","D1011","2026-06-03","Current",false
"SVC-62DF0085131C","CON-441AAF9987D6","D1001","2026-05-04","Current",false
"SVC-A7DC40BB4607","CON-441AAF9987D6","D1001","2026-06-03","Current",false
"SVC-2563C28DB8DD","CON-EA870D8A02D7","D1001","2026-05-04","Current",false
"SVC-E5ACCC423723","CON-EA870D8A02D7","D1001","2026-06-03","Current",false
"SVC-35838BBFC9E9","CON-4706BB721DD1","D1011","2026-05-04","Current",false
"SVC-BB6508189C2F","CON-4706BB721DD1","D1011","2026-06-03","Current",false
"SVC-BEDE5B9D9D38","CON-C4CB1013209E","D1004","2026-05-04","Current",false
"SVC-43C30F3BA8BD","CON-C4CB1013209E","D1004","2026-06-03","Current",false
"SVC-872EB2E59E8E","CON-350B48710018","D1015","2026-05-04","Current",false
"SVC-950A11EDF2CF","CON-350B48710018","D1015","2026-06-03","Current",false
"SVC-CF9E567573D9","CON-8C65CFC754EF","D1005","2026-05-04","Current",false
"SVC-86EF5CCCED9C","CON-8C65CFC754EF","D1005","2026-06-03","Current",false
"SVC-68BDB4EA365D","CON-CF6F090A1D53","D1005","2026-05-04","Current",false
"SVC-2ECC8BB0D788","CON-CF6F090A1D53","D1005","2026-06-03","Current",false
"SVC-78EFC678820C","CON-2C22059F9DAA","D1005","2026-05-04","Current",false
"SVC-84EF931F3DE4","CON-2C22059F9DAA","D1005","2026-06-03","Current",false
"SVC-2C0922C2249D","CON-E84A84561D67","D1005","2026-05-04","Current",false
"SVC-60CC73698E89","CON-E84A84561D67","D1005","2026-06-03","Current",false
"SVC-70E3D08D5B4C","CON-47D1EBC5175E","D1012","2026-05-04","Current",false
"SVC-A2B9E0C10F9B","CON-47D1EBC5175E","D1012","2026-06-03","Current",false
"SVC-92311E0055F1","CON-2A0658B4DF1C","D1012","2026-05-04","Current",false
"SVC-2CDC19A48992","CON-2A0658B4DF1C","D1012","2026-06-03","Current",false
"SVC-13EA0108E63F","CON-03D0536ED913","D1012","2026-05-04","Current",false
"SVC-4BFE6D396C4E","CON-03D0536ED913","D1012","2026-06-03","Current",false
"SVC-30EEF5AFF712","CON-E254D95A5E8F","D1005","2026-05-04","Current",false
"SVC-A63F056D36F7","CON-E254D95A5E8F","D1005","2026-06-03","Current",false
"SVC-81ECC4715926","CON-28624C9F0A26","D1005","2026-05-04","Current",false
"SVC-C29308BC51B0","CON-28624C9F0A26","D1005","2026-06-03","Current",false
"SVC-77E065171639","CON-4964303E4215","D1012","2026-05-04","Current",false
"SVC-7DA011F3F730","CON-4964303E4215","D1012","2026-06-03","Current",false
"SVC-3D830DE0D7ED","CON-FD1D6CC93137","D1005","2026-05-04","Current",false
"SVC-1833C7F289F1","CON-FD1D6CC93137","D1005","2026-06-03","Current",false
"SVC-969FC936BA48","CON-2452BD9D95C0","D1001","2026-05-04","Current",false
"SVC-9373BD283218","CON-2452BD9D95C0","D1001","2026-06-03","Current",false
"SVC-2C233298AB0A","CON-C98DD502626E","D1001","2026-05-04","Current",false
"SVC-45E08E9A4253","CON-C98DD502626E","D1001","2026-06-03","Current",false
"SVC-43E6C2398E63","CON-DA514985DEC1","D1009","2026-05-05","Current",false
"SVC-25F5E272CC56","CON-DA514985DEC1","D1009","2026-06-04","Current",false
"SVC-8A3FEE1F2697","CON-637C3076CCB2","D1002","2026-05-05","Current",false
"SVC-CC30C0AAFA3E","CON-637C3076CCB2","D1002","2026-06-04","Current",false
"SVC-05A901FCC222","CON-BFE1C120D165","D1003","2026-05-05","Current",false
"SVC-657D503FCB00","CON-BFE1C120D165","D1003","2026-06-04","Current",false
"SVC-D94D332AD232","CON-BE2184310D1E","D1002","2026-05-05","Current",false
"SVC-54F5A3BFFF6E","CON-BE2184310D1E","D1002","2026-06-04","Current",false
"SVC-E1D4054D3B80","CON-EACBB9DEBAE9","D1003","2026-05-05","Current",false
"SVC-241B2278E0E1","CON-EACBB9DEBAE9","D1003","2026-06-04","Current",false
"SVC-CFF5E853F5CA","CON-DA06CFAD6610","D1004","2026-05-05","Current",false
"SVC-0FEFD7D6E93C","CON-DA06CFAD6610","D1004","2026-06-04","Current",false
"SVC-8FDD0B913072","CON-68503F9DD1F3","D1004","2026-05-05","Current",false
"SVC-D7A281F2C314","CON-68503F9DD1F3","D1004","2026-06-04","Current",false
"SVC-E0F3A71A8068","CON-52BC582640D5","D1004","2026-05-05","Current",false
"SVC-5E88A898A197","CON-52BC582640D5","D1004","2026-06-04","Current",false
"SVC-E861660349A3","CON-318017131D37","D1004","2026-05-05","Current",false
"SVC-FB056A79465B","CON-318017131D37","D1004","2026-06-04","Current",false
"SVC-90081C570F9E","CON-66A204CC4326","D1005","2026-05-05","Current",false
"SVC-1F72BEFDC06D","CON-66A204CC4326","D1005","2026-06-04","Current",false
"SVC-9580681B0281","CON-1FDDD0A3863B","D1013","2026-05-05","Current",false
"SVC-57C749659CF5","CON-1FDDD0A3863B","D1013","2026-06-04","Current",false
"SVC-030E3D10CE09","CON-000FAA13B9D7","D1002","2026-05-05","Current",false
"SVC-78F03079F3A7","CON-000FAA13B9D7","D1002","2026-06-04","Current",false
"SVC-92E191C9767A","CON-72DD861B628E","D1002","2026-05-05","Current",false
"SVC-50B00742EAE8","CON-72DD861B628E","D1002","2026-06-04","Current",false
"SVC-D4584BE5CF9A","CON-7A82E959B391","D1001","2026-05-05","Current",false
"SVC-8ECF479BDC5F","CON-7A82E959B391","D1001","2026-06-04","Current",false
"SVC-52323425DD2B","CON-4B9A1237A286","D1004","2026-05-05","Current",false
"SVC-AB81975B5FF4","CON-4B9A1237A286","D1004","2026-06-04","Current",false
"SVC-F0036610588A","CON-23B3B04695C3","D1008","2026-05-05","Current",false
"SVC-04344FF427C5","CON-23B3B04695C3","D1008","2026-06-04","Current",false
"SVC-A56614482E0E","CON-FD8DD2FB74F0","D1013","2026-05-05","Current",false
"SVC-48C9A21206F7","CON-FD8DD2FB74F0","D1013","2026-06-04","Current",false
"SVC-5EA38A87F893","CON-0FC697AAE29F","D1007","2026-05-05","Current",false
"SVC-D6393EC9E6E1","CON-0FC697AAE29F","D1007","2026-06-04","Current",false
"SVC-83E57F843E42","CON-186474417E92","D1013","2026-05-05","Current",false
"SVC-B668927D09EC","CON-186474417E92","D1013","2026-06-04","Current",false
"SVC-CD7824BAAE5B","CON-F7A033A687F9","D1007","2026-05-05","Current",false
"SVC-6D38879F3BF6","CON-F7A033A687F9","D1007","2026-06-04","Current",false
"SVC-79FD91BB8CF9","CON-C03E01436424","D1009","2026-05-05","Current",false
"SVC-956CE3AE3A57","CON-C03E01436424","D1009","2026-06-04","Current",false
"SVC-AD60B1965F78","CON-87D674D54AB7","D1007","2026-05-05","Current",false
"SVC-609EC59C67A4","CON-87D674D54AB7","D1007","2026-06-04","Current",false
"SVC-034A5977001A","CON-D25740A9140F","D1003","2026-05-05","Current",false
"SVC-D3D30ADE41DB","CON-D25740A9140F","D1003","2026-06-04","Current",false
"SVC-C21A60C49927","CON-4A2C81732123","D1004","2026-05-05","Current",false
"SVC-2DFBB2DCCBFA","CON-4A2C81732123","D1004","2026-06-04","Current",false
"SVC-2751A925E825","CON-5B582099DEE8","D4471","2026-05-05","Current",false
"SVC-E35EC13DC574","CON-5B582099DEE8","D4471","2026-06-04","Current",false
"SVC-50D8B50D9BB0","CON-944352F6CBEF","D4471","2026-05-05","Current",false
"SVC-5DBC185C44B8","CON-944352F6CBEF","D4471","2026-06-04","Current",false
"SVC-E50230D6C1A9","CON-30D9485708A5","D4471","2026-05-05","Current",false
"SVC-2A3F32B63689","CON-30D9485708A5","D4471","2026-06-04","Current",false
"SVC-B87057987E8D","CON-549500F8611C","D1004","2026-05-05","Current",false
"SVC-D91BDB1E96EB","CON-549500F8611C","D1004","2026-06-04","Current",false
"SVC-320C4A304550","CON-1095885BBDD0","D4471","2026-05-05","Current",false
"SVC-9D190B38C9A6","CON-1095885BBDD0","D4471","2026-06-04","Current",false
"SVC-BF19EC92285C","CON-FE88577A55F8","D4471","2026-05-05","Current",false
"SVC-86A087796DDE","CON-FE88577A55F8","D4471","2026-06-04","Current",false
"SVC-D2C478EAD2CA","CON-4738300BE07C","D1001","2026-05-05","Current",false
"SVC-12AD2686CFF2","CON-4738300BE07C","D1001","2026-06-04","Current",false
"SVC-58EC236B4B73","CON-BC9BC77202F6","D1010","2026-05-05","Current",false
"SVC-DA13F0AD5705","CON-BC9BC77202F6","D1010","2026-06-04","Current",false
"SVC-51108074912D","CON-AEE8231CFE55","D1010","2026-05-05","Current",false
"SVC-C063470C7DB1","CON-AEE8231CFE55","D1010","2026-06-04","Current",false
"SVC-49F318BECE5C","CON-4045177C0E1A","D1010","2026-05-05","Current",false
"SVC-FA5D2989082B","CON-4045177C0E1A","D1010","2026-06-04","Current",false
"SVC-248A2054F4B5","CON-6D6CA1C74A1E","D1001","2026-05-05","Current",false
"SVC-D8906B6230C3","CON-6D6CA1C74A1E","D1001","2026-06-04","Current",false
"SVC-85EBA9489E80","CON-FE6A5B666C4B","D1001","2026-05-05","Current",false
"SVC-D758B6134B4B","CON-FE6A5B666C4B","D1001","2026-06-04","Current",false
"SVC-6CB281892338","CON-C3172A040C50","D1011","2026-05-05","Current",false
"SVC-B4EAE1D542CC","CON-C3172A040C50","D1011","2026-06-04","Current",false
"SVC-58856DE9C0C9","CON-0DDD10F21CA7","D1010","2026-05-05","Current",false
"SVC-4DBC83E45206","CON-0DDD10F21CA7","D1010","2026-06-04","Current",false
"SVC-31A476767281","CON-FAA287228686","D1006","2026-05-05","Current",false
"SVC-F08610A54888","CON-FAA287228686","D1006","2026-06-04","Current",false
"SVC-B32DEEBBC61F","CON-2E6FD67B6BA1","D1001","2026-05-05","Current",false
"SVC-B7806BB9DC88","CON-2E6FD67B6BA1","D1001","2026-06-04","Current",false
"SVC-3981A937E962","CON-41CDEC15D4EA","D1005","2026-05-05","Current",false
"SVC-65A21B364B17","CON-41CDEC15D4EA","D1005","2026-06-04","Current",false
"SVC-D50D2F4B15D8","CON-250E818F9AB8","D1005","2026-05-05","Current",false
"SVC-ED940890F7BA","CON-250E818F9AB8","D1005","2026-06-04","Current",false
"SVC-5B7D615EF75C","CON-5A0956A13D17","D1012","2026-05-05","Current",false
"SVC-AD272130F48A","CON-5A0956A13D17","D1012","2026-06-04","Current",false
"SVC-9B311F6153A3","CON-93AADD2A2013","D4471","2026-05-06","Current",false
"SVC-9F1ABF5A4A6D","CON-93AADD2A2013","D4471","2026-06-05","Current",false
"SVC-D9F2ABFBA504","CON-ADC294BBC00E","D1012","2026-05-06","Current",false
"SVC-8774ED1B2FC5","CON-ADC294BBC00E","D1012","2026-06-05","Current",false
"SVC-A5E8B56234FC","CON-1617512982AA","D1006","2026-05-06","Current",false
"SVC-F29CF13328EC","CON-1617512982AA","D1006","2026-06-05","Current",false
"SVC-DC2295726CA5","CON-A942FE997A84","D1001","2026-05-06","Current",false
"SVC-458466600C53","CON-A942FE997A84","D1001","2026-06-05","Current",false
"SVC-02547CFB22AA","CON-7B0CC2471C3B","D4471","2026-05-06","Current",false
"SVC-9474E8207445","CON-7B0CC2471C3B","D4471","2026-06-05","Current",false
"SVC-67810E9D1BFF","CON-B8F2D17635EC","D1004","2026-05-06","Current",false
"SVC-A3A2A1FF60D8","CON-B8F2D17635EC","D1004","2026-06-05","Current",false
"SVC-059E12D9098A","CON-DEE2693034B8","D1010","2026-05-06","Current",false
"SVC-0E85660F3AF4","CON-DEE2693034B8","D1010","2026-06-05","Current",false
"SVC-D60218B657F0","CON-C1B59612542E","D1003","2026-05-06","Current",false
"SVC-EAC66B4D3956","CON-C1B59612542E","D1003","2026-06-05","Current",false
"SVC-8B78A954B6C4","CON-115328140B08","D1009","2026-05-06","Current",false
"SVC-79CFC1E13CE6","CON-115328140B08","D1009","2026-06-05","Current",false
"SVC-1DCAD19BA354","CON-372A7F7A2407","D1003","2026-05-06","Current",false
"SVC-A6C9C1DA7B41","CON-372A7F7A2407","D1003","2026-06-05","Current",false
"SVC-E8F34C8B0F0E","CON-B3DD4169F04A","D4471","2026-05-06","Current",false
"SVC-EB75DB9EDA73","CON-B3DD4169F04A","D4471","2026-06-05","Current",false
"SVC-5A43C8F8557D","CON-4F20BCF949E7","D1004","2026-05-06","Current",false
"SVC-E3C67D36A78B","CON-4F20BCF949E7","D1004","2026-06-05","Current",false
"SVC-2B1BCF661C1B","CON-297875507315","D1003","2026-05-06","Current",false
"SVC-842503519094","CON-297875507315","D1003","2026-06-05","Current",false
"SVC-1E2AFB601CFE","CON-2F8BEBE120A3","D1010","2026-05-06","Current",false
"SVC-24C522502617","CON-2F8BEBE120A3","D1010","2026-06-05","Current",false
"SVC-FB041FDCEBF2","CON-4D2F183B17B4","D1009","2026-05-06","Current",false
"SVC-C65CB8C6CD15","CON-4D2F183B17B4","D1009","2026-06-05","Current",false
"SVC-5DD7A28416D7","CON-C334C67609EB","D1010","2026-05-06","Current",false
"SVC-9D60E1BBE6D1","CON-C334C67609EB","D1010","2026-06-05","Current",false
"SVC-F1D29CD5BCE3","CON-5434B9AB9A1C","D1003","2026-05-06","Current",false
"SVC-53B9C5292DC8","CON-5434B9AB9A1C","D1003","2026-06-05","Current",false
"SVC-B1BC7DB3E5D4","CON-6718DCCB86A1","D1003","2026-05-06","Current",false
"SVC-1F8607E58644","CON-6718DCCB86A1","D1003","2026-06-05","Current",false
"SVC-D030AE62192D","CON-A1C811268726","D1006","2026-05-06","Current",false
"SVC-86D9A270E5C3","CON-A1C811268726","D1006","2026-06-05","Current",false
"SVC-0EFDF4FB3D1F","CON-791EE04FBB71","D1008","2026-05-06","Current",false
"SVC-3F383D1EFE0F","CON-791EE04FBB71","D1008","2026-06-05","Current",false
"SVC-073BECE64191","CON-1D140650A84E","D1006","2026-05-06","Current",false
"SVC-73D0B6EEE08E","CON-1D140650A84E","D1006","2026-06-05","Current",false
"SVC-4C48B8362FCE","CON-0BFBB8E31823","D1008","2026-05-06","Current",false
"SVC-BA06BB0DA451","CON-0BFBB8E31823","D1008","2026-06-05","Current",false
"SVC-CC1FEF75A83C","CON-B4AA2886DBD1","D1004","2026-05-06","Current",false
"SVC-D56FF5154FC9","CON-B4AA2886DBD1","D1004","2026-06-05","Current",false
"SVC-BFBE95C74E71","CON-111C5E087239","D1006","2026-05-06","Current",false
"SVC-34013898CE51","CON-111C5E087239","D1006","2026-06-05","Current",false
"SVC-D93861B9080D","CON-34DCE4105814","D1007","2026-05-06","Current",false
"SVC-F23E6DCD854B","CON-34DCE4105814","D1007","2026-06-05","Current",false
"SVC-839A3B0792AB","CON-5A3AA03A8108","D1001","2026-05-06","Current",false
"SVC-BCA4F97B32A7","CON-5A3AA03A8108","D1001","2026-06-05","Current",false
"SVC-32ABCED139FC","CON-AB767CBB100A","D1001","2026-05-06","Current",false
"SVC-C8CD57937F2F","CON-AB767CBB100A","D1001","2026-06-05","Current",false
"SVC-1B427665BE94","CON-77003EEF1ACA","D1012","2026-05-06","Current",false
"SVC-1691956EBD04","CON-77003EEF1ACA","D1012","2026-06-05","Current",false
"SVC-F89E6404C004","CON-9D749D53341C","D1012","2026-05-06","Current",false
"SVC-FE4101D0E7C1","CON-9D749D53341C","D1012","2026-06-05","Current",false
"SVC-98BD013DBA6D","CON-E51DD680A357","D1012","2026-05-06","Current",false
"SVC-C9AD0E967998","CON-E51DD680A357","D1012","2026-06-05","Current",false
"SVC-74A6FAB8ADC2","CON-4FEBBC8D94BF","D1005","2026-05-06","Current",false
"SVC-964046D28257","CON-4FEBBC8D94BF","D1005","2026-06-05","Current",false
"SVC-5DFFA90FCDCE","CON-A43F8242EE05","D1001","2026-05-06","Current",false
"SVC-6F197AE5D5D5","CON-A43F8242EE05","D1001","2026-06-05","Current",false
"SVC-5098FC56E475","CON-F0D953E4219B","D1009","2026-05-06","Current",false
"SVC-E712ABB24BF1","CON-F0D953E4219B","D1009","2026-06-05","Current",false
"SVC-E6D950252B9D","CON-BD69F2BA5F6E","D1005","2026-05-06","Current",false
"SVC-0C2B8DBF4CAE","CON-BD69F2BA5F6E","D1005","2026-06-05","Current",false
"SVC-1AA545FF504E","CON-3800EE7F0AC9","D1007","2026-05-06","Current",false
"SVC-083E7CAEB665","CON-3800EE7F0AC9","D1007","2026-06-05","Current",false
"SVC-DF43C0A7153E","CON-AE5E68EC9E60","D1005","2026-05-06","Current",false
"SVC-B36AE0E6C9AD","CON-AE5E68EC9E60","D1005","2026-06-05","Current",false
"SVC-A46FD41CF4B8","CON-BF16CD680BA0","D4471","2026-05-06","Current",false
"SVC-42C1089008CC","CON-BF16CD680BA0","D4471","2026-06-05","Current",false
"SVC-EDCD5B179443","CON-67C9EFAA822F","D1011","2026-05-06","Current",false
"SVC-00AF836AB339","CON-67C9EFAA822F","D1011","2026-06-05","Current",false
"SVC-C8E54B1EBBA8","CON-39AAEFEB7162","D1011","2026-05-06","Current",false
"SVC-77CD821073E4","CON-39AAEFEB7162","D1011","2026-06-05","Current",false
"SVC-68905C235077","CON-C5F556E4CA2E","D1001","2026-05-06","Current",false
"SVC-D0D6C0B64C0A","CON-C5F556E4CA2E","D1001","2026-06-05","Current",false
"SVC-784BC3CC9574","CON-E4690D3978E8","D4471","2026-05-06","Current",false
"SVC-1C2E6BEB8337","CON-E4690D3978E8","D4471","2026-06-05","Current",false
"SVC-625174DAA4C3","CON-A3F9CFF656B8","D1007","2026-05-06","Current",false
"SVC-FB5DDFF8737A","CON-A3F9CFF656B8","D1007","2026-06-05","Current",false
"SVC-BD0DB60215CB","CON-ABB8DA00285C","D1001","2026-05-06","Current",false
"SVC-9ABACB5607BA","CON-ABB8DA00285C","D1001","2026-06-05","Current",false
"SVC-26B725D46C8F","CON-078A8D6BFBDE","D1015","2026-05-06","Current",false
"SVC-AD8C0576A812","CON-078A8D6BFBDE","D1015","2026-06-05","Current",false
"SVC-31C5D1EE6AE4","CON-79082AAFBA3F","D1004","2026-05-06","Current",false
"SVC-92320174B946","CON-79082AAFBA3F","D1004","2026-06-05","Current",false
"SVC-FA095CCE9A81","CON-95144BDB525E","D1015","2026-05-06","Current",false
"SVC-43FFBB55B911","CON-95144BDB525E","D1015","2026-06-05","Current",false
"SVC-D046442A9AED","CON-54511D0F99D8","D1001","2026-05-07","Current",false
"SVC-217012F84857","CON-54511D0F99D8","D1001","2026-06-06","Current",false
"SVC-5AD0B9700453","CON-46E65A545B32","D1007","2026-05-07","Current",false
"SVC-C87EBDE4386C","CON-46E65A545B32","D1007","2026-06-06","Current",false
"SVC-FC30C081D226","CON-8B4E7062113A","D1001","2026-05-07","Current",false
"SVC-3D9E21A488AB","CON-8B4E7062113A","D1001","2026-06-06","Current",false
"SVC-CC2D4B75FA17","CON-445A5CFA4EDC","D1008","2026-05-07","Current",false
"SVC-E172F368FE86","CON-445A5CFA4EDC","D1008","2026-06-06","Current",false
"SVC-4B428A2347A2","CON-079AF06243EA","D4471","2026-05-07","Current",false
"SVC-E4D6891BBF6C","CON-079AF06243EA","D4471","2026-06-06","Current",false
"SVC-89FADF69CA70","CON-CF155EF5DE0E","D1006","2026-05-07","90+",true
"SVC-36770BE56CE3","CON-CF155EF5DE0E","D1006","2026-06-06","30",true
"SVC-CE0D772B5FED","CON-83FA9C5CDFDB","D1004","2026-05-07","Current",false
"SVC-BD793CB81877","CON-83FA9C5CDFDB","D1004","2026-06-06","Current",false
"SVC-003000996FF7","CON-5FC9E9CF49AC","D1005","2026-05-07","Current",false
"SVC-B65F3F4D40CB","CON-5FC9E9CF49AC","D1005","2026-06-06","Current",false
"SVC-5B0A810C8597","CON-B3DE2E419225","D1004","2026-05-07","Current",false
"SVC-405588A8510E","CON-B3DE2E419225","D1004","2026-06-06","Current",false
"SVC-70856E1D0A6A","CON-DF4DCBCCABAD","D1007","2026-05-07","Current",false
"SVC-3E5BD9BC2E1F","CON-DF4DCBCCABAD","D1007","2026-06-06","Current",false
"SVC-F02B6984587D","CON-0186407955DE","D1001","2026-05-07","Current",false
"SVC-8D54F8C8F6AD","CON-0186407955DE","D1001","2026-06-06","Current",false
"SVC-9A75D07199C9","CON-8AE83157B21B","D1007","2026-05-07","Current",false
"SVC-82B66EE9D0C6","CON-8AE83157B21B","D1007","2026-06-06","Current",false
"SVC-3CFA9FF72A1A","CON-C2E01392DD01","D1012","2026-05-07","Current",false
"SVC-F07EADD68FDE","CON-C2E01392DD01","D1012","2026-06-06","Current",false
"SVC-CF3D8F26CA28","CON-E1AC46D8632D","D1002","2026-05-07","Current",false
"SVC-2FD7F8D05F79","CON-E1AC46D8632D","D1002","2026-06-06","Current",false
"SVC-C7025625B491","CON-9512C25A90A3","D1002","2026-05-07","Current",false
"SVC-B49F2D7696FA","CON-9512C25A90A3","D1002","2026-06-06","Current",false
"SVC-28EA968BFBAB","CON-0C37ACF42459","D1015","2026-05-07","Current",false
"SVC-BDB59257CD7B","CON-0C37ACF42459","D1015","2026-06-06","Current",false
"SVC-71D6DBB6D073","CON-45AF11AF0869","D4471","2026-05-07","Current",false
"SVC-E551D890E4C9","CON-45AF11AF0869","D4471","2026-06-06","Current",false
"SVC-089239B969C5","CON-E3CA879E4680","D1002","2026-05-07","Current",false
"SVC-D435580F874B","CON-E3CA879E4680","D1002","2026-06-06","Current",false
"SVC-FE46E5856826","CON-7A0C2D604319","D4471","2026-05-07","Current",false
"SVC-F0C000369AAD","CON-7A0C2D604319","D4471","2026-06-06","Current",false
"SVC-F69D46BAF542","CON-D382964C0FE9","D1002","2026-05-07","Current",false
"SVC-82D2D24B0DF4","CON-D382964C0FE9","D1002","2026-06-06","Current",false
"SVC-550D3032BD86","CON-07A9DD1A3CF2","D1011","2026-05-07","Current",false
"SVC-EBC60BF60716","CON-07A9DD1A3CF2","D1011","2026-06-06","Current",false
"SVC-F0A036C84080","CON-F533B77BA875","D1003","2026-05-07","Current",false
"SVC-A60CCE9ABFAE","CON-F533B77BA875","D1003","2026-06-06","Current",false
"SVC-74E54A149A98","CON-EC95D442DE3B","D1005","2026-05-07","Current",false
"SVC-EF5EC1B12D71","CON-EC95D442DE3B","D1005","2026-06-06","Current",false
"SVC-D14218151435","CON-034ECEB4EA05","D1003","2026-05-07","Current",false
"SVC-9D10E6CD204A","CON-034ECEB4EA05","D1003","2026-06-06","60",true
"SVC-1428D2FDFC2F","CON-82F3FB14A8ED","D1003","2026-05-07","Current",false
"SVC-812262332EB9","CON-82F3FB14A8ED","D1003","2026-06-06","Current",false
"SVC-74803EC21E99","CON-B16AB8AEC68A","D1005","2026-05-07","Current",false
"SVC-0B3F09DCDDBB","CON-B16AB8AEC68A","D1005","2026-06-06","Current",false
"SVC-A3A9DA6CE4B4","CON-C82F74600EAA","D1004","2026-05-07","Current",false
"SVC-35237FE2774E","CON-C82F74600EAA","D1004","2026-06-06","Current",false
"SVC-353A03848C6A","CON-A5B342F14934","D1005","2026-05-08","Current",false
"SVC-8615E84E4C12","CON-A5B342F14934","D1005","2026-06-07","Current",false
"SVC-0ABB283B8C41","CON-470BBC505CD2","D1002","2026-05-08","Current",false
"SVC-525603AB4929","CON-470BBC505CD2","D1002","2026-06-07","Current",false
"SVC-4AB986EC52E1","CON-E1E4CE3D120E","D1002","2026-05-08","Current",false
"SVC-F0985018BD76","CON-E1E4CE3D120E","D1002","2026-06-07","Current",false
"SVC-6997E4E24113","CON-3CF2E3371AB2","D1013","2026-05-08","Current",false
"SVC-D4091D259CAA","CON-3CF2E3371AB2","D1013","2026-06-07","Current",false
"SVC-539BD1C6DCAF","CON-096DB533FBB9","D1001","2026-05-08","Current",false
"SVC-55315A5ED113","CON-096DB533FBB9","D1001","2026-06-07","Current",false
"SVC-BFAE9DF3D8FE","CON-E7DED5316472","D1011","2026-05-08","Current",false
"SVC-BEABCA5800C2","CON-E7DED5316472","D1011","2026-06-07","Current",false
"SVC-5E0E1B63F974","CON-EEF1A95A3697","D1001","2026-05-08","Current",false
"SVC-5D3FB1A5BCB0","CON-EEF1A95A3697","D1001","2026-06-07","Current",false
"SVC-1DC4D50C45A9","CON-14D0BC187D18","D1012","2026-05-08","Current",false
"SVC-FA7763EE6AFB","CON-14D0BC187D18","D1012","2026-06-07","Current",false
"SVC-289240A1CA67","CON-83FF19D4E05B","D1012","2026-05-08","Current",false
"SVC-5D2B0B8440FD","CON-83FF19D4E05B","D1012","2026-06-07","Current",false
"SVC-1A58D8AA3EF0","CON-A1F307974E1E","D1008","2026-05-08","Current",false
"SVC-69ACA944387E","CON-A1F307974E1E","D1008","2026-06-07","Current",false
"SVC-362F8D1E4F89","CON-AA518BA88619","D1009","2026-05-08","Current",false
"SVC-F388611C8F9F","CON-AA518BA88619","D1009","2026-06-07","Current",false
"SVC-D428FE4506F3","CON-0A9749D896F7","D1009","2026-05-08","Current",false
"SVC-B75F27764E3A","CON-0A9749D896F7","D1009","2026-06-07","Current",false
"SVC-EC3F8151D993","CON-398C2F87B2AA","D1001","2026-05-08","Current",false
"SVC-A588E693FF0D","CON-398C2F87B2AA","D1001","2026-06-07","Current",false
"SVC-36FA98B1F312","CON-452F51C81BBA","D1011","2026-05-08","Current",false
"SVC-272B72F1FB87","CON-452F51C81BBA","D1011","2026-06-07","30",true
"SVC-34B552EB4B66","CON-777D7E801792","D1011","2026-05-08","Current",false
"SVC-AC703277D6B2","CON-777D7E801792","D1011","2026-06-07","Current",false
"SVC-2C4049FEDF93","CON-E0031A0A67E9","D1002","2026-05-08","Current",false
"SVC-0D1C48152700","CON-E0031A0A67E9","D1002","2026-06-07","Current",false
"SVC-7490E8880436","CON-EFD7566EB629","D1009","2026-05-08","Current",false
"SVC-B7EC5F715839","CON-EFD7566EB629","D1009","2026-06-07","Current",false
"SVC-9D787EF6DC0E","CON-038EB96F4E84","D1004","2026-05-08","Current",false
"SVC-187FB7D25AEC","CON-038EB96F4E84","D1004","2026-06-07","Current",false
"SVC-D930DDA9AF2D","CON-8240A5DB2CB1","D1003","2026-05-08","Current",false
"SVC-C45687613EEC","CON-8240A5DB2CB1","D1003","2026-06-07","Current",false
"SVC-78913C1D19A2","CON-271CE16CCD46","D1003","2026-05-08","Current",false
"SVC-4C967A0C2338","CON-271CE16CCD46","D1003","2026-06-07","Current",false
"SVC-458ADEB1A603","CON-36C8762055AD","D1003","2026-05-08","Current",false
"SVC-730025240938","CON-36C8762055AD","D1003","2026-06-07","Current",false
"SVC-4051EF4CBC4B","CON-CB8CC5ABF2D6","D1003","2026-05-08","Current",false
"SVC-396E0C36A58F","CON-CB8CC5ABF2D6","D1003","2026-06-07","Current",false
"SVC-8550A85FA1C9","CON-47C225067847","D1004","2026-05-08","Current",false
"SVC-599C8C81894D","CON-47C225067847","D1004","2026-06-07","Current",false
"SVC-99A375528122","CON-9C3958ED4B56","D1008","2026-05-08","Current",false
"SVC-6038BB47AA51","CON-9C3958ED4B56","D1008","2026-06-07","Current",false
"SVC-929C718E7D3B","CON-05D8DF326E36","D1001","2026-05-08","Current",false
"SVC-91AB0B004F31","CON-05D8DF326E36","D1001","2026-06-07","Current",false
"SVC-64B9E9F7C373","CON-0FD1491C952E","D4471","2026-05-08","Current",false
"SVC-1AE96A2474EB","CON-0FD1491C952E","D4471","2026-06-07","Current",false
"SVC-4DC5E368B476","CON-7CB7FB8C0946","D1001","2026-05-08","Current",false
"SVC-256544C63D03","CON-7CB7FB8C0946","D1001","2026-06-07","Current",false
"SVC-D6B109F95F31","CON-580904B83918","D1007","2026-05-08","Current",false
"SVC-CAE60FA38F08","CON-580904B83918","D1007","2026-06-07","Current",false
"SVC-C9565918B92F","CON-4ABAC2EC47FC","D1001","2026-05-08","Current",false
"SVC-B1D3BC632EF8","CON-4ABAC2EC47FC","D1001","2026-06-07","Current",false
"SVC-02FB5F005A0B","CON-662EC49BA7BE","D1014","2026-05-08","Current",false
"SVC-1B889A6D019F","CON-662EC49BA7BE","D1014","2026-06-07","Current",false
"SVC-FC89DA6123BA","CON-F5F6D93C475C","D1005","2026-05-09","Current",false
"SVC-A57CA225C6A1","CON-F5F6D93C475C","D1005","2026-06-08","Current",false
"SVC-9A8ACEC19BA2","CON-0D7DD49B90CF","D1005","2026-05-09","Current",false
"SVC-1D41082BFB3A","CON-0D7DD49B90CF","D1005","2026-06-08","Current",false
"SVC-AC46AB10C5D5","CON-7B4B96530D3D","D1005","2026-05-09","Current",false
"SVC-E6FB2DCA55FD","CON-7B4B96530D3D","D1005","2026-06-08","Current",false
"SVC-8A103AA10798","CON-E59442CA73C4","D1005","2026-05-09","Current",false
"SVC-506CB8BA2EDC","CON-E59442CA73C4","D1005","2026-06-08","Current",false
"SVC-A37C75E9DBCE","CON-5B416B8448C4","D1005","2026-05-09","Current",false
"SVC-44EB0390CDD8","CON-5B416B8448C4","D1005","2026-06-08","Current",false
"SVC-8206FA932EEC","CON-E293A955557E","D1005","2026-05-09","Current",false
"SVC-814C08378CED","CON-E293A955557E","D1005","2026-06-08","Current",false
"SVC-0B470FE2E071","CON-018DB1A80A42","D1007","2026-05-09","Current",false
"SVC-C5651545490E","CON-018DB1A80A42","D1007","2026-06-08","Current",false
"SVC-8B7078BC8B7E","CON-789BA5E1DD41","D1005","2026-05-09","Current",false
"SVC-42B1B20960D6","CON-789BA5E1DD41","D1005","2026-06-08","Current",false
"SVC-3E005C75B7FA","CON-61690BBA7BAD","D1005","2026-05-09","Current",false
"SVC-3FC46F469A4B","CON-61690BBA7BAD","D1005","2026-06-08","Current",false
"SVC-7644A33FD04A","CON-025EDB51D6CD","D4471","2026-05-09","Current",false
"SVC-F39CA0BE31DB","CON-025EDB51D6CD","D4471","2026-06-08","Current",false
"SVC-61CF09B8E501","CON-D8DE503971E1","D4471","2026-05-09","Current",false
"SVC-6E030F7DE5A1","CON-D8DE503971E1","D4471","2026-06-08","Current",false
"SVC-96A705AD1144","CON-31A3036A768F","D1005","2026-05-09","Current",false
"SVC-ECB9112E62A6","CON-31A3036A768F","D1005","2026-06-08","Current",false
"SVC-6066922575C3","CON-6AF971BE45B5","D1005","2026-05-09","Current",false
"SVC-C75F7F7DE2D4","CON-6AF971BE45B5","D1005","2026-06-08","Current",false
"SVC-A5498D4916E9","CON-219FCFA479ED","D1004","2026-05-09","Current",false
"SVC-173ACE289F61","CON-219FCFA479ED","D1004","2026-06-08","Current",false
"SVC-F9D46791FB67","CON-50DBAAC547D2","D1004","2026-05-09","Current",false
"SVC-FFCF927C68D6","CON-50DBAAC547D2","D1004","2026-06-08","Current",false
"SVC-6995E62F0F87","CON-CED6A2350AEB","D1003","2026-05-09","Current",false
"SVC-0A45383CAAF1","CON-CED6A2350AEB","D1003","2026-06-08","Current",false
"SVC-081CDF2A787C","CON-420A91A33C60","D1004","2026-05-09","Current",false
"SVC-39606F557C68","CON-420A91A33C60","D1004","2026-06-08","Current",false
"SVC-6C054EBD2033","CON-48A1B5B7E151","D1004","2026-05-09","Current",false
"SVC-ADCC0616A997","CON-48A1B5B7E151","D1004","2026-06-08","Current",false
"SVC-8F2CC59EE328","CON-62B8AA82FE17","D1004","2026-05-09","Current",false
"SVC-D606E24AA06A","CON-62B8AA82FE17","D1004","2026-06-08","Current",false
"SVC-70C2AA1C1C33","CON-472D9284F0B2","D1012","2026-05-09","Current",false
"SVC-65C7CEF58143","CON-472D9284F0B2","D1012","2026-06-08","Current",false
"SVC-FEEC241B0D64","CON-4B8566B59B80","D1009","2026-05-09","Current",false
"SVC-51661D8BFA61","CON-4B8566B59B80","D1009","2026-06-08","30",true
"SVC-0B5BD23706AD","CON-A44C5DFE85A9","D1001","2026-05-09","Current",false
"SVC-EA23751F6B15","CON-A44C5DFE85A9","D1001","2026-06-08","Current",false
"SVC-DC70976EB891","CON-B58F348A1BEC","D1011","2026-05-09","Current",false
"SVC-C282D596FFF8","CON-B58F348A1BEC","D1011","2026-06-08","Current",false
"SVC-CAF51B94BB43","CON-8363A66F3151","D1011","2026-05-09","Current",false
"SVC-FCFD81A7711D","CON-8363A66F3151","D1011","2026-06-08","Current",false
"SVC-9AC8D4B1A489","CON-2F6F5238AE9E","D1008","2026-05-09","Current",false
"SVC-78233978404F","CON-2F6F5238AE9E","D1008","2026-06-08","Current",false
"SVC-AE14838E0967","CON-428910F92FDC","D1001","2026-05-09","Current",false
"SVC-62F769013A66","CON-428910F92FDC","D1001","2026-06-08","Current",false
"SVC-7B9004E4344C","CON-FCFAF871863B","D1002","2026-05-09","Current",false
"SVC-959F7F161DCB","CON-FCFAF871863B","D1002","2026-06-08","Current",false
"SVC-86520484424A","CON-9B143EB996AD","D1010","2026-05-09","Current",false
"SVC-2BE3F0BD891C","CON-9B143EB996AD","D1010","2026-06-08","Current",false
"SVC-1E5D28731B24","CON-80C35AA5C99B","D1001","2026-05-09","Current",false
"SVC-589B7E16DDD9","CON-80C35AA5C99B","D1001","2026-06-08","Current",false
"SVC-D10C2E636035","CON-DF4E0639A0EC","D1001","2026-05-09","Current",false
"SVC-9C2217A7F13F","CON-DF4E0639A0EC","D1001","2026-06-08","Current",false
"SVC-3906629A4F6A","CON-B340DE804534","D1001","2026-05-09","Current",false
"SVC-640BA45C5954","CON-B340DE804534","D1001","2026-06-08","Current",false
"SVC-1281DBBCAF36","CON-AC5D830ED0A2","D1007","2026-05-10","Current",false
"SVC-24C64976FF90","CON-AC5D830ED0A2","D1007","2026-06-09","Current",false
"SVC-CF7B7C1A7F2D","CON-BC14C5A79CB4","D1005","2026-05-10","Current",false
"SVC-0630CDB2D224","CON-BC14C5A79CB4","D1005","2026-06-09","Current",false
"SVC-39534E52446A","CON-10B2194355D1","D1007","2026-05-10","Current",false
"SVC-B28385BD4FD7","CON-10B2194355D1","D1007","2026-06-09","Current",false
"SVC-3EB25569A72E","CON-8372A2F29677","D1007","2026-05-10","Current",false
"SVC-FB77DAC64296","CON-8372A2F29677","D1007","2026-06-09","Current",false
"SVC-E203165DFE4E","CON-B2AD09BC7A16","D1001","2026-05-10","Current",false
"SVC-3365909DA18C","CON-B2AD09BC7A16","D1001","2026-06-09","Current",false
"SVC-9759C4410694","CON-CD079C2E5AA4","D1005","2026-05-10","Current",false
"SVC-390ABA91CBA5","CON-CD079C2E5AA4","D1005","2026-06-09","Current",false
"SVC-BC9DA04394A0","CON-4DA001B18C77","D1005","2026-05-10","Current",false
"SVC-55C72CB5171E","CON-4DA001B18C77","D1005","2026-06-09","Current",false
"SVC-1B22DB44A9A5","CON-72519C079109","D1005","2026-05-10","Current",false
"SVC-F62BA5DDBC06","CON-72519C079109","D1005","2026-06-09","Current",false
"SVC-9714AED5AFFE","CON-C37494864928","D1009","2026-05-10","Current",false
"SVC-32F9CA94501C","CON-C37494864928","D1009","2026-06-09","Current",false
"SVC-004B00BED59B","CON-3BA400F6C151","D1006","2026-05-10","Current",false
"SVC-4565E5E2F098","CON-3BA400F6C151","D1006","2026-06-09","Current",false
"SVC-024AF321CE44","CON-9D380BC854D7","D1001","2026-05-10","Current",false
"SVC-A013609007C4","CON-9D380BC854D7","D1001","2026-06-09","Current",false
"SVC-186C06082D02","CON-3DE53C1891A0","D1008","2026-05-10","Current",false
"SVC-7E4C5E39EA04","CON-3DE53C1891A0","D1008","2026-06-09","Current",false
"SVC-08C28AF60C50","CON-589FEFEBFD54","D1002","2026-05-10","Current",false
"SVC-59B2AA55C4F1","CON-589FEFEBFD54","D1002","2026-06-09","Current",false
"SVC-B45B5C5CA1D2","CON-F714A05CA813","D1002","2026-05-10","Current",false
"SVC-F2DBD7ABAC8E","CON-F714A05CA813","D1002","2026-06-09","Current",false
"SVC-53049CCC728C","CON-07AA0E4E87F6","D1002","2026-05-10","Current",false
"SVC-3C436711E8F1","CON-07AA0E4E87F6","D1002","2026-06-09","Current",false
"SVC-3097726BAE9D","CON-9525D614C118","D1001","2026-05-10","Current",false
"SVC-48D65F8C7CF4","CON-9525D614C118","D1001","2026-06-09","Current",false
"SVC-077659D27E63","CON-945B891E7496","D1002","2026-05-10","Current",false
"SVC-F04822706E22","CON-945B891E7496","D1002","2026-06-09","Current",false
"SVC-A81A0F32AD8B","CON-DDA59811EB33","D1003","2026-05-10","Current",false
"SVC-1E7821257B7B","CON-DDA59811EB33","D1003","2026-06-09","Current",false
"SVC-F9FFB942DD81","CON-E152CAF922E2","D1002","2026-05-10","Current",false
"SVC-ABF0CD397CDD","CON-E152CAF922E2","D1002","2026-06-09","Current",false
"SVC-F52CAA6B0747","CON-57138E887340","D1003","2026-05-10","Current",false
"SVC-4D16559CF104","CON-57138E887340","D1003","2026-06-09","Current",false
"SVC-8A09E0BF8523","CON-6E24F791D453","D1001","2026-05-10","Current",false
"SVC-9E9180A17CD2","CON-6E24F791D453","D1001","2026-06-09","Current",false
"SVC-D7BEC8F77B52","CON-31D96A95E158","D1006","2026-05-10","Current",false
"SVC-D5F17F63229D","CON-31D96A95E158","D1006","2026-06-09","Current",false
"SVC-4C8084712588","CON-18CC1FAAE159","D1014","2026-05-10","Current",false
"SVC-32C04BA512C0","CON-18CC1FAAE159","D1014","2026-06-09","Current",false
"SVC-C6950A3FB561","CON-8445528D584C","D1014","2026-05-10","Current",false
"SVC-C02E7D8772FB","CON-8445528D584C","D1014","2026-06-09","Current",false
"SVC-A94A46B38D19","CON-51E6B8FC5970","D1012","2026-05-10","Current",false
"SVC-A615A487D02D","CON-51E6B8FC5970","D1012","2026-06-09","Current",false
"SVC-D588FFA50DBE","CON-11F6368D3C53","D1013","2026-05-10","Current",false
"SVC-F2F7ED199755","CON-11F6368D3C53","D1013","2026-06-09","Current",false
"SVC-2F8F1102FB01","CON-29F9CA4CA08A","D1012","2026-05-10","Current",false
"SVC-440B376004F6","CON-29F9CA4CA08A","D1012","2026-06-09","Current",false
"SVC-F90C4909D1C0","CON-BBF6D742504E","D1011","2026-05-10","Current",false
"SVC-D9128FF028E5","CON-BBF6D742504E","D1011","2026-06-09","Current",false
"SVC-5EE4A2EE7AE4","CON-B46A2D316134","D4471","2026-05-10","Current",false
"SVC-CB38ED80C8FE","CON-B46A2D316134","D4471","2026-06-09","Current",false
"SVC-B543CB34C861","CON-B197B7F63C1A","D4471","2026-05-10","Current",false
"SVC-0F2C8F2BC764","CON-B197B7F63C1A","D4471","2026-06-09","Current",false
"SVC-ABF5238F5796","CON-EFE051161EF9","D1010","2026-05-10","Current",false
"SVC-8DC67C8F9F3A","CON-EFE051161EF9","D1010","2026-06-09","Current",false
"SVC-CD8A5CA70CA9","CON-CDC736A00CC1","D1005","2026-05-10","Current",false
"SVC-8DDB96F23930","CON-CDC736A00CC1","D1005","2026-06-09","Current",false
"SVC-C81FC72C26B6","CON-C7663C0B9942","D4471","2026-05-10","Current",false
"SVC-99FED740C3AE","CON-C7663C0B9942","D4471","2026-06-09","Current",false
"SVC-B21DDF3110E0","CON-58F4BE838A67","D1010","2026-05-10","Current",false
"SVC-F9D6518181BD","CON-58F4BE838A67","D1010","2026-06-09","Current",false
"SVC-5E98DDDCBB10","CON-DFD463FCF86B","D1005","2026-05-10","Current",false
"SVC-EEE13AFC6B42","CON-DFD463FCF86B","D1005","2026-06-09","Current",false
"SVC-3D52F9C2D232","CON-D2518CFFF5E8","D1005","2026-05-10","Current",false
"SVC-9AE4C6FF7D60","CON-D2518CFFF5E8","D1005","2026-06-09","Current",false
"SVC-BC3E916FBAA1","CON-D933B901FB9B","D1006","2026-05-10","Current",false
"SVC-E945D61CA2EF","CON-D933B901FB9B","D1006","2026-06-09","Current",false
"SVC-16516B17CA4F","CON-BAC9ADEC62B2","D4471","2026-05-10","Current",false
"SVC-A0AA6DA7602B","CON-BAC9ADEC62B2","D4471","2026-06-09","Current",false
"SVC-4FDBF2FA2587","CON-987BEED9FAD8","D4471","2026-05-10","Current",false
"SVC-51CCD264C6DA","CON-987BEED9FAD8","D4471","2026-06-09","Current",false
"SVC-D8DEDB5F5D1B","CON-19DC5F207B87","D1002","2026-05-11","Current",false
"SVC-4A05D29712C2","CON-19DC5F207B87","D1002","2026-06-10","Current",false
"SVC-774D27FA4FAE","CON-017AF73CA527","D4471","2026-05-11","Current",false
"SVC-A2250583B27B","CON-017AF73CA527","D4471","2026-06-10","Current",false
"SVC-DF709A339365","CON-BF4BD94BE1E4","D1002","2026-05-11","Current",false
"SVC-C39189035DC5","CON-BF4BD94BE1E4","D1002","2026-06-10","Current",false
"SVC-78C5217F815B","CON-20C8C18E9248","D1002","2026-05-11","Current",false
"SVC-F73F98E93884","CON-20C8C18E9248","D1002","2026-06-10","Current",false
"SVC-D6A32C61551A","CON-6B62BC9A9464","D1002","2026-05-11","Current",false
"SVC-7B55B9E0184C","CON-6B62BC9A9464","D1002","2026-06-10","Current",false
"SVC-8CA0FF450B51","CON-ACE233BEF62D","D1013","2026-05-11","Current",false
"SVC-DBE442F7FD4A","CON-ACE233BEF62D","D1013","2026-06-10","Current",false
"SVC-BF300D468B01","CON-328728CCE7E4","D1001","2026-05-11","Current",false
"SVC-285DBCEEDCB2","CON-328728CCE7E4","D1001","2026-06-10","Current",false
"SVC-9FE86C7FF27C","CON-E892C09487D1","D1002","2026-05-11","Current",false
"SVC-71B6FA76F55A","CON-E892C09487D1","D1002","2026-06-10","Current",false
"SVC-0F9A1F086099","CON-E83EF8D4EE37","D1003","2026-05-11","Current",false
"SVC-259601025A68","CON-E83EF8D4EE37","D1003","2026-06-10","Current",false
"SVC-FDCF5947CA90","CON-BF0BA4991A9B","D1002","2026-05-11","Current",false
"SVC-C8975FEB917B","CON-BF0BA4991A9B","D1002","2026-06-10","Current",false
"SVC-56E1E7023764","CON-A570CDAAA800","D1002","2026-05-11","Current",false
"SVC-B9CAF53A23E5","CON-A570CDAAA800","D1002","2026-06-10","Current",false
"SVC-C25D06DFB2AF","CON-3106DDCCFF3F","D1012","2026-05-11","Current",false
"SVC-99148971786D","CON-3106DDCCFF3F","D1012","2026-06-10","Current",false
"SVC-589088EC580B","CON-35BC38DC7421","D1012","2026-05-11","60",true
"SVC-5B3E58D9B792","CON-35BC38DC7421","D1012","2026-06-10","90+",true
"SVC-CD2BBE672FAC","CON-04ABE86A537B","D1012","2026-05-11","Current",false
"SVC-AE1BFEE05F18","CON-04ABE86A537B","D1012","2026-06-10","Current",false
"SVC-95B96BE23983","CON-A09B22C3AF30","D1011","2026-05-11","Current",false
"SVC-36FD52C25E08","CON-A09B22C3AF30","D1011","2026-06-10","Current",false
"SVC-5B6DBCC00B4D","CON-662791041776","D1011","2026-05-11","Current",false
"SVC-7FF9F0BA5C45","CON-662791041776","D1011","2026-06-10","Current",false
"SVC-08E3B1420175","CON-210F899700A6","D1010","2026-05-11","Current",false
"SVC-DB02AFAE2660","CON-210F899700A6","D1010","2026-06-10","Current",false
"SVC-6A1456C1D913","CON-7CCA9A26BB1B","D1009","2026-05-11","Current",false
"SVC-86B8640CBDE3","CON-7CCA9A26BB1B","D1009","2026-06-10","Current",false
"SVC-DD8E63AB7250","CON-FA64CFAE29E0","D1009","2026-05-11","Current",false
"SVC-5FF5EC4004F4","CON-FA64CFAE29E0","D1009","2026-06-10","Current",false
"SVC-35B6CDA447A6","CON-52907334CAA6","D1009","2026-05-11","Current",false
"SVC-88705ACCDE9B","CON-52907334CAA6","D1009","2026-06-10","Current",false
"SVC-7C2BE2BC05CB","CON-8DA09CAE53FF","D1009","2026-05-11","Current",false
"SVC-06C424087865","CON-8DA09CAE53FF","D1009","2026-06-10","Current",false
"SVC-E7CFD278051C","CON-D7CB3E6C3EC2","D1010","2026-05-11","Current",false
"SVC-8ACE9E308AC8","CON-D7CB3E6C3EC2","D1010","2026-06-10","Current",false
"SVC-3BB9393C502E","CON-C139B0E4C230","D1001","2026-05-11","Current",false
"SVC-90A25220F16E","CON-C139B0E4C230","D1001","2026-06-10","Current",false
"SVC-4FE61B4AE152","CON-A61A8E6C0A26","D1005","2026-05-11","30",true
"SVC-736DBEDDE48C","CON-A61A8E6C0A26","D1005","2026-06-10","Current",false
"SVC-8B6D043EDC65","CON-4EC5144AF761","D1005","2026-05-11","Current",false
"SVC-1E3091E4F47D","CON-4EC5144AF761","D1005","2026-06-10","Current",false
"SVC-DD51FE45B62B","CON-448E9D7688A3","D1005","2026-05-11","Current",false
"SVC-D74E769946B5","CON-448E9D7688A3","D1005","2026-06-10","Current",false
"SVC-3BA58643AAB2","CON-DF4E42D25D96","D1007","2026-05-11","Current",false
"SVC-0A7B300815D2","CON-DF4E42D25D96","D1007","2026-06-10","Current",false
"SVC-8F0157368E82","CON-C3C6F7F46EFE","D1006","2026-05-11","Current",false
"SVC-0C29550BC6F9","CON-C3C6F7F46EFE","D1006","2026-06-10","Current",false
"SVC-77984AB22D75","CON-472B99CE45C3","D4471","2026-05-11","Current",false
"SVC-6983DD67D60C","CON-472B99CE45C3","D4471","2026-06-10","Current",false
"SVC-3E3C8E9A3323","CON-534DD59F0C1B","D4471","2026-05-11","Current",false
"SVC-A51D78A12E68","CON-534DD59F0C1B","D4471","2026-06-10","Current",false
"SVC-91D1AC25C880","CON-2608526657DE","D4471","2026-05-11","Current",false
"SVC-5D1FEB6E493E","CON-2608526657DE","D4471","2026-06-10","Current",false
"SVC-A292C55A0225","CON-CA94BA71B533","D1004","2026-05-11","Current",false
"SVC-2079FD88BA4C","CON-CA94BA71B533","D1004","2026-06-10","Current",false
"SVC-9FCAD039E4CE","CON-3D5E644976D7","D1004","2026-05-11","Current",false
"SVC-B1F935669F38","CON-3D5E644976D7","D1004","2026-06-10","Current",false
"SVC-042A89372BFF","CON-871469FE9EBA","D4471","2026-05-11","Current",false
"SVC-4CA94C1F6A12","CON-871469FE9EBA","D4471","2026-06-10","Current",false
"SVC-6DD7FA9FC7FD","CON-67C9DCCF1078","D1004","2026-05-11","Current",false
"SVC-D1C3B83AF77A","CON-67C9DCCF1078","D1004","2026-06-10","Current",false
"SVC-C8D901C98694","CON-2B2EFA6DA69C","D1001","2026-05-11","Current",false
"SVC-53AD07C43243","CON-2B2EFA6DA69C","D1001","2026-06-10","Current",false
"SVC-72164C8F42FA","CON-87ACB185A24F","D1004","2026-05-11","Current",false
"SVC-02E6E8348A98","CON-87ACB185A24F","D1004","2026-06-10","Current",false
"SVC-EFEE0209BF1A","CON-65DD93F3A69A","D4471","2026-05-11","Current",false
"SVC-A7A83770AF1C","CON-65DD93F3A69A","D4471","2026-06-10","Current",false
"SVC-B226987C15F3","CON-655F6FFCBF63","D1004","2026-05-11","Current",false
"SVC-95F6725B819A","CON-655F6FFCBF63","D1004","2026-06-10","Current",false
"SVC-4606D058404D","CON-BCF8E7FBBC47","D1001","2026-05-11","Current",false
"SVC-0C637CA6EB3A","CON-BCF8E7FBBC47","D1001","2026-06-10","Current",false
"SVC-F7C648EBE62F","CON-BD15B4C08EA0","D1003","2026-05-11","60",true
"SVC-A261C7864627","CON-BD15B4C08EA0","D1003","2026-06-10","60",true
"SVC-E32E07D4E0CC","CON-B7C8D1441767","D1003","2026-05-11","Current",false
"SVC-4A067907537D","CON-B7C8D1441767","D1003","2026-06-10","Current",false
"SVC-F5DD39AE279C","CON-597DC1E54DAE","D1006","2026-05-11","Current",false
"SVC-3CC26EEA9620","CON-597DC1E54DAE","D1006","2026-06-10","Current",false
"SVC-8ED7F077B536","CON-12E42423FBD7","D1003","2026-05-11","Current",false
"SVC-23310391E0E0","CON-12E42423FBD7","D1003","2026-06-10","Current",false
"SVC-64C6C2849402","CON-11AF832A4584","D1004","2026-05-12","Current",false
"SVC-770FA95FB11C","CON-11AF832A4584","D1004","2026-06-11","Current",false
"SVC-D4DBA53EF9E3","CON-AFA6D4D225DC","D1003","2026-05-12","Current",false
"SVC-6A4D2EDB1DE8","CON-AFA6D4D225DC","D1003","2026-06-11","Current",false
"SVC-934CE8136BDE","CON-D7F4AAAA5B47","D1001","2026-05-12","Current",false
"SVC-CB217EEA61A5","CON-D7F4AAAA5B47","D1001","2026-06-11","Current",false
"SVC-D92B7B3FAFA7","CON-128A5EA402C2","D4471","2026-05-12","Current",false
"SVC-BA35382ABFF7","CON-128A5EA402C2","D4471","2026-06-11","Current",false
"SVC-3D121D8EFE3D","CON-A902B3C39712","D1014","2026-05-12","Current",false
"SVC-91A88B21E7A6","CON-A902B3C39712","D1014","2026-06-11","Current",false
"SVC-EC05AE49709A","CON-418E4C22594C","D1010","2026-05-12","Current",false
"SVC-BB7D7B4653CE","CON-418E4C22594C","D1010","2026-06-11","Current",false
"SVC-77F5E08214EE","CON-A65157085192","D1010","2026-05-12","Current",false
"SVC-27546085351B","CON-A65157085192","D1010","2026-06-11","Current",false
"SVC-AAE1E455FB2D","CON-67B80437CB0D","D1005","2026-05-12","Current",false
"SVC-90741F739F01","CON-67B80437CB0D","D1005","2026-06-11","Current",false
"SVC-A18EFC95FFAC","CON-9F5F98E517C0","D4471","2026-05-12","Current",false
"SVC-FDD895C2CE30","CON-9F5F98E517C0","D4471","2026-06-11","Current",false
"SVC-806E8C7C079B","CON-6FC6BBE850E1","D1005","2026-05-12","Current",false
"SVC-122BE86D7B13","CON-6FC6BBE850E1","D1005","2026-06-11","Current",false
"SVC-10A72EDF481E","CON-B8E5D8A2D161","D1005","2026-05-12","Current",false
"SVC-DC1D2093529C","CON-B8E5D8A2D161","D1005","2026-06-11","Current",false
"SVC-71D44C67616F","CON-6BF3950C57AB","D1007","2026-05-12","Current",false
"SVC-D3278D218247","CON-6BF3950C57AB","D1007","2026-06-11","Current",false
"SVC-5660C44227F6","CON-D962D8FA1279","D1011","2026-05-12","Current",false
"SVC-50E960C891DD","CON-D962D8FA1279","D1011","2026-06-11","Current",false
"SVC-D030E139EFF2","CON-0933C8AB07E8","D1004","2026-05-12","Current",false
"SVC-D2ABFAF2A8EE","CON-0933C8AB07E8","D1004","2026-06-11","Current",false
"SVC-DDA5D342CE7D","CON-36172A131019","D1004","2026-05-12","Current",false
"SVC-C3EAB8624E89","CON-36172A131019","D1004","2026-06-11","Current",false
"SVC-D1EEF09BD10D","CON-84D2595DDEA8","D1004","2026-05-12","Current",false
"SVC-FC1781D9252C","CON-84D2595DDEA8","D1004","2026-06-11","Current",false
"SVC-2AD539E94E15","CON-40328C7C855F","D1010","2026-05-12","Current",false
"SVC-2460F753C45C","CON-40328C7C855F","D1010","2026-06-11","Current",false
"SVC-1950829C6D5A","CON-63A4B61BCF69","D1004","2026-05-12","Current",false
"SVC-E9B18059FC37","CON-63A4B61BCF69","D1004","2026-06-11","Current",false
"SVC-587D06C9E68B","CON-F4E32AECC49F","D1003","2026-05-12","Current",false
"SVC-FD40B9E178B4","CON-F4E32AECC49F","D1003","2026-06-11","Current",false
"SVC-B1C617D81973","CON-8C65D8AE7870","D1006","2026-05-12","Current",false
"SVC-58B809CD46C3","CON-8C65D8AE7870","D1006","2026-06-11","Current",false
"SVC-C6AD0B8613B2","CON-B6D421A28EDD","D1006","2026-05-12","Current",false
"SVC-0271F4295CC0","CON-B6D421A28EDD","D1006","2026-06-11","Current",false
"SVC-339636CEDF86","CON-C1F5BF97217F","D1003","2026-05-12","Current",false
"SVC-F83B4B4B2594","CON-C1F5BF97217F","D1003","2026-06-11","Current",false
"SVC-D0BFA0B8B56A","CON-11C2D5F70BFE","D1003","2026-05-12","Current",false
"SVC-759444DD0606","CON-11C2D5F70BFE","D1003","2026-06-11","Current",false
"SVC-76468618E5CB","CON-BC9C46690E6F","D1007","2026-05-12","Current",false
"SVC-5C6731832FA7","CON-BC9C46690E6F","D1007","2026-06-11","Current",false
"SVC-AB7687D1854B","CON-7DADDC5397D0","D1002","2026-05-12","30",true
"SVC-5C585E63480C","CON-7DADDC5397D0","D1002","2026-06-11","60",true
"SVC-6518E908BEF9","CON-EE9B1BB4B56D","D1012","2026-05-12","Current",false
"SVC-2044049B5CBE","CON-EE9B1BB4B56D","D1012","2026-06-11","Current",false
"SVC-DA23C0A90832","CON-9E91AC5DBEB4","D1012","2026-05-12","Current",false
"SVC-5CBAD0D86788","CON-9E91AC5DBEB4","D1012","2026-06-11","Current",false
"SVC-695ED539B159","CON-9E4D4F429344","D1001","2026-05-12","30",true
"SVC-4F379C53C1D7","CON-9E4D4F429344","D1001","2026-06-11","60",true
"SVC-59EABF357BDF","CON-B672819A1609","D1004","2026-05-12","Current",false
"SVC-6C3C833F5ED8","CON-B672819A1609","D1004","2026-06-11","Current",false
"SVC-E6430AB27B2D","CON-58D8EA98D65E","D1008","2026-05-12","Current",false
"SVC-88EF1E92D33F","CON-58D8EA98D65E","D1008","2026-06-11","Current",false
"SVC-F5D29EAFF631","CON-496D0EE9F236","D1012","2026-05-12","Current",false
"SVC-1189F2C3C8F1","CON-496D0EE9F236","D1012","2026-06-11","Current",false
"SVC-B60C95C25660","CON-E4C3D7BD696E","D1008","2026-05-12","Current",false
"SVC-6EC66481A74C","CON-E4C3D7BD696E","D1008","2026-06-11","Current",false
"SVC-D25AE3A51F8C","CON-7D4FFB6562DA","D1008","2026-05-12","Current",false
"SVC-D282E754EF1A","CON-7D4FFB6562DA","D1008","2026-06-11","Current",false
"SVC-8C72A8E7A5E4","CON-B4D58775BDD4","D1009","2026-05-12","Current",false
"SVC-90B0ECE0AADD","CON-B4D58775BDD4","D1009","2026-06-11","Current",false
"SVC-310559AE2477","CON-888B31309CFC","D1001","2026-05-12","Current",false
"SVC-8F667D9D957F","CON-888B31309CFC","D1001","2026-06-11","Current",false
"SVC-7E8ECE84B572","CON-971A1BB68A52","D1001","2026-05-12","Current",false
"SVC-30E2CB3293AB","CON-971A1BB68A52","D1001","2026-06-11","Current",false
"SVC-EFEA4E612BAA","CON-05023D8850EA","D1002","2026-05-12","Current",false
"SVC-661E6453354D","CON-05023D8850EA","D1002","2026-06-11","Current",false
"SVC-D6CA59A04569","CON-69289214F649","D1007","2026-05-12","Current",false
"SVC-F0CC71A9F7D6","CON-69289214F649","D1007","2026-06-11","Current",false
"SVC-3645A81B62AD","CON-123EEF4BACB7","D1014","2026-05-13","Current",false
"SVC-E4685F29D633","CON-123EEF4BACB7","D1014","2026-06-12","Current",false
"SVC-A977B3254007","CON-3C6F029C5860","D1006","2026-05-13","Current",false
"SVC-61CC93BBF138","CON-3C6F029C5860","D1006","2026-06-12","Current",false
"SVC-C1790CD51F9C","CON-76BFB97A6705","D1004","2026-05-13","Current",false
"SVC-B7DC451896C1","CON-76BFB97A6705","D1004","2026-06-12","Current",false
"SVC-584FFCD540E4","CON-91C635AAAC9C","D4471","2026-05-13","Current",false
"SVC-DD373084362D","CON-91C635AAAC9C","D4471","2026-06-12","Current",false
"SVC-DFC489C04C61","CON-D1B7048AD865","D1011","2026-05-13","Current",false
"SVC-5D9DB17C2AD5","CON-D1B7048AD865","D1011","2026-06-12","30",true
"SVC-B9C2000D14A5","CON-F74CEA699585","D1004","2026-05-13","Current",false
"SVC-3AE2AAB3539A","CON-F74CEA699585","D1004","2026-06-12","Current",false
"SVC-7D733F32B6DF","CON-9F8C7731329B","D1003","2026-05-13","Current",false
"SVC-B381380653FB","CON-9F8C7731329B","D1003","2026-06-12","Current",false
"SVC-25A6C5D5EB8F","CON-CC60C27661E7","D1001","2026-05-13","Current",false
"SVC-412DE8925629","CON-CC60C27661E7","D1001","2026-06-12","Current",false
"SVC-4E1527DD0DCD","CON-603CE58D734A","D4471","2026-05-13","Current",false
"SVC-AA8B678E8F2E","CON-603CE58D734A","D4471","2026-06-12","Current",false
"SVC-687B49C48524","CON-8E1470575FFD","D1014","2026-05-13","Current",false
"SVC-7B7C16BD7391","CON-8E1470575FFD","D1014","2026-06-12","Current",false
"SVC-D1C004FC3736","CON-7122384DA187","D1014","2026-05-13","Current",false
"SVC-2AD35689213A","CON-7122384DA187","D1014","2026-06-12","Current",false
"SVC-217980068B29","CON-90F84612FB7F","D1004","2026-05-13","Current",false
"SVC-EBB2C9C3238E","CON-90F84612FB7F","D1004","2026-06-12","Current",false
"SVC-3C1960DA210F","CON-561119BF899C","D1004","2026-05-13","Current",false
"SVC-7E9E83DFAAFE","CON-561119BF899C","D1004","2026-06-12","Current",false
"SVC-B2BB850EAA1C","CON-E253347035F4","D1002","2026-05-13","Current",false
"SVC-8432DD6800E5","CON-E253347035F4","D1002","2026-06-12","Current",false
"SVC-5656E51D183C","CON-56C9E1774DC0","D1002","2026-05-13","Current",false
"SVC-35E37D97E281","CON-56C9E1774DC0","D1002","2026-06-12","Current",false
"SVC-425677E93F8F","CON-B098EF9C27E7","D1002","2026-05-13","Current",false
"SVC-20126086D081","CON-B098EF9C27E7","D1002","2026-06-12","Current",false
"SVC-F972E52660CA","CON-D6C395754329","D1008","2026-05-13","Current",false
"SVC-52391B906CD4","CON-D6C395754329","D1008","2026-06-12","Current",false
"SVC-6C943B8E6474","CON-DE6979F815AC","D1008","2026-05-13","Current",false
"SVC-60880058E40F","CON-DE6979F815AC","D1008","2026-06-12","Current",false
"SVC-BC2C7D6D1B43","CON-581AD8ADF593","D1008","2026-05-13","Current",false
"SVC-E1FF40E0C992","CON-581AD8ADF593","D1008","2026-06-12","Current",false
"SVC-FC7210F9BCC6","CON-791F5F8529A9","D1007","2026-05-13","Current",false
"SVC-029BF3F09597","CON-791F5F8529A9","D1007","2026-06-12","Current",false
"SVC-B6F38179A19E","CON-35709483DFAC","D1007","2026-05-13","Current",false
"SVC-81B4E5ECBB6E","CON-35709483DFAC","D1007","2026-06-12","Current",false
"SVC-D248389A0F83","CON-FC99B2829E04","D1009","2026-05-13","Current",false
"SVC-96DF806E410E","CON-FC99B2829E04","D1009","2026-06-12","Current",false
"SVC-2DA41DDBA7A5","CON-D0B07C3CB9D5","D1001","2026-05-13","Current",false
"SVC-26C7EAC817C3","CON-D0B07C3CB9D5","D1001","2026-06-12","Current",false
"SVC-9C441BDC68AD","CON-5CF5E5302224","D1001","2026-05-13","Current",false
"SVC-B862B4A4F204","CON-5CF5E5302224","D1001","2026-06-12","Current",false
"SVC-809693873107","CON-70635F95FC6A","D1001","2026-05-13","Current",false
"SVC-D2AB9EB58698","CON-70635F95FC6A","D1001","2026-06-12","Current",false
"SVC-518D3D917034","CON-51C82B5D2929","D1001","2026-05-13","Current",false
"SVC-155772EA2DC9","CON-51C82B5D2929","D1001","2026-06-12","Current",false
"SVC-629676995008","CON-C35B3D4BA7EA","D1002","2026-05-13","Current",false
"SVC-8E654F1E7826","CON-C35B3D4BA7EA","D1002","2026-06-12","Current",false
"SVC-5BE499934D61","CON-52A62EE548AE","D1002","2026-05-13","Current",false
"SVC-78DEC30B061C","CON-52A62EE548AE","D1002","2026-06-12","Current",false
"SVC-57B01D45D757","CON-1855F438335D","D1002","2026-05-13","Current",false
"SVC-895B40747BF2","CON-1855F438335D","D1002","2026-06-12","Current",false
"SVC-43E30BA52539","CON-AA70FD4FDEA2","D1001","2026-05-13","Current",false
"SVC-22596FF01C19","CON-AA70FD4FDEA2","D1001","2026-06-12","Current",false
"SVC-5FD25CC2C234","CON-E8FBA95BD144","D1005","2026-05-13","Current",false
"SVC-D49C110D4BA4","CON-E8FBA95BD144","D1005","2026-06-12","Current",false
"SVC-A9ED7B2D872F","CON-37C9721A4AF1","D1005","2026-05-13","Current",false
"SVC-721FFCE55CF0","CON-37C9721A4AF1","D1005","2026-06-12","Current",false
"SVC-ED7F01729CEF","CON-A3FC0D06A813","D1002","2026-05-13","Current",false
"SVC-32019AEB1CFE","CON-A3FC0D06A813","D1002","2026-06-12","Current",false
"SVC-DD23DC422F2A","CON-4E2EA309C44F","D1003","2026-05-13","Current",false
"SVC-D4FC69D37F32","CON-4E2EA309C44F","D1003","2026-06-12","Current",false
"SVC-6B38FA34C3D1","CON-B9ECAFAC5E73","D1006","2026-05-13","Current",false
"SVC-FE672C171129","CON-B9ECAFAC5E73","D1006","2026-06-12","Current",false
"SVC-03F212E9654B","CON-A611B2BDD247","D1003","2026-05-13","Current",false
"SVC-D78C8F127383","CON-A611B2BDD247","D1003","2026-06-12","Current",false
"SVC-1A0C2B2C987E","CON-8472EFEA2FE8","D1006","2026-05-13","Current",false
"SVC-AA9ACCB62E46","CON-8472EFEA2FE8","D1006","2026-06-12","Current",false
"SVC-A6E92C5E57A3","CON-AAE2345D0F13","D1013","2026-05-14","Current",false
"SVC-793DB0D21AA0","CON-AAE2345D0F13","D1013","2026-06-13","Current",false
"SVC-490DE15C1F58","CON-6013CF5C997F","D1004","2026-05-14","Current",false
"SVC-7539E472C7EA","CON-6013CF5C997F","D1004","2026-06-13","Current",false
"SVC-EBCD43E6A6C9","CON-FBF10B7CEBD7","D1004","2026-05-14","Current",false
"SVC-C2B1ECC823FE","CON-FBF10B7CEBD7","D1004","2026-06-13","Current",false
"SVC-DC589E58D2D9","CON-E07736BD4739","D1004","2026-05-14","Current",false
"SVC-688A42AFE326","CON-E07736BD4739","D1004","2026-06-13","Current",false
"SVC-5CF7A684F73D","CON-3D7B119EC434","D1001","2026-05-14","Current",false
"SVC-E9149276BDE2","CON-3D7B119EC434","D1001","2026-06-13","Current",false
"SVC-DA2863721D89","CON-9C1CA97DB6DD","D1001","2026-05-14","Current",false
"SVC-6A8E721DFE2D","CON-9C1CA97DB6DD","D1001","2026-06-13","Current",false
"SVC-DC80E749D30A","CON-415747216FA8","D1001","2026-05-14","Current",false
"SVC-84069DB0204F","CON-415747216FA8","D1001","2026-06-13","Current",false
"SVC-6BD446EEDF6F","CON-50835EA77FA0","D1015","2026-05-14","Current",false
"SVC-C4ED9F60F3B8","CON-50835EA77FA0","D1015","2026-06-13","Current",false
"SVC-C712459768F3","CON-CAEC844AB248","D1001","2026-05-14","Current",false
"SVC-25289109EF54","CON-CAEC844AB248","D1001","2026-06-13","Current",false
"SVC-E6DE84F6470D","CON-5CE81279FE10","D1001","2026-05-14","Current",false
"SVC-C03615A4EF9E","CON-5CE81279FE10","D1001","2026-06-13","Current",false
"SVC-9B73339194F4","CON-0203391BF354","D1001","2026-05-14","Current",false
"SVC-6EC40CAD3691","CON-0203391BF354","D1001","2026-06-13","Current",false
"SVC-F763E2B50862","CON-D8EACB3F6BD2","D1015","2026-05-14","Current",false
"SVC-CBDE3D63AA31","CON-D8EACB3F6BD2","D1015","2026-06-13","Current",false
"SVC-846C58CDA6AF","CON-342BE95A6AEF","D1002","2026-05-14","Current",false
"SVC-38E119EA9A37","CON-342BE95A6AEF","D1002","2026-06-13","Current",false
"SVC-B9338025AFD9","CON-3BEED751261D","D1010","2026-05-14","Current",false
"SVC-D60F0B041FC5","CON-3BEED751261D","D1010","2026-06-13","Current",false
"SVC-9CB280543278","CON-1B0CADB7C3BA","D1005","2026-05-14","Current",false
"SVC-F86B524B593E","CON-1B0CADB7C3BA","D1005","2026-06-13","Current",false
"SVC-14190D33B5AF","CON-EDC54312E71E","D1005","2026-05-14","Current",false
"SVC-3FC90D72FDEA","CON-EDC54312E71E","D1005","2026-06-13","Current",false
"SVC-59AF28AB95C1","CON-D4FDC80B7C25","D1005","2026-05-14","Current",false
"SVC-8D88E76ED07A","CON-D4FDC80B7C25","D1005","2026-06-13","Current",false
"SVC-C63902359B64","CON-B5139DCEFFE2","D1002","2026-05-14","Current",false
"SVC-1F7202CCCB74","CON-B5139DCEFFE2","D1002","2026-06-13","Current",false
"SVC-12020801B0A4","CON-C1C63ECD57D0","D1002","2026-05-14","Current",false
"SVC-9709A965F12F","CON-C1C63ECD57D0","D1002","2026-06-13","Current",false
"SVC-B72A773E7DF6","CON-F99409248B58","D1002","2026-05-14","Current",false
"SVC-08581C763275","CON-F99409248B58","D1002","2026-06-13","Current",false
"SVC-A06BB5EE141A","CON-23082D82C652","D1002","2026-05-14","Current",false
"SVC-CCBBCCE16A22","CON-23082D82C652","D1002","2026-06-13","Current",false
"SVC-EC39F6DF7E9A","CON-2F3626F641FC","D1002","2026-05-14","Current",false
"SVC-F93026A7DF44","CON-2F3626F641FC","D1002","2026-06-13","Current",false
"SVC-B6F916840A4B","CON-CFAE37E447FC","D1013","2026-05-14","Current",false
"SVC-49D316E212FC","CON-CFAE37E447FC","D1013","2026-06-13","Current",false
"SVC-67E0B32EE80E","CON-9F3E997273CC","D1008","2026-05-14","Current",false
"SVC-B1B48A6A23B9","CON-9F3E997273CC","D1008","2026-06-13","Current",false
"SVC-EB6D62EC29D4","CON-DC2B3641FFA4","D1008","2026-05-14","Current",false
"SVC-EC643A56C463","CON-DC2B3641FFA4","D1008","2026-06-13","Current",false
"SVC-2EDDAE7CFF73","CON-C5A5C7C13994","D1007","2026-05-14","Current",false
"SVC-FD3C2CBE05C2","CON-C5A5C7C13994","D1007","2026-06-13","Current",false
"SVC-08084475018C","CON-D283A506CA55","D1007","2026-05-14","Current",false
"SVC-6B7A7F6B510E","CON-D283A506CA55","D1007","2026-06-13","Current",false
"SVC-846CFCE4BE95","CON-0326DD923A7A","D1006","2026-05-14","Current",false
"SVC-0848557A9837","CON-0326DD923A7A","D1006","2026-06-13","Current",false
"SVC-E74BE7F4CD51","CON-F850BD821F41","D4471","2026-05-14","Current",false
"SVC-EDC57EBAA8EA","CON-F850BD821F41","D4471","2026-06-13","Current",false
"SVC-799A58D250E6","CON-AD0FD9D719A7","D4471","2026-05-14","Current",false
"SVC-B4E907B7ED8B","CON-AD0FD9D719A7","D4471","2026-06-13","Current",false
"SVC-505B84757F1A","CON-D77F775D6BED","D1006","2026-05-14","Current",false
"SVC-EB91891841CE","CON-D77F775D6BED","D1006","2026-06-13","Current",false
"SVC-ECD6D21ED80A","CON-B247FFA3BA00","D1011","2026-05-14","Current",false
"SVC-4BD40FE442C4","CON-B247FFA3BA00","D1011","2026-06-13","Current",false
"SVC-673FF76D820A","CON-09EB0754DAB3","D1013","2026-05-14","Current",false
"SVC-7E9F0D462F11","CON-09EB0754DAB3","D1013","2026-06-13","Current",false
"SVC-6BDC5A21C1B6","CON-CA5F1E6ECDE6","D1012","2026-05-14","Current",false
"SVC-5F3DBCB4BAEE","CON-CA5F1E6ECDE6","D1012","2026-06-13","Current",false
"SVC-F43F8D575AD2","CON-78E6A838AB1E","D1010","2026-05-14","Current",false
"SVC-C8E518ECD1FA","CON-78E6A838AB1E","D1010","2026-06-13","Current",false
"SVC-8865FC68B7F3","CON-6F1FA3F4C618","D1011","2026-05-14","Current",false
"SVC-75910F192C7E","CON-6F1FA3F4C618","D1011","2026-06-13","Current",false
"SVC-0D18FA989302","CON-5E1947FB4CB2","D1014","2026-05-15","Current",false
"SVC-C0D6AE19329E","CON-5E1947FB4CB2","D1014","2026-06-14","Current",false
"SVC-5E7479A59CDF","CON-1FF33B28061E","D1006","2026-05-15","Current",false
"SVC-E729F84F4659","CON-1FF33B28061E","D1006","2026-06-14","Current",false
"SVC-34E9440F2718","CON-6BC90F72B9AB","D1007","2026-05-15","Current",false
"SVC-DDC54BFF5C0E","CON-6BC90F72B9AB","D1007","2026-06-14","Current",false
"SVC-7D791217D5C9","CON-433023B0FA65","D1009","2026-05-15","Current",false
"SVC-F3515C147204","CON-433023B0FA65","D1009","2026-06-14","Current",false
"SVC-4E4665AE0B37","CON-C329BC5060B0","D4471","2026-05-15","Current",false
"SVC-5DA5B4D8FE7B","CON-C329BC5060B0","D4471","2026-06-14","Current",false
"SVC-0AF595E06714","CON-9BACA76F36E3","D1012","2026-05-15","Current",false
"SVC-79816B1A7C2A","CON-9BACA76F36E3","D1012","2026-06-14","Current",false
"SVC-670FCE652DDD","CON-E202866CF5B0","D1002","2026-05-15","Current",false
"SVC-31778C890E17","CON-E202866CF5B0","D1002","2026-06-14","Current",false
"SVC-610CF242425D","CON-9F637202E35A","D1003","2026-05-15","Current",false
"SVC-0A3EC897AAF7","CON-9F637202E35A","D1003","2026-06-14","Current",false
"SVC-22B734A7E51C","CON-D0B9F3367244","D1001","2026-05-15","Current",false
"SVC-22A720EB1468","CON-D0B9F3367244","D1001","2026-06-14","Current",false
"SVC-8D622FF016EB","CON-2811E7689972","D1001","2026-05-15","Current",false
"SVC-468E4DEAAA33","CON-2811E7689972","D1001","2026-06-14","Current",false
"SVC-E84C1E50D40F","CON-D993C2D06B15","D4471","2026-05-15","Current",false
"SVC-8620896A8E1C","CON-D993C2D06B15","D4471","2026-06-14","Current",false
"SVC-5884306DC4C3","CON-647FAD4E01F8","D1001","2026-05-15","Current",false
"SVC-CB7D36E521F8","CON-647FAD4E01F8","D1001","2026-06-14","Current",false
"SVC-4B98AAED68B0","CON-254EA731F14D","D1010","2026-05-15","Current",false
"SVC-220758485A3E","CON-254EA731F14D","D1010","2026-06-14","Current",false
"SVC-A9952A97DEEE","CON-815EA3A288B3","D4471","2026-05-15","Current",false
"SVC-8212795FD3F7","CON-815EA3A288B3","D4471","2026-06-14","Current",false
"SVC-A3591CAAB31A","CON-5E73A4734109","D1001","2026-05-15","Current",false
"SVC-8FE61C8938F2","CON-5E73A4734109","D1001","2026-06-14","Current",false
"SVC-B4C48930153F","CON-241251F16F41","D1005","2026-05-15","Current",false
"SVC-0AA84F1570B2","CON-241251F16F41","D1005","2026-06-14","Current",false
"SVC-0972DC6E0883","CON-E1C4F4B44F8B","D1005","2026-05-15","Current",false
"SVC-4CC25CE294DB","CON-E1C4F4B44F8B","D1005","2026-06-14","Current",false
"SVC-C06F47EF1412","CON-C8939096294E","D1004","2026-05-15","Current",false
"SVC-DA60B3C5B0BC","CON-C8939096294E","D1004","2026-06-14","Current",false
"SVC-B03A8E9941EC","CON-9EC03D7AB6E8","D4471","2026-05-16","Current",false
"SVC-54C57D7C81D0","CON-9EC03D7AB6E8","D4471","2026-06-15","Current",false
"SVC-AA902503FF74","CON-676826DB6F7C","D1009","2026-05-16","Current",false
"SVC-2AFB5FF65946","CON-676826DB6F7C","D1009","2026-06-15","Current",false
"SVC-920320F5D0B4","CON-E22E7E79E9E6","D1004","2026-05-16","Current",false
"SVC-E10305358226","CON-E22E7E79E9E6","D1004","2026-06-15","Current",false
"SVC-43D955AF84B8","CON-6BBC22212C23","D4471","2026-05-16","Current",false
"SVC-9BA79F9B36AE","CON-6BBC22212C23","D4471","2026-06-15","Current",false
"SVC-D1961BFBAE09","CON-D04813D692F1","D1012","2026-05-16","Current",false
"SVC-C9628D6673A7","CON-D04813D692F1","D1012","2026-06-15","Current",false
"SVC-D30167183D02","CON-BA1083412D02","D1009","2026-05-16","Current",false
"SVC-3F07441198F0","CON-BA1083412D02","D1009","2026-06-15","Current",false
"SVC-45AB8DFF911F","CON-5204AC3F4424","D1006","2026-05-16","Current",false
"SVC-70BD852C46C5","CON-5204AC3F4424","D1006","2026-06-15","Current",false
"SVC-EBCA4B312809","CON-963437A4ED1E","D1006","2026-05-16","Current",false
"SVC-9E1D5F1D4580","CON-963437A4ED1E","D1006","2026-06-15","Current",false
"SVC-8D2176EAEE28","CON-213F05DDCAF1","D1006","2026-05-16","Current",false
"SVC-650011E58042","CON-213F05DDCAF1","D1006","2026-06-15","Current",false
"SVC-817256563C7F","CON-395EDE7F4DA2","D4471","2026-05-16","Current",false
"SVC-F0EB08D7FD99","CON-395EDE7F4DA2","D4471","2026-06-15","Current",false
"SVC-E987257120E3","CON-A48807775DDA","D1005","2026-05-16","Current",false
"SVC-6CFF0B891954","CON-A48807775DDA","D1005","2026-06-15","Current",false
"SVC-4A3D569400EB","CON-359933C7A56D","D1004","2026-05-16","Current",false
"SVC-1D1E9C6082D8","CON-359933C7A56D","D1004","2026-06-15","Current",false
"SVC-45EAC43C0718","CON-D4F22E40F68A","D1004","2026-05-16","Current",false
"SVC-ED5F7D17BC20","CON-D4F22E40F68A","D1004","2026-06-15","Current",false
"SVC-565574282DFB","CON-E8E242A6F912","D1007","2026-05-16","Current",false
"SVC-18862A3FE1A8","CON-E8E242A6F912","D1007","2026-06-15","Current",false
"SVC-8A2EB9A82E73","CON-F8F985944D13","D1007","2026-05-16","Current",false
"SVC-CF1307F014E9","CON-F8F985944D13","D1007","2026-06-15","Current",false
"SVC-25A27D396897","CON-4B1A00D40D76","D1004","2026-05-16","Current",false
"SVC-C1771E98B393","CON-4B1A00D40D76","D1004","2026-06-15","Current",false
"SVC-6758E058F1B1","CON-324D5044354D","D1008","2026-05-16","Current",false
"SVC-DD97CEB713F8","CON-324D5044354D","D1008","2026-06-15","Current",false
"SVC-8A0EC26E7840","CON-28F9765C306C","D1009","2026-05-16","Current",false
"SVC-F0FDA9B22E50","CON-28F9765C306C","D1009","2026-06-15","Current",false
"SVC-BF31E241C492","CON-385D9601A3A4","D1010","2026-05-16","Current",false
"SVC-DE8DE7781763","CON-385D9601A3A4","D1010","2026-06-15","Current",false
"SVC-41E630580283","CON-D23CACD0EE12","D1010","2026-05-16","Current",false
"SVC-975BA2B7692D","CON-D23CACD0EE12","D1010","2026-06-15","Current",false
"SVC-4C32ED85AB47","CON-03EC2197957E","D1005","2026-05-16","Current",false
"SVC-4767CFB87CC5","CON-03EC2197957E","D1005","2026-06-15","Current",false
"SVC-5A3BFC59E48B","CON-F2D86B1D6D8D","D1005","2026-05-16","Current",false
"SVC-74C0C57D3CBA","CON-F2D86B1D6D8D","D1005","2026-06-15","Current",false
"SVC-34CEC676EBC9","CON-185501691ED4","D1005","2026-05-16","Current",false
"SVC-104FE6C4AF9B","CON-185501691ED4","D1005","2026-06-15","Current",false
"SVC-87605EE8D6CC","CON-D4407A26CE8F","D1005","2026-05-16","Current",false
"SVC-5196C3611C03","CON-D4407A26CE8F","D1005","2026-06-15","Current",false
"SVC-48D62CBCDF9C","CON-2AE643D2BECD","D1005","2026-05-16","Current",false
"SVC-2FD4855B5A6C","CON-2AE643D2BECD","D1005","2026-06-15","Current",false
"SVC-12FF8145C362","CON-3596EBCDB0AB","D1003","2026-05-16","Current",false
"SVC-ED8F63E826D7","CON-3596EBCDB0AB","D1003","2026-06-15","Current",false
"SVC-DDDAF4874038","CON-F1DCA3B7B3C6","D1001","2026-05-16","Current",false
"SVC-E70AF812AD89","CON-F1DCA3B7B3C6","D1001","2026-06-15","Current",false
"SVC-B1EE12BFCAA3","CON-20548B98651F","D1001","2026-05-16","Current",false
"SVC-4E5708E30E86","CON-20548B98651F","D1001","2026-06-15","Current",false
"SVC-642FA66B2513","CON-1FFA2E89804C","D1002","2026-05-16","Current",false
"SVC-E994BB3B6247","CON-1FFA2E89804C","D1002","2026-06-15","Current",false
"SVC-B693DE4A3341","CON-505627306DC2","D1001","2026-05-16","Current",false
"SVC-51384DB290A1","CON-505627306DC2","D1001","2026-06-15","Current",false
"SVC-AF82D76B0ADA","CON-6C0A9B5561F9","D1002","2026-05-16","Current",false
"SVC-7400FD03C52B","CON-6C0A9B5561F9","D1002","2026-06-15","Current",false
"SVC-E6F35ACFD82A","CON-28C6201DCA38","D1001","2026-05-16","Current",false
"SVC-23B67FF7EB87","CON-28C6201DCA38","D1001","2026-06-15","Current",false
"SVC-2DE272A29015","CON-5E6F69713E2A","D1002","2026-05-16","Current",false
"SVC-E8A36CCA086A","CON-5E6F69713E2A","D1002","2026-06-15","Current",false
"SVC-CA6F884B4C50","CON-574975533D5B","D1002","2026-05-16","Current",false
"SVC-2FB90B25DF00","CON-574975533D5B","D1002","2026-06-15","Current",false
"SVC-D2885355D5C9","CON-47D31D5BEEA4","D1001","2026-05-16","Current",false
"SVC-E8764A30E8E8","CON-47D31D5BEEA4","D1001","2026-06-15","Current",false
"SVC-ED024EFCC990","CON-2E4478B5CDBD","D1003","2026-05-16","Current",false
"SVC-D13860DD323E","CON-2E4478B5CDBD","D1003","2026-06-15","Current",false
"SVC-6004E414D02A","CON-D00BA9B2D9D6","D1003","2026-05-16","Current",false
"SVC-749B0CE28D91","CON-D00BA9B2D9D6","D1003","2026-06-15","Current",false
"SVC-6055EA2A439F","CON-971596B6A496","D1003","2026-05-16","Current",false
"SVC-E5F6B0B298ED","CON-971596B6A496","D1003","2026-06-15","Current",false
"SVC-EEFE7A01FEAE","CON-D5F0C7F1565B","D1002","2026-05-16","Current",false
"SVC-0561EAFF8C95","CON-D5F0C7F1565B","D1002","2026-06-15","Current",false
"SVC-6BD637BBCE11","CON-191BF5926C2F","D1004","2026-05-16","Current",false
"SVC-01DE836423DC","CON-191BF5926C2F","D1004","2026-06-15","Current",false
"SVC-DB94F2CCAEC3","CON-FA202FDBC5F5","D1004","2026-05-16","Current",false
"SVC-C3EC13CAD0C1","CON-FA202FDBC5F5","D1004","2026-06-15","Current",false
"SVC-A926B3E561E8","CON-877CFA5C152D","D1003","2026-05-17","Current",false
"SVC-C9637214847B","CON-877CFA5C152D","D1003","2026-06-16","Current",false
"SVC-95B0023CA675","CON-AB568A939EFA","D1010","2026-05-17","Current",false
"SVC-B8FFC9672ABE","CON-AB568A939EFA","D1010","2026-06-16","Current",false
"SVC-D6B3C12C1324","CON-FD40704FF0E6","D1003","2026-05-17","Current",false
"SVC-D2B83779AA8F","CON-FD40704FF0E6","D1003","2026-06-16","Current",false
"SVC-2B9008C5EDA0","CON-813CC92A6F4B","D1015","2026-05-17","Current",false
"SVC-4CDA93C02E4C","CON-813CC92A6F4B","D1015","2026-06-16","Current",false
"SVC-9F02955AFB3E","CON-0399E49F7C6B","D1015","2026-05-17","Current",false
"SVC-4198E8B3F169","CON-0399E49F7C6B","D1015","2026-06-16","Current",false
"SVC-B78E79979E45","CON-49A929E1CB4C","D1011","2026-05-17","Current",false
"SVC-E593D156E5D1","CON-49A929E1CB4C","D1011","2026-06-16","Current",false
"SVC-779B44F8FE18","CON-47C82A904E62","D1011","2026-05-17","Current",false
"SVC-EB5C074B01EB","CON-47C82A904E62","D1011","2026-06-16","Current",false
"SVC-564017800E74","CON-74646BE6C3C4","D4471","2026-05-17","Current",false
"SVC-6E13E9F4AAA1","CON-74646BE6C3C4","D4471","2026-06-16","Current",false
"SVC-AD47B282EA3E","CON-D377DF4C19D1","D1011","2026-05-17","Current",false
"SVC-8F41B23D6D44","CON-D377DF4C19D1","D1011","2026-06-16","Current",false
"SVC-83BBD9B1C9DB","CON-0C88C3C24A1C","D1001","2026-05-17","Current",false
"SVC-115558051C90","CON-0C88C3C24A1C","D1001","2026-06-16","Current",false
"SVC-0A2E9F51168B","CON-DC3E1F65E05D","D1001","2026-05-17","Current",false
"SVC-B563E233BB61","CON-DC3E1F65E05D","D1001","2026-06-16","Current",false
"SVC-57075EE2E93E","CON-E44F8BB51F80","D1011","2026-05-17","Current",false
"SVC-9CC9E82D2DC3","CON-E44F8BB51F80","D1011","2026-06-16","Current",false
"SVC-3FE3E610230A","CON-C88B28866E22","D1005","2026-05-17","Current",false
"SVC-05B6600F42CB","CON-C88B28866E22","D1005","2026-06-16","Current",false
"SVC-22B2FA3A1BD5","CON-5377A207A840","D1014","2026-05-17","Current",false
"SVC-2361D500F0DE","CON-5377A207A840","D1014","2026-06-16","Current",false
"SVC-A168D4C40964","CON-DF0B7E045072","D1001","2026-05-17","Current",false
"SVC-B30BD7219E89","CON-DF0B7E045072","D1001","2026-06-16","Current",false
"SVC-717DC6E8EE55","CON-BCC1DD3D019A","D1001","2026-05-17","Current",false
"SVC-1C65998A6645","CON-BCC1DD3D019A","D1001","2026-06-16","Current",false
"SVC-B28D0A1AB646","CON-94ED688E7F44","D1005","2026-05-17","Current",false
"SVC-E4470C3E22ED","CON-94ED688E7F44","D1005","2026-06-16","Current",false
"SVC-787A33F84737","CON-6781F3C52635","D1005","2026-05-17","Current",false
"SVC-B3A749963F7A","CON-6781F3C52635","D1005","2026-06-16","Current",false
"SVC-A48A74B14F32","CON-A212D591A86E","D1005","2026-05-17","Current",false
"SVC-648165142D4B","CON-A212D591A86E","D1005","2026-06-16","Current",false
"SVC-DDD7907DFBEF","CON-2EC871DA47B9","D1005","2026-05-17","Current",false
"SVC-C6FAFEE79EF7","CON-2EC871DA47B9","D1005","2026-06-16","Current",false
"SVC-FDCA4667965F","CON-18258DAFDB6E","D1012","2026-05-17","Current",false
"SVC-ED0B8C9111CD","CON-18258DAFDB6E","D1012","2026-06-16","Current",false
"SVC-C5BD7B8B8BAE","CON-DF27EE062C75","D1012","2026-05-17","Current",false
"SVC-6D07E3D4BCB4","CON-DF27EE062C75","D1012","2026-06-16","Current",false
"SVC-7DA48D80A53B","CON-D4BA0456C649","D1001","2026-05-17","Current",false
"SVC-FE882398006E","CON-D4BA0456C649","D1001","2026-06-16","Current",false
"SVC-986B8045BCBE","CON-7FA39BEC1864","D1001","2026-05-17","Current",false
"SVC-3089618F9329","CON-7FA39BEC1864","D1001","2026-06-16","Current",false
"SVC-F3A8289874AD","CON-04BBF7528B50","D1004","2026-05-17","Current",false
"SVC-4E9A00697E8E","CON-04BBF7528B50","D1004","2026-06-16","Current",false
"SVC-C0F7024063D5","CON-AEDCAD727DDC","D1002","2026-05-17","Current",false
"SVC-F949D8B4BFEB","CON-AEDCAD727DDC","D1002","2026-06-16","Current",false
"SVC-FE1BE5AD7837","CON-FC908292878B","D1002","2026-05-17","Current",false
"SVC-87DF5A8DD2B4","CON-FC908292878B","D1002","2026-06-16","Current",false
"SVC-35FECF9F0ACB","CON-65CEBE2CCA75","D1004","2026-05-17","Current",false
"SVC-16EDC22D4580","CON-65CEBE2CCA75","D1004","2026-06-16","Current",false
"SVC-F08F7FF63020","CON-F1FBFD09D961","D1009","2026-05-17","Current",false
"SVC-E10FF9812FF2","CON-F1FBFD09D961","D1009","2026-06-16","Current",false
"SVC-FAA81CB832D0","CON-032DABB6ABF4","D1006","2026-05-17","Current",false
"SVC-DEDAB55A93D4","CON-032DABB6ABF4","D1006","2026-06-16","Current",false
"SVC-5299894FC1C8","CON-E33CD5AF608F","D1002","2026-05-17","Current",false
"SVC-5136EEC5CD3C","CON-E33CD5AF608F","D1002","2026-06-16","Current",false
"SVC-0B151BA59114","CON-8E5BABE518D1","D1009","2026-05-17","30",true
"SVC-EA9EB71E6D89","CON-8E5BABE518D1","D1009","2026-06-16","30",true
"SVC-F64A9D6D6F65","CON-92D4D99C9BFF","D1004","2026-05-17","Current",false
"SVC-0424BFD7417C","CON-92D4D99C9BFF","D1004","2026-06-16","Current",false
"SVC-DBDCBB04870E","CON-B8281B5E6182","D1004","2026-05-17","Current",false
"SVC-58A0B1AD7800","CON-B8281B5E6182","D1004","2026-06-16","Current",false
"SVC-2C76698478BC","CON-3FBC6BECDAD7","D1002","2026-05-17","Current",false
"SVC-6E36796525A0","CON-3FBC6BECDAD7","D1002","2026-06-16","Current",false
"SVC-0E72E074EC8D","CON-A48F00B0D350","D1007","2026-05-17","Current",false
"SVC-525F182E0AE0","CON-A48F00B0D350","D1007","2026-06-16","Current",false
"SVC-2738025543A6","CON-B4E569C1DF19","D1002","2026-05-17","Current",false
"SVC-FBD99723113D","CON-B4E569C1DF19","D1002","2026-06-16","Current",false
"SVC-E87051686D6B","CON-25F8ACCAF589","D1004","2026-05-17","Current",false
"SVC-F4713DD497E5","CON-25F8ACCAF589","D1004","2026-06-16","Current",false
"SVC-656E26805EDB","CON-83B7ADD8AF01","D1006","2026-05-17","Current",false
"SVC-8D672627CF52","CON-83B7ADD8AF01","D1006","2026-06-16","Current",false
"SVC-37948AF8F2C5","CON-2EED12D073DA","D1006","2026-05-17","Current",false
"SVC-0DEF1E4D4054","CON-2EED12D073DA","D1006","2026-06-16","Current",false
"SVC-9CB78FD23D9F","CON-ED190DB3E95A","D1006","2026-05-17","Current",false
"SVC-7CB196DF8E32","CON-ED190DB3E95A","D1006","2026-06-16","Current",false
"SVC-20679AC7FCD7","CON-BE7E1F983BAB","D1004","2026-05-17","Current",false
"SVC-207E67A7047C","CON-BE7E1F983BAB","D1004","2026-06-16","Current",false
"SVC-1A635BD2F71F","CON-AAEC7825986B","D1004","2026-05-17","Current",false
"SVC-E8D7399F0E6C","CON-AAEC7825986B","D1004","2026-06-16","Current",false
"SVC-5FEA1FE89A16","CON-039571CDB70E","D1002","2026-05-17","Current",false
"SVC-78E6545117D9","CON-039571CDB70E","D1002","2026-06-16","Current",false
"SVC-AD20F2CB12FD","CON-4BF710058105","D1009","2026-05-18","Current",false
"SVC-3DB508650755","CON-4BF710058105","D1009","2026-06-17","Current",false
"SVC-4BA137D7824D","CON-F6174FFDD9DE","D1001","2026-05-18","Current",false
"SVC-A4A231CA2E7A","CON-F6174FFDD9DE","D1001","2026-06-17","Current",false
"SVC-6FABA773994A","CON-252E075DBEBD","D1008","2026-05-18","Current",false
"SVC-B4698C7D2271","CON-252E075DBEBD","D1008","2026-06-17","Current",false
"SVC-45DCA28E27EE","CON-48BE2D8A4C65","D1001","2026-05-18","Current",false
"SVC-A68D561580DE","CON-48BE2D8A4C65","D1001","2026-06-17","Current",false
"SVC-B9844B7CE44A","CON-4A1E94042DCA","D1011","2026-05-18","Current",false
"SVC-1C7E7D642839","CON-4A1E94042DCA","D1011","2026-06-17","Current",false
"SVC-E9C3EE3F48DE","CON-2018B8E48EE2","D1005","2026-05-18","Current",false
"SVC-2239A107ADCF","CON-2018B8E48EE2","D1005","2026-06-17","Current",false
"SVC-F80E480E0674","CON-A5C0EC24AF35","D1005","2026-05-18","Current",false
"SVC-CEBFAF291C2B","CON-A5C0EC24AF35","D1005","2026-06-17","Current",false
"SVC-85015FFE794F","CON-C9124948602E","D1002","2026-05-18","Current",false
"SVC-31E9126DE556","CON-C9124948602E","D1002","2026-06-17","Current",false
"SVC-80AC3B2A6BC3","CON-FAF053DCB38D","D1002","2026-05-18","Current",false
"SVC-BF3BCD20190B","CON-FAF053DCB38D","D1002","2026-06-17","Current",false
"SVC-E8BB016EEB7C","CON-0D6B708D0D5B","D1005","2026-05-18","Current",false
"SVC-3B05C5ECCAAC","CON-0D6B708D0D5B","D1005","2026-06-17","Current",false
"SVC-6014A9686A07","CON-AAECB9A994F3","D1002","2026-05-18","Current",false
"SVC-A9F3BB907495","CON-AAECB9A994F3","D1002","2026-06-17","Current",false
"SVC-BAD00077CFF9","CON-4C822D830E3D","D1002","2026-05-18","Current",false
"SVC-5ED7207B2032","CON-4C822D830E3D","D1002","2026-06-17","Current",false
"SVC-62FA8ECCF8E1","CON-443A783F8E4D","D1005","2026-05-18","Current",false
"SVC-60F9093B5A75","CON-443A783F8E4D","D1005","2026-06-17","Current",false
"SVC-7EE4235CC502","CON-A6EC0D5C99E9","D1005","2026-05-18","Current",false
"SVC-EA5DAF886F51","CON-A6EC0D5C99E9","D1005","2026-06-17","Current",false
"SVC-CF7AF5311D58","CON-065F8B580742","D1005","2026-05-18","Current",false
"SVC-CCD03421E3C0","CON-065F8B580742","D1005","2026-06-17","Current",false
"SVC-17268BF40396","CON-4D89CDEB8390","D1009","2026-05-18","Current",false
"SVC-54FE79DE717E","CON-4D89CDEB8390","D1009","2026-06-17","Current",false
"SVC-72B69577CBE2","CON-2AFE8E3D91D0","D1010","2026-05-18","Current",false
"SVC-6687C8215426","CON-2AFE8E3D91D0","D1010","2026-06-17","Current",false
"SVC-E81E24FC0391","CON-776258D104AA","D1010","2026-05-18","Current",false
"SVC-4242F1189B6B","CON-776258D104AA","D1010","2026-06-17","Current",false
"SVC-7AE97068CEE5","CON-70D210B21B74","D4471","2026-05-18","Current",false
"SVC-119299839242","CON-70D210B21B74","D4471","2026-06-17","Current",false
"SVC-5B8F7D41431F","CON-E252F7E4106A","D4471","2026-05-18","Current",false
"SVC-8F970120707D","CON-E252F7E4106A","D4471","2026-06-17","Current",false
"SVC-611646758306","CON-B209D5FC93C7","D4471","2026-05-18","Current",false
"SVC-81BFC5A9FEE0","CON-B209D5FC93C7","D4471","2026-06-17","Current",false
"SVC-DAE25A4B2EB1","CON-745C20A6BA2C","D4471","2026-05-18","Current",false
"SVC-2425EF8E83F4","CON-745C20A6BA2C","D4471","2026-06-17","Current",false
"SVC-6C660D5C302E","CON-E08332486F89","D4471","2026-05-18","Current",false
"SVC-AD31CF15B370","CON-E08332486F89","D4471","2026-06-17","Current",false
"SVC-780C02D96D1A","CON-87F7F3150AC4","D4471","2026-05-18","Current",false
"SVC-41532072A76C","CON-87F7F3150AC4","D4471","2026-06-17","Current",false
"SVC-06F6AAB1C13F","CON-751CE770899C","D1003","2026-05-18","Current",false
"SVC-B9B7A86C26A8","CON-751CE770899C","D1003","2026-06-17","Current",false
"SVC-1FA523B5E339","CON-E8F38D35C250","D1003","2026-05-18","Current",false
"SVC-7885CA12F4DE","CON-E8F38D35C250","D1003","2026-06-17","Current",false
"SVC-273ACEF7F78A","CON-E6AAB93DCFDD","D1003","2026-05-18","Current",false
"SVC-3044EFC5542E","CON-E6AAB93DCFDD","D1003","2026-06-17","Current",false
"SVC-776F5FAC9351","CON-C5C2AC5E7DD2","D1006","2026-05-18","Current",false
"SVC-049550E7AC4A","CON-C5C2AC5E7DD2","D1006","2026-06-17","Current",false
"SVC-AC2E33F03216","CON-B08D0FBF1F98","D1009","2026-05-18","Current",false
"SVC-EF66E9F84FAB","CON-B08D0FBF1F98","D1009","2026-06-17","Current",false
"SVC-4632A3FAB6A3","CON-4B5FA6B464DF","D1003","2026-05-18","Current",false
"SVC-952FF39DC3D4","CON-4B5FA6B464DF","D1003","2026-06-17","Current",false
"SVC-7F6B7374C498","CON-3B2496DD6E5E","D1003","2026-05-18","Current",false
"SVC-DB0DC2087F9F","CON-3B2496DD6E5E","D1003","2026-06-17","Current",false
"SVC-D1F0168D36CA","CON-82A45A9CD98A","D1007","2026-05-18","Current",false
"SVC-5F230CC8EF3C","CON-82A45A9CD98A","D1007","2026-06-17","Current",false
"SVC-E3121CBEDD9F","CON-B1A1DC419FB3","D1003","2026-05-18","Current",false
"SVC-C40CB1DB679B","CON-B1A1DC419FB3","D1003","2026-06-17","Current",false
"SVC-D87112F25896","CON-21D45FE0367B","D1003","2026-05-18","Current",false
"SVC-2F4BEB631592","CON-21D45FE0367B","D1003","2026-06-17","Current",false
"SVC-29344D7CCC3D","CON-984EF55A92B6","D1003","2026-05-18","Current",false
"SVC-CE6747170F42","CON-984EF55A92B6","D1003","2026-06-17","Current",false
"SVC-F7D3F2EABBA4","CON-F67CDAC4DA4A","D1003","2026-05-18","Current",false
"SVC-C857060ADCB3","CON-F67CDAC4DA4A","D1003","2026-06-17","Current",false
"SVC-D0D6CA290958","CON-7DDA80C4B2EF","D1003","2026-05-18","Current",false
"SVC-173F55A98FD9","CON-7DDA80C4B2EF","D1003","2026-06-17","30",true
"SVC-EAAC69FB5174","CON-C8C7896C6221","D1007","2026-05-18","Current",false
"SVC-462EE44032AE","CON-C8C7896C6221","D1007","2026-06-17","Current",false
"SVC-D383CFBD9FFD","CON-5583250EECF4","D1011","2026-05-18","Current",false
"SVC-2D1D472D45A7","CON-5583250EECF4","D1011","2026-06-17","Current",false
"SVC-00FFECD29175","CON-4A5E80C56107","D1009","2026-05-18","Current",false
"SVC-62AE2A321EAD","CON-4A5E80C56107","D1009","2026-06-17","Current",false
"SVC-AB92A91C2B34","CON-58BF49806F59","D1001","2026-05-18","Current",false
"SVC-0B8D5A634EE3","CON-58BF49806F59","D1001","2026-06-17","Current",false
"SVC-144CADAD2B77","CON-5ABED436E019","D1001","2026-05-18","Current",false
"SVC-593EBDA7324C","CON-5ABED436E019","D1001","2026-06-17","Current",false
"SVC-10E67DF0E8BF","CON-1ECC5C19A484","D1001","2026-05-18","Current",false
"SVC-197F436440C3","CON-1ECC5C19A484","D1001","2026-06-17","Current",false
"SVC-34638D4C9100","CON-9F2AD1560376","D1004","2026-05-18","Current",false
"SVC-A0986F8A0432","CON-9F2AD1560376","D1004","2026-06-17","Current",false
"SVC-9EE15CB459C7","CON-5F60B68D7603","D1004","2026-05-18","Current",false
"SVC-4FD09E2C4401","CON-5F60B68D7603","D1004","2026-06-17","Current",false
"SVC-C87C64D643BC","CON-98A29CF08DDB","D1004","2026-05-18","Current",false
"SVC-FBE3B2211EF4","CON-98A29CF08DDB","D1004","2026-06-17","Current",false
"SVC-5A30532F3266","CON-ED148055764D","D1001","2026-05-18","Current",false
"SVC-0F68D4FBE7AB","CON-ED148055764D","D1001","2026-06-17","Current",false
"SVC-28117BD6691B","CON-1C9023C0B463","D1004","2026-05-18","Current",false
"SVC-8BBDBA491389","CON-1C9023C0B463","D1004","2026-06-17","Current",false
"SVC-DC219E27BA9A","CON-2F72DEAC8B32","D1004","2026-05-18","Current",false
"SVC-A9B34716E8DD","CON-2F72DEAC8B32","D1004","2026-06-17","90+",true
"SVC-9771B46687CE","CON-5578B7B53826","D1013","2026-05-18","Current",false
"SVC-4DB161217C84","CON-5578B7B53826","D1013","2026-06-17","Current",false
"SVC-240BD2553C99","CON-4BE5D6B7CB41","D4471","2026-05-19","Current",false
"SVC-5A7EFD241864","CON-4BE5D6B7CB41","D4471","2026-06-18","Current",false
"SVC-0D8F51C0ADCC","CON-CE3C2AA11E0A","D4471","2026-05-19","Current",false
"SVC-C01570180C7A","CON-CE3C2AA11E0A","D4471","2026-06-18","Current",false
"SVC-E9562B711CEC","CON-BF8776BBBAEE","D1014","2026-05-19","Current",false
"SVC-FBE1D3E6EC39","CON-BF8776BBBAEE","D1014","2026-06-18","Current",false
"SVC-86F1C06D930A","CON-2F12E3830E0B","D1003","2026-05-19","Current",false
"SVC-5F1218CD7785","CON-2F12E3830E0B","D1003","2026-06-18","Current",false
"SVC-93877B46E6F8","CON-E27EB2E503F0","D1003","2026-05-19","Current",false
"SVC-9F2767552869","CON-E27EB2E503F0","D1003","2026-06-18","Current",false
"SVC-546B2B2F252F","CON-6AE345A64A0A","D1003","2026-05-19","Current",false
"SVC-0CCA9E3EFC05","CON-6AE345A64A0A","D1003","2026-06-18","Current",false
"SVC-100E5DDAC297","CON-5E3FFD14ACAD","D1015","2026-05-19","Current",false
"SVC-EEB1D8961BBD","CON-5E3FFD14ACAD","D1015","2026-06-18","Current",false
"SVC-E29158CF6E2A","CON-FBEF31DF5B16","D4471","2026-05-19","Current",false
"SVC-D74189634CFE","CON-FBEF31DF5B16","D4471","2026-06-18","Current",false
"SVC-AD2CBBD9F4DF","CON-7BF06045DE07","D4471","2026-05-19","Current",false
"SVC-9D09758CBB00","CON-7BF06045DE07","D4471","2026-06-18","Current",false
"SVC-108953FF8E02","CON-748511810113","D1011","2026-05-19","Current",false
"SVC-EE151FFC4E63","CON-748511810113","D1011","2026-06-18","Current",false
"SVC-08E1F27359E3","CON-9F96EA2A7167","D1005","2026-05-19","Current",false
"SVC-ED9FD6EECB62","CON-9F96EA2A7167","D1005","2026-06-18","Current",false
"SVC-4183375E03D2","CON-A47E8EA164AE","D1006","2026-05-19","Current",false
"SVC-1AABD44C7A6A","CON-A47E8EA164AE","D1006","2026-06-18","Current",false
"SVC-4A750C4073A9","CON-32E3EAA855C8","D1005","2026-05-19","Current",false
"SVC-59FBFFF6774D","CON-32E3EAA855C8","D1005","2026-06-18","Current",false
"SVC-09C50AB5A3DF","CON-72D14F34F2E7","D1001","2026-05-19","Current",false
"SVC-82781828184D","CON-72D14F34F2E7","D1001","2026-06-18","Current",false
"SVC-8C30F049A14C","CON-E379F56FCD83","D1001","2026-05-19","Current",false
"SVC-A1556437DC67","CON-E379F56FCD83","D1001","2026-06-18","Current",false
"SVC-FE2729801736","CON-341E99131241","D1001","2026-05-19","Current",false
"SVC-FF7066893176","CON-341E99131241","D1001","2026-06-18","Current",false
"SVC-87F1D2DF26E6","CON-12EC9DE5C97D","D1005","2026-05-19","Current",false
"SVC-368D2CAAAA61","CON-12EC9DE5C97D","D1005","2026-06-18","Current",false
"SVC-DFBF4C93B2E4","CON-6E582BDB63FF","D1004","2026-05-19","Current",false
"SVC-75D76665C081","CON-6E582BDB63FF","D1004","2026-06-18","Current",false
"SVC-1ADF42A392FD","CON-DCE7912189AC","D1002","2026-05-19","Current",false
"SVC-079991B45E49","CON-DCE7912189AC","D1002","2026-06-18","Current",false
"SVC-7971A52EA26A","CON-084FBF27D077","D1002","2026-05-19","Current",false
"SVC-94964443895D","CON-084FBF27D077","D1002","2026-06-18","Current",false
"SVC-AF79F239152A","CON-25B914BA1C32","D1002","2026-05-19","Current",false
"SVC-E60488C680F2","CON-25B914BA1C32","D1002","2026-06-18","Current",false
"SVC-54152B400B40","CON-D1C1F211A0C0","D1002","2026-05-19","Current",false
"SVC-A73730EA31FA","CON-D1C1F211A0C0","D1002","2026-06-18","Current",false
"SVC-230076621A96","CON-78BA5D858F3A","D1002","2026-05-19","Current",false
"SVC-878F95108CEB","CON-78BA5D858F3A","D1002","2026-06-18","Current",false
"SVC-8BFF7D8B15C2","CON-1DC05DE6F805","D1004","2026-05-19","Current",false
"SVC-C6FFA306023B","CON-1DC05DE6F805","D1004","2026-06-18","Current",false
"SVC-7B4515EC8DF8","CON-E026DA4729AC","D1004","2026-05-19","Current",false
"SVC-0502E6BA1D83","CON-E026DA4729AC","D1004","2026-06-18","Current",false
"SVC-18DD3F940CCF","CON-0963FBF24D6E","D1004","2026-05-19","Current",false
"SVC-CA7836CC7BD8","CON-0963FBF24D6E","D1004","2026-06-18","Current",false
"SVC-9EB9DA8D9966","CON-06090915A7CF","D1004","2026-05-19","Current",false
"SVC-285918476D44","CON-06090915A7CF","D1004","2026-06-18","Current",false
"SVC-6EF310BABE63","CON-1ABE81D69395","D1004","2026-05-19","Current",false
"SVC-CE0BF54D885F","CON-1ABE81D69395","D1004","2026-06-18","Current",false
"SVC-D409096A30CA","CON-40806C483219","D4471","2026-05-19","Current",false
"SVC-211DAE3B92CE","CON-40806C483219","D4471","2026-06-18","Current",false
"SVC-9BD0037E26E9","CON-7D7E01E6D4B5","D1004","2026-05-19","Current",false
"SVC-4F225990F367","CON-7D7E01E6D4B5","D1004","2026-06-18","Current",false
"SVC-8F8A69A6C94C","CON-D156AE7902DC","D1009","2026-05-19","Current",false
"SVC-52E5B30A529F","CON-D156AE7902DC","D1009","2026-06-18","Current",false
"SVC-E80B30CE8065","CON-23AF7ACE647E","D1007","2026-05-19","Current",false
"SVC-EC785E9B2F94","CON-23AF7ACE647E","D1007","2026-06-18","Current",false
"SVC-A12316B4BBFA","CON-2C3674F395D5","D1007","2026-05-19","Current",false
"SVC-F9F5C6B58DF4","CON-2C3674F395D5","D1007","2026-06-18","Current",false
"SVC-6D137936F814","CON-3C51EA7A7F87","D1007","2026-05-19","Current",false
"SVC-4E2BB3553920","CON-3C51EA7A7F87","D1007","2026-06-18","Current",false
"SVC-C3F5D31B8415","CON-2890CDA492D2","D1009","2026-05-19","Current",false
"SVC-F2893D732DA0","CON-2890CDA492D2","D1009","2026-06-18","Current",false
"SVC-E88029C0D9D7","CON-0C5A09182127","D1013","2026-05-19","Current",false
"SVC-5E01D95D65AD","CON-0C5A09182127","D1013","2026-06-18","Current",false
"SVC-FED9E8CB90A2","CON-B92317DAE69C","D1006","2026-05-19","Current",false
"SVC-EF9BAF94B052","CON-B92317DAE69C","D1006","2026-06-18","Current",false
"SVC-48A518948BBA","CON-A73B4FD9D7F3","D4471","2026-05-19","Current",false
"SVC-5C43D1C6367A","CON-A73B4FD9D7F3","D4471","2026-06-18","Current",false
"SVC-AE3F85D6777B","CON-8C100E57EA99","D1001","2026-05-19","Current",false
"SVC-C056F78D6998","CON-8C100E57EA99","D1001","2026-06-18","Current",false
"SVC-242B6CB546EC","CON-BDD8CC882827","D1012","2026-05-19","Current",false
"SVC-749D3380B613","CON-BDD8CC882827","D1012","2026-06-18","Current",false
"SVC-A59FEBF7E647","CON-57880E68109B","D1012","2026-05-19","Current",false
"SVC-E1A100E3F900","CON-57880E68109B","D1012","2026-06-18","30",true
"SVC-EB161D0756CB","CON-7E62F3B5DBC1","D1001","2026-05-19","Current",false
"SVC-B44FDEB93738","CON-7E62F3B5DBC1","D1001","2026-06-18","Current",false
"SVC-2D93F90F60C0","CON-A1DF74AE2C05","D1013","2026-05-19","Current",false
"SVC-0C01F8241471","CON-A1DF74AE2C05","D1013","2026-06-18","Current",false
"SVC-448B35AC4C23","CON-A0EBA82A28F1","D1013","2026-05-19","Current",false
"SVC-8D3DC6DED6A1","CON-A0EBA82A28F1","D1013","2026-06-18","Current",false
"SVC-6BE4D57DC6CC","CON-397E7175DAB8","D1013","2026-05-20","Current",false
"SVC-5C6D9C985BB2","CON-397E7175DAB8","D1013","2026-06-19","Current",false
"SVC-21D69FF0F6D5","CON-64943BC5E725","D1005","2026-05-20","Current",false
"SVC-ED9C6D865483","CON-64943BC5E725","D1005","2026-06-19","Current",false
"SVC-E438BB3D54A3","CON-0502EDAB9074","D1003","2026-05-20","Current",false
"SVC-65487B45CD6F","CON-0502EDAB9074","D1003","2026-06-19","Current",false
"SVC-8607E790C9E2","CON-3BD36AD48C2C","D1001","2026-05-20","Current",false
"SVC-911B327561B2","CON-3BD36AD48C2C","D1001","2026-06-19","Current",false
"SVC-3CF1E7F2B75D","CON-44635AD6E394","D1015","2026-05-20","Current",false
"SVC-B4A66039D87A","CON-44635AD6E394","D1015","2026-06-19","Current",false
"SVC-6057CAEC16F1","CON-98E12F3DFEFA","D1001","2026-05-20","Current",false
"SVC-ADABC41B5EF1","CON-98E12F3DFEFA","D1001","2026-06-19","Current",false
"SVC-B6BE6554B4F8","CON-85B291283FB9","D1003","2026-05-20","Current",false
"SVC-97DB793BE8FD","CON-85B291283FB9","D1003","2026-06-19","Current",false
"SVC-DBFB54AA26E9","CON-8AE0FF08B350","D1003","2026-05-20","Current",false
"SVC-46BD4EA2B281","CON-8AE0FF08B350","D1003","2026-06-19","Current",false
"SVC-8862B67FCF14","CON-74FEB5EE63A3","D1007","2026-05-20","Current",false
"SVC-0E5F5C1F3329","CON-74FEB5EE63A3","D1007","2026-06-19","60",true
"SVC-A80EEAED84A5","CON-E0C82A54AB3D","D1006","2026-05-20","Current",false
"SVC-8589FA260AD1","CON-E0C82A54AB3D","D1006","2026-06-19","Current",false
"SVC-F53FDCE71C3E","CON-7484456ED9B8","D1003","2026-05-20","Current",false
"SVC-63C58BFC3967","CON-7484456ED9B8","D1003","2026-06-19","Current",false
"SVC-6444E7C3728B","CON-759EA9D88B77","D4471","2026-05-20","Current",false
"SVC-F46797767482","CON-759EA9D88B77","D4471","2026-06-19","Current",false
"SVC-EB1DB5CCEED3","CON-6DF41DAAE964","D4471","2026-05-20","Current",false
"SVC-D1AF98AB795D","CON-6DF41DAAE964","D4471","2026-06-19","Current",false
"SVC-D6022A8194FE","CON-AAC9AA2115DF","D1004","2026-05-20","Current",false
"SVC-3DEDEDF40676","CON-AAC9AA2115DF","D1004","2026-06-19","Current",false
"SVC-D9680C8F52E2","CON-7E1DA084ADC6","D1012","2026-05-20","30",true
"SVC-C5B774AF2288","CON-7E1DA084ADC6","D1012","2026-06-19","30",true
"SVC-B1CF8771E772","CON-85ACC5ACED72","D1005","2026-05-20","Current",false
"SVC-FEB565F07C3D","CON-85ACC5ACED72","D1005","2026-06-19","Current",false
"SVC-8E4B013E951B","CON-86DDB9F3E832","D1012","2026-05-20","Current",false
"SVC-C9C1FA96699B","CON-86DDB9F3E832","D1012","2026-06-19","Current",false
"SVC-36EB5E5DA5C9","CON-59EA6A1E9D70","D1005","2026-05-20","Current",false
"SVC-E60A3D2839AF","CON-59EA6A1E9D70","D1005","2026-06-19","90+",true
"SVC-51637379893E","CON-ECCF508AF02E","D4471","2026-05-20","Current",false
"SVC-B1F2F57FE9B0","CON-ECCF508AF02E","D4471","2026-06-19","Current",false
"SVC-19B7108A6E02","CON-4396D432FEA1","D1005","2026-05-20","Current",false
"SVC-157DBB442772","CON-4396D432FEA1","D1005","2026-06-19","Current",false
"SVC-7B37EACF167E","CON-D78265EED312","D1012","2026-05-20","Current",false
"SVC-B37C186BAC89","CON-D78265EED312","D1012","2026-06-19","Current",false
"SVC-7A06184DEA38","CON-F933850F33C1","D4471","2026-05-20","30",true
"SVC-AC05085DD7B0","CON-F933850F33C1","D4471","2026-06-19","Current",false
"SVC-F1115706DF20","CON-F012999A7AE4","D1002","2026-05-20","Current",false
"SVC-FC6045591C46","CON-F012999A7AE4","D1002","2026-06-19","Current",false
"SVC-E8E9CB4F99E6","CON-7687F9EF9C40","D1013","2026-05-20","Current",false
"SVC-CF2C8B3EA2B2","CON-7687F9EF9C40","D1013","2026-06-19","Current",false
"SVC-71B72585D280","CON-A7C3140036D6","D1008","2026-05-20","Current",false
"SVC-CF37946E5763","CON-A7C3140036D6","D1008","2026-06-19","30",true
"SVC-A5E40C9EFF5E","CON-0AB610FD5C25","D1008","2026-05-20","Current",false
"SVC-5F388552CB5F","CON-0AB610FD5C25","D1008","2026-06-19","Current",false
"SVC-440CBEC5414E","CON-26D66A552A3D","D1001","2026-05-20","Current",false
"SVC-C862ACE777DB","CON-26D66A552A3D","D1001","2026-06-19","Current",false
"SVC-77A4CE1A76C2","CON-ABA9AD28107E","D1011","2026-05-20","Current",false
"SVC-EC22E94CC28E","CON-ABA9AD28107E","D1011","2026-06-19","Current",false
"SVC-81AC69C76459","CON-067DE6469B0D","D1001","2026-05-20","Current",false
"SVC-039C31FB8E4A","CON-067DE6469B0D","D1001","2026-06-19","Current",false
"SVC-279A9A77C03F","CON-ABAD1FBCF6ED","D1010","2026-05-20","Current",false
"SVC-42757F62D197","CON-ABAD1FBCF6ED","D1010","2026-06-19","Current",false
"SVC-D90BFA8063BB","CON-3CA4A48E99A7","D1001","2026-05-20","Current",false
"SVC-56BF12BB532F","CON-3CA4A48E99A7","D1001","2026-06-19","Current",false
"SVC-D382D0D9895B","CON-F9E89674C72B","D1002","2026-05-20","Current",false
"SVC-E5D922A65A87","CON-F9E89674C72B","D1002","2026-06-19","Current",false
"SVC-CB42D0A8A158","CON-354B3F2EC562","D1002","2026-05-20","Current",false
"SVC-5D2E71CE214C","CON-354B3F2EC562","D1002","2026-06-19","Current",false
"SVC-D896D2071D61","CON-331755E57121","D1007","2026-05-20","Current",false
"SVC-9005B995F990","CON-331755E57121","D1007","2026-06-19","Current",false
"SVC-E835B7BBFA6F","CON-E94624BE72E8","D1002","2026-05-20","Current",false
"SVC-08E6EB857FF3","CON-E94624BE72E8","D1002","2026-06-19","Current",false
"SVC-4B20171E954D","CON-82CF60CC1BD4","D1010","2026-05-20","Current",false
"SVC-91B00EEEC5CE","CON-82CF60CC1BD4","D1010","2026-06-19","Current",false
"SVC-2EEC21B69BCF","CON-BDC7A74D8274","D1001","2026-05-20","Current",false
"SVC-0EDAF1153588","CON-BDC7A74D8274","D1001","2026-06-19","Current",false
"SVC-6F48ED3D33D3","CON-F133CACB9B52","D1003","2026-05-20","Current",false
"SVC-28522F44045C","CON-F133CACB9B52","D1003","2026-06-19","Current",false
"SVC-AB73BA8F53B1","CON-1330A8EBE1F8","D1003","2026-05-20","Current",false
"SVC-82CC6CD2A043","CON-1330A8EBE1F8","D1003","2026-06-19","Current",false
"SVC-36565F567A25","CON-02CE1585E73F","D1004","2026-05-20","Current",false
"SVC-D0587E772319","CON-02CE1585E73F","D1004","2026-06-19","Current",false
"SVC-75D292F2D6B0","CON-550584EE60B3","D1012","2026-05-20","Current",false
"SVC-16A18B8AC9BB","CON-550584EE60B3","D1012","2026-06-19","Current",false
"SVC-2EA640C01D41","CON-40D473B5ACC7","D1004","2026-05-20","Current",false
"SVC-7F6B68708C9D","CON-40D473B5ACC7","D1004","2026-06-19","Current",false
"SVC-A549AA4EBE55","CON-13E337160417","D4471","2026-05-21","Current",false
"SVC-BC92AAA8E0A9","CON-13E337160417","D4471","2026-06-20","Current",false
"SVC-A6904E0C3AF3","CON-75D3E9A2936D","D1010","2026-05-21","Current",false
"SVC-0715B1DEEAC0","CON-75D3E9A2936D","D1010","2026-06-20","Current",false
"SVC-31088A62E772","CON-855C5D4D9DE7","D1005","2026-05-21","Current",false
"SVC-0692E0F4B1F4","CON-855C5D4D9DE7","D1005","2026-06-20","Current",false
"SVC-382FF0997F1C","CON-B21D1EE43C00","D4471","2026-05-21","Current",false
"SVC-61B029FCA10D","CON-B21D1EE43C00","D4471","2026-06-20","Current",false
"SVC-F9F59B771FAE","CON-8D29A5854B4E","D4471","2026-05-21","Current",false
"SVC-0D71806D8AEA","CON-8D29A5854B4E","D4471","2026-06-20","Current",false
"SVC-F92836FBD4D7","CON-84E09E2C982D","D1015","2026-05-21","Current",false
"SVC-0E30E2DF64B4","CON-84E09E2C982D","D1015","2026-06-20","Current",false
"SVC-27680D048B77","CON-73F6C0D0739B","D1001","2026-05-21","Current",false
"SVC-B424A5801645","CON-73F6C0D0739B","D1001","2026-06-20","Current",false
"SVC-CF3AF834B206","CON-B473816FD24B","D1001","2026-05-21","Current",false
"SVC-4C681BDB0CF4","CON-B473816FD24B","D1001","2026-06-20","Current",false
"SVC-620557439976","CON-C9A4D4D5C039","D1001","2026-05-21","Current",false
"SVC-7D097E8C2710","CON-C9A4D4D5C039","D1001","2026-06-20","Current",false
"SVC-CF08F7824E56","CON-9B15BAB4CCF6","D1001","2026-05-21","Current",false
"SVC-F05401EFF7EE","CON-9B15BAB4CCF6","D1001","2026-06-20","Current",false
"SVC-7B452AA799DB","CON-CF0B8A4BD507","D1011","2026-05-21","Current",false
"SVC-BFEDCEF17AD9","CON-CF0B8A4BD507","D1011","2026-06-20","Current",false
"SVC-8C8ABF893421","CON-C2FEAA0C4101","D1010","2026-05-21","Current",false
"SVC-EBE4E8BC0EC0","CON-C2FEAA0C4101","D1010","2026-06-20","Current",false
"SVC-0BDC613438F3","CON-0478115657F8","D1008","2026-05-21","Current",false
"SVC-1BA834ADF0C6","CON-0478115657F8","D1008","2026-06-20","Current",false
"SVC-EF87FEBD2181","CON-B1B66295B6F6","D1002","2026-05-21","Current",false
"SVC-F2DFD9C24933","CON-B1B66295B6F6","D1002","2026-06-20","Current",false
"SVC-565B59590FC5","CON-A195BC472D7A","D1002","2026-05-21","Current",false
"SVC-AA21DDC8FAE3","CON-A195BC472D7A","D1002","2026-06-20","Current",false
"SVC-5EE06057ED11","CON-60E1FBD6E59C","D1002","2026-05-21","Current",false
"SVC-92C0CADC6645","CON-60E1FBD6E59C","D1002","2026-06-20","Current",false
"SVC-FBC880648840","CON-EE78245321D9","D1007","2026-05-21","Current",false
"SVC-77262BBFE74D","CON-EE78245321D9","D1007","2026-06-20","Current",false
"SVC-0706FC74DD02","CON-097F59E1867C","D1012","2026-05-21","Current",false
"SVC-99F7AACEEFE1","CON-097F59E1867C","D1012","2026-06-20","Current",false
"SVC-968FC92373F7","CON-CEF1A4861117","D1004","2026-05-21","Current",false
"SVC-9641529796D2","CON-CEF1A4861117","D1004","2026-06-20","Current",false
"SVC-92A471403F34","CON-2F980BFB88CB","D1003","2026-05-21","Current",false
"SVC-69725E0499FB","CON-2F980BFB88CB","D1003","2026-06-20","Current",false
"SVC-ACE5F9B3C4F9","CON-E4D5C7924948","D1001","2026-05-21","Current",false
"SVC-6A4D5B509F3B","CON-E4D5C7924948","D1001","2026-06-20","Current",false
"SVC-5410DDD3D5EA","CON-515C08708FBC","D1002","2026-05-21","Current",false
"SVC-D1D287031B6C","CON-515C08708FBC","D1002","2026-06-20","Current",false
"SVC-3BFDC6EEE25F","CON-CC0D44208588","D1004","2026-05-21","Current",false
"SVC-40B8FEBEAF92","CON-CC0D44208588","D1004","2026-06-20","Current",false
"SVC-8C973E8747F7","CON-E4413D2FD74C","D1009","2026-05-21","Current",false
"SVC-CCB699332C56","CON-E4413D2FD74C","D1009","2026-06-20","Current",false
"SVC-6EFE507927FA","CON-89F166B63411","D1009","2026-05-21","Current",false
"SVC-C3AE764F7B1C","CON-89F166B63411","D1009","2026-06-20","Current",false
"SVC-EAA9ECB519FF","CON-E657DFE9D259","D1005","2026-05-21","Current",false
"SVC-DB3D9F3CCFE1","CON-E657DFE9D259","D1005","2026-06-20","Current",false
"SVC-315EF0B20495","CON-33D6BFEC56BE","D1006","2026-05-21","Current",false
"SVC-E1C102E567BD","CON-33D6BFEC56BE","D1006","2026-06-20","Current",false
"SVC-76C281AAEB12","CON-941A5B24CE35","D1005","2026-05-21","Current",false
"SVC-33FE5CEFDA7D","CON-941A5B24CE35","D1005","2026-06-20","Current",false
"SVC-F7183C5BEE2B","CON-967ECFEC4257","D1010","2026-05-21","Current",false
"SVC-575B857A97D8","CON-967ECFEC4257","D1010","2026-06-20","Current",false
"SVC-2215E37115AC","CON-35B55B22BCEC","D1006","2026-05-21","Current",false
"SVC-F344C5D63C01","CON-35B55B22BCEC","D1006","2026-06-20","Current",false
"SVC-51B2C5A5C955","CON-398495C0252F","D1006","2026-05-21","Current",false
"SVC-A2CA97CFFD61","CON-398495C0252F","D1006","2026-06-20","Current",false
"SVC-56EF616146A8","CON-8590E628D4B8","D1002","2026-05-22","Current",false
"SVC-31BC0B1E2E06","CON-8590E628D4B8","D1002","2026-06-21","Current",false
"SVC-7BC0F583FF2C","CON-B213BD304037","D1004","2026-05-22","Current",false
"SVC-9AF00B3129F4","CON-B213BD304037","D1004","2026-06-21","Current",false
"SVC-00BEAB60419A","CON-FFA00DD39F07","D1003","2026-05-22","Current",false
"SVC-BD869612AC57","CON-FFA00DD39F07","D1003","2026-06-21","Current",false
"SVC-DC0B87C30C29","CON-14E4449B8FFE","D1003","2026-05-22","Current",false
"SVC-FE0EF1186E51","CON-14E4449B8FFE","D1003","2026-06-21","Current",false
"SVC-0984775517EC","CON-02D4FB13A526","D1003","2026-05-22","Current",false
"SVC-E9F270609D6D","CON-02D4FB13A526","D1003","2026-06-21","Current",false
"SVC-116280703DFE","CON-6F04C216BCE4","D1010","2026-05-22","Current",false
"SVC-3D0185584490","CON-6F04C216BCE4","D1010","2026-06-21","Current",false
"SVC-A6E89FCAD509","CON-6DFB6124E02C","D1010","2026-05-22","Current",false
"SVC-4FC1E95A847E","CON-6DFB6124E02C","D1010","2026-06-21","Current",false
"SVC-D5A785BAD409","CON-13B1917F7CA6","D1013","2026-05-22","Current",false
"SVC-C62F0B132030","CON-13B1917F7CA6","D1013","2026-06-21","Current",false
"SVC-F5B8B41B6F1A","CON-F41459A11BE0","D1008","2026-05-22","Current",false
"SVC-7D13B0C149EE","CON-F41459A11BE0","D1008","2026-06-21","Current",false
"SVC-261E1478D15B","CON-1FA4F69DA33A","D1010","2026-05-22","Current",false
"SVC-D25F8EE3080B","CON-1FA4F69DA33A","D1010","2026-06-21","Current",false
"SVC-C9CBA69A0BA5","CON-9F1C7BE7C564","D1001","2026-05-22","Current",false
"SVC-F6FE96D382D2","CON-9F1C7BE7C564","D1001","2026-06-21","Current",false
"SVC-D6CEB7B3A665","CON-7013070A498E","D1003","2026-05-22","Current",false
"SVC-1471EA100135","CON-7013070A498E","D1003","2026-06-21","Current",false
"SVC-4F48A8E37B8E","CON-EC17CF675AB5","D1002","2026-05-22","Current",false
"SVC-C783AEA2D908","CON-EC17CF675AB5","D1002","2026-06-21","Current",false
"SVC-859110AC1F6D","CON-0E8FC8241CE4","D4471","2026-05-22","Current",false
"SVC-6EAF8F2B6AAA","CON-0E8FC8241CE4","D4471","2026-06-21","Current",false
"SVC-EE13F465E4AC","CON-4BA6F8931569","D1004","2026-05-22","Current",false
"SVC-28B6D4F5DE9C","CON-4BA6F8931569","D1004","2026-06-21","Current",false
"SVC-AE8C232B15DD","CON-FEE079F374AE","D1002","2026-05-22","Current",false
"SVC-2002A61CF03D","CON-FEE079F374AE","D1002","2026-06-21","Current",false
"SVC-90ED1BE2758A","CON-B20B1C1DD41F","D1001","2026-05-22","Current",false
"SVC-5009643ACEDC","CON-B20B1C1DD41F","D1001","2026-06-21","Current",false
"SVC-340FA705E992","CON-21A2D429B0CD","D1002","2026-05-22","Current",false
"SVC-F3D98AE506B9","CON-21A2D429B0CD","D1002","2026-06-21","Current",false
"SVC-791CBF6E2CE4","CON-E6BFB705EB3C","D1002","2026-05-22","Current",false
"SVC-B58023060A0B","CON-E6BFB705EB3C","D1002","2026-06-21","Current",false
"SVC-8F47E13CD63B","CON-81D544CC15B4","D1012","2026-05-22","Current",false
"SVC-A02038E2B13C","CON-81D544CC15B4","D1012","2026-06-21","Current",false
"SVC-A2829ED0A048","CON-A9191AAD8584","D1009","2026-05-22","Current",false
"SVC-6BB1D5B0F9CD","CON-A9191AAD8584","D1009","2026-06-21","Current",false
"SVC-33EC1D59E607","CON-885B499531C6","D4471","2026-05-22","Current",false
"SVC-CFD3D0993B57","CON-885B499531C6","D4471","2026-06-21","Current",false
"SVC-50310F27576D","CON-9DED5D93582B","D1001","2026-05-22","Current",false
"SVC-D6C4BD6289E6","CON-9DED5D93582B","D1001","2026-06-21","Current",false
"SVC-1EEEBE44ECCE","CON-3026A2E4DF94","D1001","2026-05-22","Current",false
"SVC-0D47EB7D9C7C","CON-3026A2E4DF94","D1001","2026-06-21","Current",false
"SVC-6E0030E8EB4B","CON-3E577BAC799E","D1001","2026-05-22","Current",false
"SVC-00B45C163ED3","CON-3E577BAC799E","D1001","2026-06-21","Current",false
"SVC-5D7284901162","CON-D65BAFEADB62","D1014","2026-05-22","Current",false
"SVC-769A6E38454A","CON-D65BAFEADB62","D1014","2026-06-21","Current",false
"SVC-9B95EF852FA2","CON-D8A81924A15D","D1005","2026-05-22","Current",false
"SVC-D3289692D25B","CON-D8A81924A15D","D1005","2026-06-21","Current",false
"SVC-70C70DF68217","CON-8F66D741ADE2","D1005","2026-05-22","Current",false
"SVC-55411B782BC8","CON-8F66D741ADE2","D1005","2026-06-21","Current",false
"SVC-6C050B5F3B38","CON-B8CCDFFEF406","D1005","2026-05-22","Current",false
"SVC-3690ABE572DB","CON-B8CCDFFEF406","D1005","2026-06-21","Current",false
"SVC-3F23835336FA","CON-0C0A0C543D25","D1005","2026-05-22","Current",false
"SVC-09AF8C8CE992","CON-0C0A0C543D25","D1005","2026-06-21","Current",false
"SVC-797BEB137BA5","CON-D89761400B4A","D1001","2026-05-22","90+",true
"SVC-49BE87D4F992","CON-D89761400B4A","D1001","2026-06-21","90+",true
"SVC-63B37CD62467","CON-A79A98826D0E","D1003","2026-05-22","Current",false
"SVC-33EC00D7785A","CON-A79A98826D0E","D1003","2026-06-21","Current",false
"SVC-3F6DF0670471","CON-3A53B635CBCE","D1005","2026-05-22","Current",false
"SVC-591DC15FB43F","CON-3A53B635CBCE","D1005","2026-06-21","Current",false
"SVC-71AFC6AB1999","CON-7681DEDCF640","D1005","2026-05-22","Current",false
"SVC-26AE2DC86189","CON-7681DEDCF640","D1005","2026-06-21","Current",false
"SVC-81A3E83971C0","CON-A0C70B074CE0","D1001","2026-05-23","Current",false
"SVC-1F4611FC320D","CON-A0C70B074CE0","D1001","2026-06-22","Current",false
"SVC-A2E7765676A2","CON-6FC98DED561B","D1002","2026-05-23","Current",false
"SVC-2936A63EACCE","CON-6FC98DED561B","D1002","2026-06-22","Current",false
"SVC-866904127FED","CON-B74E0CC87B13","D1002","2026-05-23","Current",false
"SVC-5F66867B7BE7","CON-B74E0CC87B13","D1002","2026-06-22","Current",false
"SVC-BB82D9B08FC3","CON-8EBDA2DE2DD1","D1004","2026-05-23","Current",false
"SVC-3AEB5A0CEAAD","CON-8EBDA2DE2DD1","D1004","2026-06-22","Current",false
"SVC-8EE9E409999A","CON-935F8A47C934","D1002","2026-05-23","Current",false
"SVC-6D9537E7F206","CON-935F8A47C934","D1002","2026-06-22","Current",false
"SVC-D8540936D70A","CON-38C7669536F8","D1002","2026-05-23","Current",false
"SVC-CCD9C839A1F0","CON-38C7669536F8","D1002","2026-06-22","Current",false
"SVC-82D6B7BCAC14","CON-287C0FFF4B49","D4471","2026-05-23","Current",false
"SVC-B737FD62069C","CON-287C0FFF4B49","D4471","2026-06-22","Current",false
"SVC-0BE51B545454","CON-F77A2EAC5697","D1008","2026-05-23","Current",false
"SVC-D0F454480EFD","CON-F77A2EAC5697","D1008","2026-06-22","Current",false
"SVC-F1B453216338","CON-7E7D9A0602A4","D1003","2026-05-23","Current",false
"SVC-66275120519D","CON-7E7D9A0602A4","D1003","2026-06-22","Current",false
"SVC-15EDC8FAAEA1","CON-2B838E1B2628","D1003","2026-05-23","Current",false
"SVC-2508FAB962E7","CON-2B838E1B2628","D1003","2026-06-22","Current",false
"SVC-645B55E079AC","CON-83F78BB28358","D4471","2026-05-23","Current",false
"SVC-A937AD0EDAB7","CON-83F78BB28358","D4471","2026-06-22","Current",false
"SVC-FA1983F848A3","CON-C108924DD8E8","D1007","2026-05-23","Current",false
"SVC-7D888EC8A638","CON-C108924DD8E8","D1007","2026-06-22","Current",false
"SVC-CB60D4937C57","CON-6CDF9541A270","D1012","2026-05-23","Current",false
"SVC-866E43037A0B","CON-6CDF9541A270","D1012","2026-06-22","Current",false
"SVC-DF7A2C08EA79","CON-D555FFC26C80","D1005","2026-05-23","Current",false
"SVC-6DA07AFB1E5F","CON-D555FFC26C80","D1005","2026-06-22","Current",false
"SVC-CD3F486AD403","CON-7E4F92FD3E90","D1005","2026-05-23","Current",false
"SVC-FC4639A46759","CON-7E4F92FD3E90","D1005","2026-06-22","Current",false
"SVC-E24DD6C4A316","CON-40CDA41DD78E","D1007","2026-05-23","Current",false
"SVC-4530C6D91C27","CON-40CDA41DD78E","D1007","2026-06-22","Current",false
"SVC-4777B823B8A9","CON-8A6F92D7E0B8","D1004","2026-05-23","Current",false
"SVC-D5EDD05A0D7F","CON-8A6F92D7E0B8","D1004","2026-06-22","Current",false
"SVC-65176B718903","CON-6D232B9819AC","D1008","2026-05-23","Current",false
"SVC-4AE7CD7CD7BB","CON-6D232B9819AC","D1008","2026-06-22","Current",false
"SVC-A2F13DBC798E","CON-72F7223B270E","D1001","2026-05-23","Current",false
"SVC-124D2859C908","CON-72F7223B270E","D1001","2026-06-22","Current",false
"SVC-C07D1D0A43B3","CON-1614AC60C41A","D1007","2026-05-23","Current",false
"SVC-A70169210959","CON-1614AC60C41A","D1007","2026-06-22","Current",false
"SVC-7CE51077072C","CON-27E1103C4B6C","D1001","2026-05-23","Current",false
"SVC-804C366A6EC9","CON-27E1103C4B6C","D1001","2026-06-22","Current",false
"SVC-F869C37617D3","CON-F59E305C2971","D1014","2026-05-23","Current",false
"SVC-9FE84B03C798","CON-F59E305C2971","D1014","2026-06-22","Current",false
"SVC-3B472EA11686","CON-A3374477DA8B","D1008","2026-05-23","Current",false
"SVC-BAF490E3F73A","CON-A3374477DA8B","D1008","2026-06-22","Current",false
"SVC-812B5058370D","CON-95AC95513AFC","D4471","2026-05-23","Current",false
"SVC-CB320F7A139D","CON-95AC95513AFC","D4471","2026-06-22","Current",false
"SVC-AE7BC7175424","CON-EEE77FA62E5E","D1005","2026-05-23","Current",false
"SVC-0D7EFB62DCC7","CON-EEE77FA62E5E","D1005","2026-06-22","Current",false
"SVC-C7ED67E2F927","CON-5244BB5467E1","D1005","2026-05-23","Current",false
"SVC-FC83C962529C","CON-5244BB5467E1","D1005","2026-06-22","Current",false
"SVC-DAFC7DA2A849","CON-CFAD66E046F0","D1004","2026-05-23","Current",false
"SVC-E0A7C5618835","CON-CFAD66E046F0","D1004","2026-06-22","Current",false
"SVC-A495C248D482","CON-A6D450ED6DE5","D1002","2026-05-23","Current",false
"SVC-54386680F2FA","CON-A6D450ED6DE5","D1002","2026-06-22","Current",false
"SVC-A7BC0D103099","CON-0CF61FACFAF9","D4471","2026-05-23","Current",false
"SVC-DB1FD46C0A76","CON-0CF61FACFAF9","D4471","2026-06-22","Current",false
"SVC-C90578A296EB","CON-8A30B1B8A9CB","D1011","2026-05-23","Current",false
"SVC-C7EE87F5DF45","CON-8A30B1B8A9CB","D1011","2026-06-22","Current",false
"SVC-D0C232A1D492","CON-2683BFA468A1","D1011","2026-05-23","Current",false
"SVC-280644BD7728","CON-2683BFA468A1","D1011","2026-06-22","Current",false
"SVC-AE1A420A7C6A","CON-AE926CD065A9","D1004","2026-05-23","Current",false
"SVC-D1A15870D489","CON-AE926CD065A9","D1004","2026-06-22","Current",false
"SVC-70FB0D220DE6","CON-A9F4B20B8C8F","D1012","2026-05-24","Current",false
"SVC-8D321663339E","CON-A9F4B20B8C8F","D1012","2026-06-23","Current",false
"SVC-FDE6B92ED88D","CON-06D425250DF2","D1003","2026-05-24","Current",false
"SVC-E7913681BB2B","CON-06D425250DF2","D1003","2026-06-23","60",true
"SVC-E74973B36BA7","CON-C0C22A8068F4","D1004","2026-05-24","Current",false
"SVC-85669AD301DC","CON-C0C22A8068F4","D1004","2026-06-23","Current",false
"SVC-64AC099D6ED4","CON-F2A553B7BDD8","D1007","2026-05-24","Current",false
"SVC-C10957173A56","CON-F2A553B7BDD8","D1007","2026-06-23","Current",false
"SVC-6646B2D45C7B","CON-1AD658617773","D1007","2026-05-24","Current",false
"SVC-4F3B14B2BF20","CON-1AD658617773","D1007","2026-06-23","Current",false
"SVC-8A76989B3E41","CON-F77994E06E87","D1013","2026-05-24","Current",false
"SVC-92FEDC1D8B5B","CON-F77994E06E87","D1013","2026-06-23","Current",false
"SVC-F5F2CC5C7E38","CON-522CE3DCB83B","D4471","2026-05-24","Current",false
"SVC-17D7FBD87CE7","CON-522CE3DCB83B","D4471","2026-06-23","Current",false
"SVC-B1EB0EB474DF","CON-E046E0639BB6","D1005","2026-05-24","Current",false
"SVC-3462055C66A6","CON-E046E0639BB6","D1005","2026-06-23","Current",false
"SVC-4B2BC4B152D5","CON-42074C968264","D1005","2026-05-24","Current",false
"SVC-5AEB7B5BB806","CON-42074C968264","D1005","2026-06-23","Current",false
"SVC-8A501FC44E0E","CON-3AC8447363BF","D4471","2026-05-24","Current",false
"SVC-324D2FFD8C6A","CON-3AC8447363BF","D4471","2026-06-23","Current",false
"SVC-82F8F4738BC8","CON-40C79B3E9818","D1005","2026-05-24","Current",false
"SVC-EE4B9984FAAE","CON-40C79B3E9818","D1005","2026-06-23","Current",false
"SVC-593DCC048C9D","CON-417D10B874E5","D4471","2026-05-24","Current",false
"SVC-FF9F35E1CAEC","CON-417D10B874E5","D4471","2026-06-23","Current",false
"SVC-57D9F8D75EF2","CON-ACD62181C0E9","D1005","2026-05-24","Current",false
"SVC-5B6259C02917","CON-ACD62181C0E9","D1005","2026-06-23","Current",false
"SVC-422F3FB47A30","CON-20EEAAFAE7A5","D1002","2026-05-24","Current",false
"SVC-75976D9EE989","CON-20EEAAFAE7A5","D1002","2026-06-23","Current",false
"SVC-A89FB0870A98","CON-09BEF1E0C2D9","D1002","2026-05-24","Current",false
"SVC-BA890987A976","CON-09BEF1E0C2D9","D1002","2026-06-23","Current",false
"SVC-A297D72425A0","CON-24D43BDFB1CD","D1002","2026-05-24","Current",false
"SVC-58B309FFC918","CON-24D43BDFB1CD","D1002","2026-06-23","Current",false
"SVC-E54469A1C687","CON-1A5090213A78","D1009","2026-05-24","Current",false
"SVC-56CF1E3C4369","CON-1A5090213A78","D1009","2026-06-23","Current",false
"SVC-AACC842ECA09","CON-0FF7923A4CE0","D1002","2026-05-24","Current",false
"SVC-C694E7045D6A","CON-0FF7923A4CE0","D1002","2026-06-23","Current",false
"SVC-5EC904AEFF35","CON-0AF6AE1C0868","D1009","2026-05-24","Current",false
"SVC-0F869D392D1B","CON-0AF6AE1C0868","D1009","2026-06-23","Current",false
"SVC-17100DBC8A2A","CON-2C724736A010","D1009","2026-05-24","Current",false
"SVC-65BB2FCD9B12","CON-2C724736A010","D1009","2026-06-23","Current",false
"SVC-44CA150C488F","CON-83B5E135575C","D1009","2026-05-24","Current",false
"SVC-841A96FE9A21","CON-83B5E135575C","D1009","2026-06-23","Current",false
"SVC-709CDC500626","CON-6EF90F8DAB02","D1006","2026-05-24","Current",false
"SVC-3D9B53D47627","CON-6EF90F8DAB02","D1006","2026-06-23","Current",false
"SVC-A53FC37B80C7","CON-5D3EC92A4F9E","D1004","2026-05-24","Current",false
"SVC-440A963F2A51","CON-5D3EC92A4F9E","D1004","2026-06-23","Current",false
"SVC-9161C9E93740","CON-8D5E89885587","D1010","2026-05-24","Current",false
"SVC-587D6AB17C5C","CON-8D5E89885587","D1010","2026-06-23","Current",false
"SVC-F48B9CD7953E","CON-EA2A6A12D72A","D1005","2026-05-24","Current",false
"SVC-25263EDE653F","CON-EA2A6A12D72A","D1005","2026-06-23","30",true
"SVC-83D9DC8ED47B","CON-8EF187C9E8B0","D1002","2026-05-24","Current",false
"SVC-ACFCA71B89C5","CON-8EF187C9E8B0","D1002","2026-06-23","Current",false
"SVC-6976F39521E2","CON-89E536BC1A3D","D4471","2026-05-24","Current",false
"SVC-99739EA58A21","CON-89E536BC1A3D","D4471","2026-06-23","Current",false
"SVC-B9E0000A60C0","CON-D477B4A3E12D","D1001","2026-05-24","Current",false
"SVC-A6AE6B75824E","CON-D477B4A3E12D","D1001","2026-06-23","Current",false
"SVC-58A135B72AA2","CON-AAB2F1A99172","D1004","2026-05-24","Current",false
"SVC-88951239EC72","CON-AAB2F1A99172","D1004","2026-06-23","Current",false
"SVC-0003B72A6460","CON-7C604ACB863A","D1004","2026-05-24","Current",false
"SVC-C82C0F0A5F0C","CON-7C604ACB863A","D1004","2026-06-23","Current",false
"SVC-8E6BAAF4230B","CON-85638D9472C8","D1005","2026-05-24","Current",false
"SVC-7FC4E3A593BD","CON-85638D9472C8","D1005","2026-06-23","Current",false
"SVC-EEDFECF9A037","CON-FC4D27D4A678","D1004","2026-05-24","Current",false
"SVC-5AE62A2F4ED5","CON-FC4D27D4A678","D1004","2026-06-23","Current",false
"SVC-E86C08B35ACB","CON-97E5233581DE","D1010","2026-05-24","Current",false
"SVC-D84D8F68B997","CON-97E5233581DE","D1010","2026-06-23","Current",false
"SVC-AF1298095163","CON-7310F9D5B27D","D1010","2026-05-24","Current",false
"SVC-A0889DE43C64","CON-7310F9D5B27D","D1010","2026-06-23","Current",false
"SVC-E35AEE7A9D10","CON-602A14AAB019","D1011","2026-05-24","Current",false
"SVC-7BF563801C97","CON-602A14AAB019","D1011","2026-06-23","Current",false
"SVC-03D26A92604B","CON-4A90E7925BAF","D1001","2026-05-24","Current",false
"SVC-D32F897B879D","CON-4A90E7925BAF","D1001","2026-06-23","Current",false
"SVC-CFC2C76EAC2B","CON-B552F708F0F9","D1008","2026-05-24","Current",false
"SVC-D5B47B226B64","CON-B552F708F0F9","D1008","2026-06-23","Current",false
"SVC-F07A301119AB","CON-018EEE108978","D1003","2026-05-24","Current",false
"SVC-C653C04F022C","CON-018EEE108978","D1003","2026-06-23","Current",false
"SVC-01D5D85539A3","CON-3B767D7E005B","D1003","2026-05-24","Current",false
"SVC-0A47CB258347","CON-3B767D7E005B","D1003","2026-06-23","Current",false
"SVC-BFE1021C939F","CON-9214435CECA7","D1003","2026-05-24","Current",false
"SVC-8BA8FB797474","CON-9214435CECA7","D1003","2026-06-23","Current",false
"SVC-590154E9B8E4","CON-FC6BFF8DF446","D1013","2026-05-24","Current",false
"SVC-2F3D9E0C5ADC","CON-FC6BFF8DF446","D1013","2026-06-23","Current",false
"SVC-B7C1DF90941A","CON-E1C7462E9270","D1011","2026-05-24","Current",false
"SVC-CA172C715E47","CON-E1C7462E9270","D1011","2026-06-23","Current",false
"SVC-C7B491243D6E","CON-DEFBEB3C73E5","D1011","2026-05-24","Current",false
"SVC-A54AF6962031","CON-DEFBEB3C73E5","D1011","2026-06-23","Current",false
"SVC-07DED9DB56A8","CON-D988132CA52F","D1008","2026-05-24","Current",false
"SVC-FBDCD1E37177","CON-D988132CA52F","D1008","2026-06-23","Current",false
"SVC-6BD518A4311A","CON-AE20EDAD946D","D1004","2026-05-24","Current",false
"SVC-6AF704F6B56E","CON-AE20EDAD946D","D1004","2026-06-23","Current",false
"SVC-D3DB0027084E","CON-14229F8A81CD","D1001","2026-05-24","Current",false
"SVC-B10C0E37E83E","CON-14229F8A81CD","D1001","2026-06-23","Current",false
"SVC-CA64315E6170","CON-A10264ABF3C4","D1001","2026-05-24","Current",false
"SVC-CFAD2A58C578","CON-A10264ABF3C4","D1001","2026-06-23","Current",false
"SVC-FABC594F7B0B","CON-DEF467043EF9","D1001","2026-05-24","Current",false
"SVC-CE644CD66B51","CON-DEF467043EF9","D1001","2026-06-23","Current",false
"SVC-8BA597C12967","CON-DC489C1A1518","D1001","2026-05-24","Current",false
"SVC-AFDF7CC76EBC","CON-DC489C1A1518","D1001","2026-06-23","Current",false
"SVC-5DD742A29E61","CON-21255579B711","D1001","2026-05-24","Current",false
"SVC-7DD9D6AAAC7C","CON-21255579B711","D1001","2026-06-23","Current",false
"SVC-31BCB5206DE2","CON-B7251F2B8D07","D1001","2026-05-24","Current",false
"SVC-74D377DAD628","CON-B7251F2B8D07","D1001","2026-06-23","Current",false
"SVC-C2C9A1A4CC01","CON-AD5257889BA4","D1003","2026-05-24","Current",false
"SVC-6B318CA439B0","CON-AD5257889BA4","D1003","2026-06-23","Current",false
"SVC-5F13281DF1AA","CON-9F1FB2471CB5","D1001","2026-05-24","Current",false
"SVC-060EE78A7B51","CON-9F1FB2471CB5","D1001","2026-06-23","Current",false
"SVC-E174E215E12B","CON-7C53F575ACD5","D1001","2026-05-24","Current",false
"SVC-D4DDDADEE01B","CON-7C53F575ACD5","D1001","2026-06-23","Current",false
"SVC-13154B6F39AB","CON-64C88349D3D1","D1009","2026-05-25","Current",false
"SVC-5CA30176B08C","CON-64C88349D3D1","D1009","2026-06-24","Current",false
"SVC-49C5688DB929","CON-D781CC4D003C","D1003","2026-05-25","Current",false
"SVC-0CBF053C3A2F","CON-D781CC4D003C","D1003","2026-06-24","Current",false
"SVC-A01D947A0D1F","CON-72DC86CDBD85","D1008","2026-05-25","Current",false
"SVC-B1D31E945361","CON-72DC86CDBD85","D1008","2026-06-24","Current",false
"SVC-5C6AA67073DD","CON-69569807E8FB","D1003","2026-05-25","Current",false
"SVC-875C732F7B61","CON-69569807E8FB","D1003","2026-06-24","Current",false
"SVC-2C5E0200D2FC","CON-BF1AA35A5DEE","D1003","2026-05-25","Current",false
"SVC-5D9811BB65D1","CON-BF1AA35A5DEE","D1003","2026-06-24","Current",false
"SVC-FAB78EB7D077","CON-F7CACA4E20D6","D4471","2026-05-25","Current",false
"SVC-BBA1E5BA6F57","CON-F7CACA4E20D6","D4471","2026-06-24","Current",false
"SVC-A2E6AEB606EC","CON-F6509ACF97D7","D4471","2026-05-25","Current",false
"SVC-10F8CB687C83","CON-F6509ACF97D7","D4471","2026-06-24","Current",false
"SVC-FF87D3C3C9CB","CON-5B1F5D7B068E","D4471","2026-05-25","Current",false
"SVC-4D7C3B70B222","CON-5B1F5D7B068E","D4471","2026-06-24","Current",false
"SVC-07F1840A59A2","CON-436E3F991C24","D1006","2026-05-25","Current",false
"SVC-2506FFDDD217","CON-436E3F991C24","D1006","2026-06-24","Current",false
"SVC-BFFF27B13214","CON-64815DE92EA2","D1006","2026-05-25","Current",false
"SVC-289CE7F42D1B","CON-64815DE92EA2","D1006","2026-06-24","Current",false
"SVC-344D489D1B31","CON-C134DE557E73","D1001","2026-05-25","Current",false
"SVC-6A8510FD6195","CON-C134DE557E73","D1001","2026-06-24","Current",false
"SVC-FF3810FE234F","CON-71C67010E782","D4471","2026-05-25","Current",false
"SVC-FBA000A6BF72","CON-71C67010E782","D4471","2026-06-24","Current",false
"SVC-50BA36631B75","CON-AE0DC174A813","D4471","2026-05-25","Current",false
"SVC-C1966C256E70","CON-AE0DC174A813","D4471","2026-06-24","Current",false
"SVC-D113C5562828","CON-087B1379D6AF","D1002","2026-05-25","Current",false
"SVC-49D30AEA1560","CON-087B1379D6AF","D1002","2026-06-24","Current",false
"SVC-489539FD1DA4","CON-9FC0D72F842C","D1007","2026-05-25","Current",false
"SVC-86D3F9583A7E","CON-9FC0D72F842C","D1007","2026-06-24","Current",false
"SVC-09458669A0B6","CON-6651F9B6BE2F","D1004","2026-05-25","Current",false
"SVC-35482CC9E4A5","CON-6651F9B6BE2F","D1004","2026-06-24","Current",false
"SVC-A15C83927EDE","CON-D3F7DDC27A39","D1001","2026-05-25","Current",false
"SVC-E860C2C69355","CON-D3F7DDC27A39","D1001","2026-06-24","Current",false
"SVC-222A364A7378","CON-90200403C74A","D1004","2026-05-25","Current",false
"SVC-1E7E611FEB7A","CON-90200403C74A","D1004","2026-06-24","Current",false
"SVC-87731A7637A4","CON-53C70F3ACC75","D1007","2026-05-25","Current",false
"SVC-E1932A44A774","CON-53C70F3ACC75","D1007","2026-06-24","Current",false
"SVC-6962BCACFD8C","CON-BF8083F71A5C","D1009","2026-05-25","Current",false
"SVC-67D1AA14EA8A","CON-BF8083F71A5C","D1009","2026-06-24","Current",false
"SVC-3C3CCA69A267","CON-AB90BBC6AFD4","D1005","2026-05-25","Current",false
"SVC-0ED470FD3EA8","CON-AB90BBC6AFD4","D1005","2026-06-24","Current",false
"SVC-90335511DA40","CON-5A5A753229D7","D1004","2026-05-25","60",true
"SVC-41D3EA8FF6EF","CON-5A5A753229D7","D1004","2026-06-24","90+",true
"SVC-239EC1485DAF","CON-BC41229DE278","D1002","2026-05-25","Current",false
"SVC-D0564458D3D2","CON-BC41229DE278","D1002","2026-06-24","Current",false
"SVC-A2315042686C","CON-4A1D8E75EA2F","D1001","2026-05-25","Current",false
"SVC-F48E50EF902E","CON-4A1D8E75EA2F","D1001","2026-06-24","30",true
"SVC-5CE2780A357E","CON-32015D1EF959","D1004","2026-05-25","Current",false
"SVC-71C77965B15B","CON-32015D1EF959","D1004","2026-06-24","Current",false
"SVC-D77FA30D7F66","CON-00981492665C","D1012","2026-05-25","Current",false
"SVC-3628D8AB241B","CON-00981492665C","D1012","2026-06-24","Current",false
"SVC-B163929A2FB5","CON-1B5026E09696","D1004","2026-05-25","Current",false
"SVC-F10B9FB7235B","CON-1B5026E09696","D1004","2026-06-24","Current",false
"SVC-C7B8D91020A5","CON-A25404EC20C5","D1003","2026-05-25","Current",false
"SVC-E58EB494E334","CON-A25404EC20C5","D1003","2026-06-24","Current",false
"SVC-CDA01992ED62","CON-EFBF8F9AE7F6","D1011","2026-05-25","Current",false
"SVC-32692D4F4BF8","CON-EFBF8F9AE7F6","D1011","2026-06-24","Current",false
"SVC-56C27236D5C9","CON-584F6B360B43","D1011","2026-05-25","Current",false
"SVC-799CD9421110","CON-584F6B360B43","D1011","2026-06-24","Current",false
"SVC-D114437B96DB","CON-136819DBE49B","D1005","2026-05-25","Current",false
"SVC-30EBC2AFCE68","CON-136819DBE49B","D1005","2026-06-24","Current",false
"SVC-2A200E188041","CON-0EDF5B53BE71","D1005","2026-05-25","Current",false
"SVC-A1CF74142FA4","CON-0EDF5B53BE71","D1005","2026-06-24","Current",false
"SVC-9D562246E244","CON-4B4101C4A334","D1012","2026-05-25","Current",false
"SVC-D5226830C222","CON-4B4101C4A334","D1012","2026-06-24","Current",false
"SVC-D07EA0307D08","CON-59F130FFBB89","D1005","2026-05-25","Current",false
"SVC-66CF971487F4","CON-59F130FFBB89","D1005","2026-06-24","Current",false
"SVC-78362F3521E6","CON-4905127C4C17","D1014","2026-05-25","Current",false
"SVC-DFE8F3A9897D","CON-4905127C4C17","D1014","2026-06-24","Current",false
"SVC-787617D5A914","CON-A9570448FBDF","D1005","2026-05-25","Current",false
"SVC-E2A765AEC95B","CON-A9570448FBDF","D1005","2026-06-24","Current",false
"SVC-B2E5B2BF5EA4","CON-85237198ABB6","D1002","2026-05-25","Current",false
"SVC-23947AD0A217","CON-85237198ABB6","D1002","2026-06-24","Current",false
"SVC-2BA8CE857357","CON-7EBE6D46BA83","D1005","2026-05-26","Current",false
"SVC-4CE248BE174D","CON-7EBE6D46BA83","D1005","2026-06-25","Current",false
"SVC-C54640E2BD04","CON-0979A9752C0F","D1006","2026-05-26","30",true
"SVC-1ACFB44C4B28","CON-0979A9752C0F","D1006","2026-06-25","Current",false
"SVC-E490A71986CC","CON-BF5583652E3A","D1010","2026-05-26","Current",false
"SVC-8A11C9D477D1","CON-BF5583652E3A","D1010","2026-06-25","Current",false
"SVC-211FA6F2DD0C","CON-FC86CAC34845","D1007","2026-05-26","Current",false
"SVC-4FECE00692A2","CON-FC86CAC34845","D1007","2026-06-25","Current",false
"SVC-643B17B8ABEC","CON-AFB6B67406E2","D1012","2026-05-26","Current",false
"SVC-193A2CAC941D","CON-AFB6B67406E2","D1012","2026-06-25","Current",false
"SVC-4314C7C77BC2","CON-8E39CEB2274B","D1001","2026-05-26","Current",false
"SVC-5DED71F63B09","CON-8E39CEB2274B","D1001","2026-06-25","Current",false
"SVC-9D75D52A4CFE","CON-AE2BFC4348B5","D1008","2026-05-26","Current",false
"SVC-3D3CE1473E90","CON-AE2BFC4348B5","D1008","2026-06-25","Current",false
"SVC-444AC81AFD11","CON-03CACA05B82C","D1007","2026-05-26","Current",false
"SVC-DA2067FC0799","CON-03CACA05B82C","D1007","2026-06-25","Current",false
"SVC-33B3C68107FC","CON-9B491B58C384","D1008","2026-05-26","Current",false
"SVC-329BAE799762","CON-9B491B58C384","D1008","2026-06-25","Current",false
"SVC-305F0F9F5648","CON-1AFDAB0C02E0","D1005","2026-05-26","Current",false
"SVC-2AEE797D9D0A","CON-1AFDAB0C02E0","D1005","2026-06-25","Current",false
"SVC-24A54F61E04F","CON-AC33DF8C9E95","D1005","2026-05-26","Current",false
"SVC-BD5D5DC3F89C","CON-AC33DF8C9E95","D1005","2026-06-25","Current",false
"SVC-53F30DBC2976","CON-B84E50611F4F","D1015","2026-05-26","Current",false
"SVC-E71421E694CF","CON-B84E50611F4F","D1015","2026-06-25","Current",false
"SVC-F251D764F7FA","CON-ECCD44C0C8BA","D1003","2026-05-26","Current",false
"SVC-5720F793EA3D","CON-ECCD44C0C8BA","D1003","2026-06-25","Current",false
"SVC-1E426B423A88","CON-1713FF6A6CBB","D1004","2026-05-26","Current",false
"SVC-58E6624DFEC4","CON-1713FF6A6CBB","D1004","2026-06-25","Current",false
"SVC-34ECEB5CDDDA","CON-8AB5390487BC","D1002","2026-05-26","Current",false
"SVC-5D465A8F006A","CON-8AB5390487BC","D1002","2026-06-25","Current",false
"SVC-ACDBB4E7625F","CON-68A6088247B4","D1004","2026-05-26","Current",false
"SVC-02803F9AACA9","CON-68A6088247B4","D1004","2026-06-25","Current",false
"SVC-F4A8D2BF1DFA","CON-0871FDC18172","D1002","2026-05-26","Current",false
"SVC-A8B83029C19D","CON-0871FDC18172","D1002","2026-06-25","Current",false
"SVC-EDB53AAB4EF9","CON-8E1C2E7C5CA4","D1001","2026-05-26","Current",false
"SVC-9060094F79B8","CON-8E1C2E7C5CA4","D1001","2026-06-25","Current",false
"SVC-C569DEC69D30","CON-09CD53540A02","D1005","2026-05-26","Current",false
"SVC-AC321F4CB272","CON-09CD53540A02","D1005","2026-06-25","Current",false
"SVC-2E014D4EF012","CON-68A134037704","D1002","2026-05-26","Current",false
"SVC-8AB0B2C9CD54","CON-68A134037704","D1002","2026-06-25","Current",false
"SVC-ACEF53C9F6F9","CON-76EA69428E0C","D1005","2026-05-26","Current",false
"SVC-E94B4392D2C9","CON-76EA69428E0C","D1005","2026-06-25","Current",false
"SVC-E054346F9B46","CON-A222337E1823","D1002","2026-05-26","Current",false
"SVC-4CF9B7B8EA51","CON-A222337E1823","D1002","2026-06-25","Current",false
"SVC-68C92F977280","CON-77FDC39FBD92","D1002","2026-05-26","Current",false
"SVC-5A29D8E023C9","CON-77FDC39FBD92","D1002","2026-06-25","Current",false
"SVC-93CDC7E09EAA","CON-0B259E508815","D1002","2026-05-26","Current",false
"SVC-FC1AFFA884FF","CON-0B259E508815","D1002","2026-06-25","Current",false
"SVC-9C8F2CEEBEE7","CON-2F2F986E3CE9","D1008","2026-05-26","Current",false
"SVC-F82D8B4AD38E","CON-2F2F986E3CE9","D1008","2026-06-25","Current",false
"SVC-8CCFE6028864","CON-C8B608E832A5","D4471","2026-05-26","Current",false
"SVC-D0CC894AACF3","CON-C8B608E832A5","D4471","2026-06-25","Current",false
"SVC-0220927061EC","CON-F72D3EEAE014","D1008","2026-05-26","Current",false
"SVC-34BA1FA4D5D9","CON-F72D3EEAE014","D1008","2026-06-25","Current",false
"SVC-4120CEF9666C","CON-BEA5CF1E3C22","D4471","2026-05-26","Current",false
"SVC-2F900AF1509B","CON-BEA5CF1E3C22","D4471","2026-06-25","Current",false
"SVC-787B49973EA0","CON-355F60A9DB4B","D1008","2026-05-26","Current",false
"SVC-E383A2041213","CON-355F60A9DB4B","D1008","2026-06-25","Current",false
"SVC-3E513BD317AE","CON-E9AFAC29B4E7","D4471","2026-05-26","Current",false
"SVC-E4B4C25541C1","CON-E9AFAC29B4E7","D4471","2026-06-25","Current",false
"SVC-66E4D534F25F","CON-BC0F4F257907","D4471","2026-05-26","Current",false
"SVC-EEDEC5E234AC","CON-BC0F4F257907","D4471","2026-06-25","Current",false
"SVC-D2954FEBBA6C","CON-AD4C64344B18","D4471","2026-05-26","Current",false
"SVC-C8567791512F","CON-AD4C64344B18","D4471","2026-06-25","Current",false
"SVC-678965A6C042","CON-D27411246292","D1001","2026-05-26","Current",false
"SVC-AA00CD2870BE","CON-D27411246292","D1001","2026-06-25","Current",false
"SVC-F388CC7EB130","CON-A802AB961F5A","D1003","2026-05-26","Current",false
"SVC-ACCF39DD8402","CON-A802AB961F5A","D1003","2026-06-25","Current",false
"SVC-B1E25928D141","CON-40C0BD86C47F","D1001","2026-05-26","Current",false
"SVC-441853710A19","CON-40C0BD86C47F","D1001","2026-06-25","Current",false
"SVC-E60ED60C0D3A","CON-71CF8D793FD4","D1009","2026-05-26","Current",false
"SVC-7C61BE4CFF01","CON-71CF8D793FD4","D1009","2026-06-25","Current",false
"SVC-0B8BB2DC6F0C","CON-6A82D5E7A1F5","D1011","2026-05-27","Current",false
"SVC-ABA3215EB383","CON-0692FDDE5541","D1003","2026-05-27","Current",false
"SVC-E08A612C842C","CON-5F0271F144E1","D1007","2026-05-27","Current",false
"SVC-D25C21DC3879","CON-289A7EC50D62","D1008","2026-05-27","60",true
"SVC-0BEA93FA75A3","CON-CB69640AE569","D1011","2026-05-27","Current",false
"SVC-ABAE977F95FE","CON-F6AC89358FE9","D1012","2026-05-27","Current",false
"SVC-C50B87344644","CON-003ED7C3B67D","D1006","2026-05-27","Current",false
"SVC-D1BEB5F95B2C","CON-61E644C3D54A","D1007","2026-05-27","Current",false
"SVC-D9CBD2855347","CON-970B67530585","D1003","2026-05-27","Current",false
"SVC-1E29D4A72CB5","CON-9627CF7A8573","D1009","2026-05-27","Current",false
"SVC-5276B55640E8","CON-C23931240529","D1001","2026-05-27","Current",false
"SVC-DEA9FEC114A1","CON-7211D51D7968","D1001","2026-05-27","Current",false
"SVC-19222807E41E","CON-6BD99BB0A4C0","D1001","2026-05-27","Current",false
"SVC-68FFE8D85D65","CON-289AD2C3638E","D1002","2026-05-27","Current",false
"SVC-FAAC446A914D","CON-D1228A47BDC2","D1002","2026-05-27","Current",false
"SVC-897B4ED5FB16","CON-E4FD98A43447","D1002","2026-05-27","Current",false
"SVC-CD97332127AE","CON-C595820BB8DF","D1002","2026-05-27","Current",false
"SVC-1B5D676E97D4","CON-38E4BE8A2944","D1001","2026-05-27","Current",false
"SVC-8815E7264A4A","CON-847449808983","D1001","2026-05-27","Current",false
"SVC-6945755B66C5","CON-1BBFE36ADC5F","D1004","2026-05-27","Current",false
"SVC-5C5F67A960DE","CON-6DF6AF295987","D1003","2026-05-27","Current",false
"SVC-CDD959D4BF97","CON-2488DA666F62","D1005","2026-05-27","Current",false
"SVC-CC34312E95D6","CON-E30B7910BE94","D4471","2026-05-27","Current",false
"SVC-6C51D2DE10E1","CON-99627312E3E3","D1010","2026-05-27","Current",false
"SVC-F6AA1B10703A","CON-211799C392A5","D1005","2026-05-27","Current",false
"SVC-76FD41E57487","CON-FAADA9C5B2DC","D1007","2026-05-27","Current",false
"SVC-2B71980BD54D","CON-75D36C0A9CAB","D1005","2026-05-27","Current",false
"SVC-7D6D3399126E","CON-46F55F989719","D1004","2026-05-27","Current",false
"SVC-D7BF75FF6CBB","CON-752E79EC12A4","D1008","2026-05-27","Current",false
"SVC-C141223643D3","CON-1C15CE85BDBA","D1003","2026-05-27","Current",false
"SVC-D75ADBEB9B26","CON-3E854251E713","D1003","2026-05-27","Current",false
"SVC-6D7FF3BDECDD","CON-7D6882E34956","D1005","2026-05-27","Current",false
"SVC-3D7E9F300D90","CON-AEF2088A2EB4","D1009","2026-05-27","Current",false
"SVC-3A2D7DB30665","CON-A3AE5B6D1646","D1004","2026-05-27","Current",false
"SVC-4A75B0FEEC94","CON-24892367351A","D1015","2026-05-27","Current",false
"SVC-9199F5A0C239","CON-47741A7BB2EE","D1005","2026-05-27","Current",false
"SVC-5C5493894D0C","CON-34FC3171C7BC","D1002","2026-05-28","Current",false
"SVC-B2AE541B0591","CON-4EAEA410B4AF","D4471","2026-05-28","Current",false
"SVC-F0E596FF8D9C","CON-3F18FF469F6D","D4471","2026-05-28","30",true
"SVC-B2853CAD1CED","CON-3CB0C979B16E","D4471","2026-05-28","Current",false
"SVC-E0F3DC7F4B78","CON-DE774F98C91F","D4471","2026-05-28","Current",false
"SVC-62434F33D3BC","CON-FCC5794F1303","D1004","2026-05-28","90+",true
"SVC-7DC65C208109","CON-60BA7FAB0473","D4471","2026-05-28","Current",false
"SVC-ADCAF6E8CC60","CON-1E0640EA599F","D1001","2026-05-28","Current",false
"SVC-382FB1B6436C","CON-F798795C8F43","D1005","2026-05-28","Current",false
"SVC-3F5710AA84AE","CON-63A7FD6C2B51","D1007","2026-05-28","Current",false
"SVC-9D20C52CC3B8","CON-AE207775A7CB","D1004","2026-05-28","Current",false
"SVC-018268DA3CA9","CON-787D9D2F774C","D1004","2026-05-28","Current",false
"SVC-6E226DC31F3D","CON-62F80AA568A9","D1004","2026-05-28","Current",false
"SVC-B284693C98A1","CON-975EC8DD0756","D1004","2026-05-28","Current",false
"SVC-CE663B8EB7FF","CON-EF8888D3F3BF","D1004","2026-05-28","Current",false
"SVC-07A97E2F5B19","CON-E85EFD022CDE","D1004","2026-05-28","Current",false
"SVC-FCE33FD42B50","CON-54ABE0DD1E0A","D1005","2026-05-28","Current",false
"SVC-557C22792676","CON-92675D19FEEF","D1002","2026-05-28","Current",false
"SVC-D568BD889943","CON-D4C4BF09D48B","D1007","2026-05-28","Current",false
"SVC-738DBE01F6FB","CON-283E14283070","D1013","2026-05-28","Current",false
"SVC-76DE089F3183","CON-E8715ACC7706","D1003","2026-05-28","Current",false
"SVC-25F1BAB531B7","CON-5FD3C8B7000D","D1002","2026-05-28","Current",false
"SVC-25047BFF4C8D","CON-9C7D341D4DEF","D1003","2026-05-28","Current",false
"SVC-3773973C9013","CON-E9C8B4F42BEC","D1003","2026-05-28","Current",false
"SVC-304913DAC004","CON-3E02C4DD8852","D1007","2026-05-28","Current",false
"SVC-FCA4524594D1","CON-8591AFAA9AB8","D1005","2026-05-28","Current",false
"SVC-0948596599B5","CON-A2A64DC85DB8","D1012","2026-05-28","Current",false
"SVC-BCECE53FB7B9","CON-261139F64BCC","D1010","2026-05-28","Current",false
"SVC-709279647C6B","CON-E1334E9889BF","D1010","2026-05-28","Current",false
"SVC-2FB72EBF1465","CON-D7B14161B1DF","D1010","2026-05-28","Current",false
"SVC-54D703C2D137","CON-A6C3E1BC75C1","D1006","2026-05-28","Current",false
"SVC-A2D9FD2C26F6","CON-EDF045A41784","D1005","2026-05-28","Current",false
"SVC-CC857AB7B76B","CON-F94BAEB846C7","D1013","2026-05-28","Current",false
"SVC-03E22982C6F2","CON-5295BF7F3BEF","D1006","2026-05-28","Current",false
"SVC-C1FA28ABA1F0","CON-A528CAF5FFBE","D1007","2026-05-28","Current",false
"SVC-66034C3AED4E","CON-1DB0D76262F6","D1003","2026-05-28","Current",false
"SVC-85322C594F9A","CON-4578710E0356","D1003","2026-05-28","Current",false
"SVC-4A708DA0FD27","CON-7879B15AF452","D4471","2026-05-28","Current",false
"SVC-D0E0F9CD1E5A","CON-B067D6816647","D1010","2026-05-29","Current",false
"SVC-10B13BFEE62E","CON-0868A4F101C9","D1007","2026-05-29","Current",false
"SVC-3E9E4838EE19","CON-8F8CA1C059CC","D1002","2026-05-29","Current",false
"SVC-AC76B48CD295","CON-750C3FC4BA96","D1007","2026-05-29","Current",false
"SVC-848A14F99795","CON-B50B0C02849B","D1003","2026-05-29","Current",false
"SVC-460F171FB2F0","CON-495D13B6AA7A","D1007","2026-05-29","Current",false
"SVC-E4DC4B1447DF","CON-7DB2061A10AF","D1002","2026-05-29","Current",false
"SVC-7CB977E3BB81","CON-CBACF2EC8313","D1015","2026-05-29","Current",false
"SVC-B4F1D457F3AC","CON-0494C5286C27","D1003","2026-05-29","Current",false
"SVC-58BF87E42013","CON-502484B0E8FF","D1005","2026-05-29","Current",false
"SVC-EAE1F74A6E08","CON-44DB21D15685","D1005","2026-05-29","Current",false
"SVC-AD82B3AB440C","CON-F8FA6DAAE1FE","D1001","2026-05-29","Current",false
"SVC-4C302EF95292","CON-B9DFCFC74A97","D1003","2026-05-29","Current",false
"SVC-349C9C50B290","CON-99EDA140E9C9","D1003","2026-05-29","Current",false
"SVC-C2640807915D","CON-FAB776C33C02","D1003","2026-05-29","Current",false
"SVC-AF1C5FEAB7B8","CON-BC7102FFE4F0","D1010","2026-05-29","Current",false
"SVC-3EF386E84DCD","CON-50DEB38B81BB","D1010","2026-05-29","Current",false
"SVC-6FBFC1E69C3F","CON-AC60625638C6","D1010","2026-05-29","Current",false
"SVC-BB1D6572AF3E","CON-5AD37BE67D20","D1003","2026-05-29","Current",false
"SVC-6BB59A2EF606","CON-54EDC18E9F85","D1015","2026-05-29","Current",false
"SVC-940A362EF2FE","CON-B7A7A4EE1530","D1009","2026-05-29","Current",false
"SVC-51D6CB6540AC","CON-FADF83C7D060","D1002","2026-05-29","Current",false
"SVC-EB1B0DB6D987","CON-164F2B64CC6E","D1009","2026-05-29","Current",false
"SVC-22CE3823FF87","CON-BC94D3D21EEE","D1002","2026-05-29","Current",false
"SVC-9803BC6C1938","CON-60D7A677EEDD","D1002","2026-05-29","Current",false
"SVC-319443442268","CON-DEAFE8181A0D","D1007","2026-05-30","Current",false
"SVC-84BED7EF86AA","CON-E9CDAE895653","D1004","2026-05-30","Current",false
"SVC-7374844A798D","CON-5980628C6D7E","D1005","2026-05-30","30",true
"SVC-82CB82F1F8F8","CON-5EB3FCC1581C","D1005","2026-05-30","Current",false
"SVC-71DA372839EE","CON-A81AA753F8A1","D1005","2026-05-30","Current",false
"SVC-ECB18066FEDB","CON-F93C5F2CA192","D1005","2026-05-30","Current",false
"SVC-646B4619705C","CON-DED723CAABD3","D1003","2026-05-30","Current",false
"SVC-85938F4A96DE","CON-D4CADDDE7C23","D1008","2026-05-30","Current",false
"SVC-72E48F5D9734","CON-A50FF95EA7F3","D1004","2026-05-30","Current",false
"SVC-85C10E986BE3","CON-D2F53F94B6DC","D1008","2026-05-30","Current",false
"SVC-8B0034BEE241","CON-D5E2FF03AE68","D1011","2026-05-30","Current",false
"SVC-1FACB3980809","CON-147B4E546B45","D1011","2026-05-30","Current",false
"SVC-EAB5C03C50DB","CON-119C0D619437","D1011","2026-05-30","Current",false
"SVC-E4DB94E8C84B","CON-D793F16749B2","D1003","2026-05-30","Current",false
"SVC-550E70FAE5BB","CON-E1C23E5F37B0","D1003","2026-05-30","Current",false
"SVC-22092829F32C","CON-BD5377A8AEDA","D1005","2026-05-30","Current",false
"SVC-104F9111BD50","CON-46F098AC09EA","D1003","2026-05-30","Current",false
"SVC-6FC87F853608","CON-77125D514891","D1009","2026-05-30","Current",false
"SVC-1BC1FB9BA86D","CON-AD8F5C100D1E","D1002","2026-05-30","Current",false
"SVC-1FBAB924FA27","CON-F58565FBBFCA","D1002","2026-05-30","Current",false
"SVC-DBAE60208569","CON-83F1AF46EE29","D1002","2026-05-30","Current",false
"SVC-9AE91A25BE7F","CON-B39280A79588","D1002","2026-05-30","Current",false
"SVC-11A79A943F7A","CON-9A3F7EC15A41","D1002","2026-05-30","Current",false
"SVC-58F45EA0095D","CON-288A5B254A27","D1010","2026-05-30","Current",false
"SVC-FBA1238846A8","CON-F50DBCA0682F","D1004","2026-05-30","Current",false
"SVC-6AA020DBEEDA","CON-C214853EE7E9","D1010","2026-05-30","Current",false
"SVC-60D8C9B92B85","CON-8C7F6855726F","D1002","2026-05-30","Current",false
"SVC-8E50B081874D","CON-914962D8A8CA","D1002","2026-05-30","Current",false
"SVC-81D93817E3F5","CON-FF4615850F67","D1001","2026-05-30","Current",false
"SVC-DB41EE069D8C","CON-F0AE7E2443ED","D1001","2026-05-30","Current",false
"SVC-A7F30D413875","CON-8A67DA4D8C6B","D1001","2026-05-30","Current",false
"SVC-EFFBBED7EC7D","CON-B62ABBB076D9","D1004","2026-05-30","Current",false
"SVC-E7CCA4CDAE26","CON-92D21F52FA2A","D1002","2026-05-30","Current",false
"SVC-1C8FF7A45755","CON-374252A19447","D1003","2026-05-31","Current",false
"SVC-75EEF9AC218B","CON-0D15FEDDE56D","D1012","2026-05-31","Current",false
"SVC-5F6839F83D46","CON-4356BF6F355E","D1009","2026-05-31","Current",false
"SVC-47F20C0F1896","CON-10EAC4C58BFB","D4471","2026-05-31","Current",false
"SVC-2E3895ABED9D","CON-62E1F313260F","D1004","2026-05-31","Current",false
"SVC-F73F57D33D24","CON-0ADC561325EA","D1010","2026-05-31","Current",false
"SVC-22128AD7EF40","CON-1421D89850B6","D4471","2026-05-31","Current",false
"SVC-851987BCC869","CON-855C914ADB87","D1010","2026-05-31","Current",false
"SVC-F55DD737F33F","CON-9DFA63F1895F","D1005","2026-05-31","Current",false
"SVC-5EC47DCA740E","CON-847922CC82DF","D1005","2026-05-31","Current",false
"SVC-3011E31F0558","CON-3FAF3D90EB53","D1001","2026-05-31","Current",false
"SVC-6F6987E0CE16","CON-32B07D840F8A","D1005","2026-05-31","Current",false
"SVC-0BBAB3B60EA8","CON-2811433B1B0A","D1005","2026-05-31","Current",false
"SVC-76AB60D49180","CON-1E1734ED89F1","D1004","2026-05-31","Current",false
"SVC-F4B8C2E3661C","CON-A15928334090","D1001","2026-05-31","Current",false
"SVC-3B391DFF6EFB","CON-D81001532E3C","D1009","2026-05-31","Current",false
"SVC-E08680691319","CON-227DB6FE2BEE","D1009","2026-05-31","30",true
"SVC-014F6EF0829A","CON-EBC37BCBA692","D1002","2026-05-31","Current",false
"SVC-F8FEDA1FAA1C","CON-EF0C435ADC27","D1002","2026-05-31","Current",false
"SVC-FC9DDE475D34","CON-96DB864E59D3","D1006","2026-05-31","Current",false
"SVC-510FB5C97210","CON-963507E22081","D1003","2026-05-31","Current",false
"SVC-A6F8D7CA1F8E","CON-588E6FA6584A","D1002","2026-05-31","60",true
"SVC-0230072D8D27","CON-CAE585AC3FA2","D1003","2026-05-31","Current",false
"SVC-EB5984A42DAD","CON-0123EE5996A8","D1003","2026-05-31","Current",false
"SVC-20FAA2FFF044","CON-F167738AFE61","D1007","2026-05-31","Current",false
"SVC-D68CCC19FE59","CON-5C7CBBA29C7C","D1001","2026-05-31","Current",false
"SVC-6748B0DFFB51","CON-818953892A8F","D1011","2026-06-01","Current",false
"SVC-A4AB1AA70DAF","CON-B744AC81D28C","D1006","2026-06-01","Current",false
"SVC-196C1E2DAE5C","CON-EF62AB4222BB","D1001","2026-06-01","Current",false
"SVC-1149CB0A1694","CON-A0D8798CDA86","D1011","2026-06-01","Current",false
"SVC-DB7B947CC20F","CON-5AA42D5A801B","D1011","2026-06-01","Current",false
"SVC-A9FEB1E48166","CON-B55D357F8ADC","D1011","2026-06-01","Current",false
"SVC-FDE98F22CCF7","CON-84D80D656DF1","D1011","2026-06-01","Current",false
"SVC-D2E022B0C905","CON-8B6C358BC02F","D1012","2026-06-01","Current",false
"SVC-5433E9222780","CON-4A4E3D425D03","D1001","2026-06-01","Current",false
"SVC-D273C895A3AB","CON-BD97EC03E4A5","D1001","2026-06-01","Current",false
"SVC-349668B6A18F","CON-572E6E4416A3","D1010","2026-06-01","Current",false
"SVC-9CB99221A8EF","CON-69F94F34A19A","D1010","2026-06-01","Current",false
"SVC-8A3909394AF8","CON-98472AE5EC86","D1010","2026-06-01","Current",false
"SVC-8B06D849433E","CON-831C7B547987","D1010","2026-06-01","Current",false
"SVC-F2750E2745BC","CON-767F06116028","D1001","2026-06-01","Current",false
"SVC-30109210B2FA","CON-5F9AA52F3BDC","D1001","2026-06-01","Current",false
"SVC-30C85AF2BA48","CON-25A0C206B23A","D1001","2026-06-01","Current",false
"SVC-DD11BDFBB198","CON-A417215F154B","D1001","2026-06-01","Current",false
"SVC-51ECE05691C7","CON-E9115C6AD432","D1001","2026-06-01","Current",false
"SVC-747E96CE2E0B","CON-A757787125D0","D1009","2026-06-01","Current",false
"SVC-DECA52C7D7EE","CON-C012F4CCB60E","D1012","2026-06-01","Current",false
"SVC-54417FBB035A","CON-9C493911EDA5","D1012","2026-06-01","Current",false
"SVC-833ACF5A4275","CON-A88BBED3C9AF","D1005","2026-06-01","Current",false
"SVC-A180D22C9BAE","CON-37F2C7917ACB","D4471","2026-06-01","Current",false
"SVC-F3FDA3492F14","CON-C76B081271DF","D4471","2026-06-01","Current",false
"SVC-B4767354D1E8","CON-FA56EC1D58B4","D4471","2026-06-01","Current",false
"SVC-9E06983745A9","CON-127080C91545","D4471","2026-06-01","Current",false
"SVC-6B2C118ECC7B","CON-38F634D06791","D1007","2026-06-01","Current",false
"SVC-E01D6AB578E1","CON-8EB47E4F646D","D1004","2026-06-01","Current",false
"SVC-3B37B44A9722","CON-80513ECED930","D1004","2026-06-01","30",true
"SVC-310C86A6C032","CON-DEA44D7A7864","D1005","2026-06-01","Current",false
"SVC-346A221C3EAD","CON-68BBCF1D8AD2","D1005","2026-06-01","Current",false
"SVC-45D7A4F12A8F","CON-9C71AFCFE9E5","D1006","2026-06-01","Current",false
"SVC-D472E815EFEA","CON-8DA62501954B","D1004","2026-06-01","Current",false
"SVC-1C18C8A15568","CON-50AD7EF79EFB","D1004","2026-06-01","Current",false
"SVC-9E650AC81A2E","CON-39D530687A48","D1005","2026-06-01","Current",false
"SVC-76F4C2C5CB17","CON-E076A539FDD0","D1005","2026-06-01","Current",false
"SVC-82C6B0E02F17","CON-58321429642C","D1004","2026-06-01","Current",false
"SVC-8443F858116F","CON-C2716A6DBCCC","D1002","2026-06-01","Current",false
"SVC-4645D2CD733E","CON-AC67EC492E22","D1008","2026-06-01","Current",false
"SVC-40A92922A0A7","CON-B4DCD34E0084","D1002","2026-06-01","Current",false
"SVC-336975092752","CON-DA59FA905AC0","D1003","2026-06-01","Current",false
"SVC-81F35ACF7B72","CON-23001F92ED64","D1002","2026-06-01","Current",false
"SVC-50B7F4BBDBBB","CON-8EC83EC2A1C2","D1003","2026-06-01","Current",false
"SVC-E9E6BD363AB5","CON-9F3AD8CD1610","D1003","2026-06-01","Current",false
"SVC-EC83F071CF90","CON-63C22E1B7884","D4471","2026-06-01","Current",false
"SVC-C0F32AEC2E95","CON-C7509FA1CA6E","D1003","2026-06-01","Current",false
"SVC-E2011BD871F4","CON-DA1139400B38","D1005","2026-06-02","Current",false
"SVC-B3065B82584A","CON-16752A924E3D","D1014","2026-06-02","Current",false
"SVC-ED810B790BDD","CON-93CF200F487B","D1001","2026-06-02","Current",false
"SVC-E33655D63AAD","CON-EE66B69EFCFE","D1007","2026-06-02","Current",false
"SVC-5D80EEA4BFD5","CON-9306C240A3BE","D1007","2026-06-02","30",true
"SVC-8F78C8DD7F61","CON-1F0F8D5DD986","D1007","2026-06-02","Current",false
"SVC-63667BD517DC","CON-E7F8FB0F400C","D1004","2026-06-02","Current",false
"SVC-2D4E0A994840","CON-860954DA1276","D1011","2026-06-02","Current",false
"SVC-8AFA209B47A7","CON-992D807DB982","D1011","2026-06-02","Current",false
"SVC-2C91958F23F8","CON-8BA42EBCB265","D1002","2026-06-02","Current",false
"SVC-73B84E90D54F","CON-6FDE190DB95A","D1013","2026-06-02","Current",false
"SVC-1AA229AEB855","CON-4EFCAF8B5842","D1001","2026-06-02","Current",false
"SVC-45A02F7834BC","CON-BE2A2B3F853B","D4471","2026-06-02","Current",false
"SVC-5101FC639F19","CON-CDFD08939B98","D1006","2026-06-02","Current",false
"SVC-2D57A2C23C50","CON-02D1EAED53CA","D1006","2026-06-02","Current",false
"SVC-126880DCBA32","CON-ED2DE3C6B804","D1002","2026-06-02","Current",false
"SVC-DB79C4C5DA26","CON-298C495A2108","D1004","2026-06-02","Current",false
"SVC-A427BDE2FD09","CON-F88622B27FE9","D1004","2026-06-02","Current",false
"SVC-572B4FE9DEE7","CON-8C811020BD03","D1005","2026-06-02","Current",false
"SVC-BF8A62582430","CON-A530B7BACF58","D1005","2026-06-02","Current",false
"SVC-1C62AAC17538","CON-3CFDCCF89582","D1004","2026-06-02","Current",false
"SVC-292DAF0874CA","CON-B4D2D68BC566","D1004","2026-06-02","Current",false
"SVC-419165EFE4F6","CON-5A8648BC5F05","D1004","2026-06-02","Current",false
"SVC-5B5B05CA8EB6","CON-07351CEF7C46","D1004","2026-06-02","Current",false
"SVC-DA007F20B6B8","CON-235875DB4F34","D1005","2026-06-02","Current",false
"SVC-0205070D9955","CON-C635592CA4AF","D1004","2026-06-02","Current",false
"SVC-3B0F3FEA3D98","CON-A600A0DFC1CE","D1003","2026-06-02","Current",false
"SVC-86ACA70839C8","CON-5EF4580BA78F","D1005","2026-06-02","Current",false
"SVC-693739ACAC6D","CON-12051A26845B","D1003","2026-06-02","Current",false
"SVC-A8ECE9206AB1","CON-BD8484B67959","D1007","2026-06-02","Current",false
"SVC-0CA020D0F5B7","CON-506369F6E8BF","D1002","2026-06-03","Current",false
"SVC-46333F22FE52","CON-E42E9ADEB2F2","D1014","2026-06-03","Current",false
"SVC-8D64D211E476","CON-8328D66357B0","D1001","2026-06-03","Current",false
"SVC-371D355FDABD","CON-9656BB468032","D1002","2026-06-03","Current",false
"SVC-DBE8A5CF7D1B","CON-95A1520877C5","D1001","2026-06-03","Current",false
"SVC-971B59F2D290","CON-E8593F347A29","D1001","2026-06-03","Current",false
"SVC-41DBC9B8BD78","CON-099397103321","D1008","2026-06-03","Current",false
"SVC-F035137AC735","CON-AF711078AFDD","D4471","2026-06-03","Current",false
"SVC-6BBD33CD4B71","CON-65CC618CB5CA","D1004","2026-06-03","Current",false
"SVC-435A54EDC536","CON-AD19DD96F4DB","D1013","2026-06-03","Current",false
"SVC-B011A2017426","CON-B1AD71CEEFD3","D1011","2026-06-03","Current",false
"SVC-61CBDE9AA67E","CON-8BC30A8E5CFD","D1005","2026-06-03","Current",false
"SVC-2AD8B4E476FF","CON-218A215BE5F3","D1005","2026-06-03","Current",false
"SVC-2BFFF82E62CF","CON-74A508047CE7","D1005","2026-06-03","Current",false
"SVC-4166123BDB33","CON-96BE00FBC05B","D1003","2026-06-03","Current",false
"SVC-706F59AAF656","CON-0EDE92964248","D1003","2026-06-03","Current",false
"SVC-7F238548A921","CON-1861CCEA24E1","D1003","2026-06-03","Current",false
"SVC-C079B055826B","CON-9C206CE6FAFC","D1003","2026-06-03","Current",false
"SVC-503FF08FDE0B","CON-60C2753CDAA0","D1003","2026-06-03","Current",false
"SVC-0509FE113825","CON-DB735903ED57","D1003","2026-06-03","Current",false
"SVC-CA98DE9B923B","CON-0472B2140A0C","D1003","2026-06-03","Current",false
"SVC-99A06D82AA7E","CON-27639DBC28EB","D1003","2026-06-03","Current",false
"SVC-4EFD74A2C891","CON-932854C21A7A","D1003","2026-06-03","Current",false
"SVC-D92BF410B050","CON-ABFE7902DA64","D1008","2026-06-03","Current",false
"SVC-97D23D79E62D","CON-0AEA036D37F1","D1008","2026-06-03","Current",false
"SVC-36E05CF768D3","CON-FF7BE04333FC","D1002","2026-06-03","Current",false
"SVC-BD4A35E16071","CON-54E3CACDFB7E","D1002","2026-06-03","Current",false
"SVC-17BB639F471C","CON-5C62200990D5","D1002","2026-06-03","Current",false
"SVC-C26FFD88825D","CON-C6B8C21019A1","D1002","2026-06-03","Current",false
"SVC-B4E8311EEF70","CON-9010DBCAA093","D1009","2026-06-03","Current",false
"SVC-EE0A7D72939F","CON-04301E0D0C16","D1009","2026-06-03","Current",false
"SVC-4CFB6F4F5704","CON-76714322F43D","D1004","2026-06-03","Current",false
"SVC-27CBF628A330","CON-03D02A91AEDC","D1006","2026-06-03","Current",false
"SVC-5B3F73DD1BDC","CON-AC7C4D6B2940","D1002","2026-06-04","Current",false
"SVC-87A04DA8816D","CON-FC881C901AFF","D1009","2026-06-04","Current",false
"SVC-9B8E72A37F5F","CON-692567B07D40","D4471","2026-06-04","Current",false
"SVC-BEE6E6975622","CON-9786BFDD9673","D1004","2026-06-04","Current",false
"SVC-19407871D116","CON-91130D793CE9","D4471","2026-06-04","Current",false
"SVC-421844AC42CD","CON-5C5CA30F70C1","D1003","2026-06-04","Current",false
"SVC-6C7BB6B68A4F","CON-C12CC6F3CB13","D1014","2026-06-04","Current",false
"SVC-3D8F56F278E2","CON-35B520B4C703","D1003","2026-06-04","Current",false
"SVC-159411801BEF","CON-B5D6AC093E50","D1003","2026-06-04","Current",false
"SVC-C044B9A1A55C","CON-9B062A90FE10","D1011","2026-06-04","Current",false
"SVC-3160B548DE78","CON-8851A59607D8","D1003","2026-06-04","Current",false
"SVC-95B49A9BFC15","CON-F505EECDF57F","D4471","2026-06-04","Current",false
"SVC-8ADB7B7E416A","CON-FCA30A7A5958","D4471","2026-06-04","Current",false
"SVC-D2410E9A1373","CON-3FE7AA77C62E","D1006","2026-06-04","Current",false
"SVC-22E624959B09","CON-3F953876326D","D1006","2026-06-04","Current",false
"SVC-27592BA108DA","CON-67FCAB415C6D","D1008","2026-06-04","Current",false
"SVC-E4012CA0124D","CON-34971E02F9EA","D1008","2026-06-04","Current",false
"SVC-D968CAD67757","CON-685FAD2D9E6E","D1004","2026-06-04","Current",false
"SVC-498C46BDC208","CON-A491972629D2","D1005","2026-06-04","Current",false
"SVC-9911415B4EF7","CON-14C64A56463D","D1003","2026-06-04","Current",false
"SVC-0B4207185B70","CON-D645E009C2DA","D1003","2026-06-04","Current",false
"SVC-35EDBA878728","CON-96D08BF9F55B","D1015","2026-06-04","Current",false
"SVC-F5F474B4A138","CON-74D5F0640D8D","D1004","2026-06-04","Current",false
"SVC-105C5056EDFD","CON-9A8DBBD99428","D1005","2026-06-04","Current",false
"SVC-84B23935AAA5","CON-7105FE3E2F64","D1001","2026-06-04","Current",false
"SVC-EE0514372B72","CON-3208F1FD88EE","D1001","2026-06-04","Current",false
"SVC-BF0A71CE8C92","CON-4399E06150B9","D1001","2026-06-04","Current",false
"SVC-B07D55C1C549","CON-51C02DAB3ED5","D1001","2026-06-04","Current",false
"SVC-2FF5AE633A12","CON-3EE0E510B877","D1012","2026-06-04","Current",false
"SVC-D09735198922","CON-295A0EEC69DA","D1005","2026-06-04","Current",false
"SVC-2A0F07FEBC94","CON-212A96DB9A33","D1002","2026-06-04","Current",false
"SVC-E2CB21E43806","CON-5804AE032333","D1001","2026-06-04","Current",false
"SVC-2EC38345C024","CON-AF7300BAA3BE","D1002","2026-06-04","Current",false
"SVC-7590D69D2CE7","CON-998CD16486A6","D1004","2026-06-04","Current",false
"SVC-D6684B1BB22B","CON-AC4480FFE262","D1012","2026-06-04","Current",false
"SVC-F43FC44865AC","CON-71FB21F9668C","D1002","2026-06-05","Current",false
"SVC-8A32D1219BC1","CON-4F61B03703DA","D1006","2026-06-05","Current",false
"SVC-9994643CC7A9","CON-3F7DC0FE1983","D1007","2026-06-05","Current",false
"SVC-05470A253E79","CON-D774BD4E4D0B","D1001","2026-06-05","Current",false
"SVC-1F229CCFF021","CON-52099558AEC6","D1001","2026-06-05","Current",false
"SVC-D59BF9F02DFF","CON-E1417DC8347B","D1001","2026-06-05","Current",false
"SVC-14A9C20EB7D2","CON-19DB535EBD63","D1010","2026-06-05","Current",false
"SVC-20C30D1525C3","CON-840578B9236D","D1010","2026-06-05","Current",false
"SVC-0DB34F1FC1E7","CON-BC0DA1EEDAC4","D1010","2026-06-05","Current",false
"SVC-3FF452898D63","CON-4D3753351204","D1008","2026-06-05","Current",false
"SVC-E0BF7BA2BCDC","CON-CE88081AA276","D1008","2026-06-05","Current",false
"SVC-C64D60CCF08B","CON-0374814B5DEB","D1004","2026-06-05","Current",false
"SVC-84D3F93B0905","CON-4E1AEAC1E6BB","D1012","2026-06-05","Current",false
"SVC-ECC9516B8ACF","CON-7E07759251E4","D1014","2026-06-05","Current",false
"SVC-8A6DF1EEF770","CON-6632761E9418","D1011","2026-06-05","Current",false
"SVC-236B9D9E9F66","CON-DFD1D04F65A4","D1005","2026-06-05","Current",false
"SVC-265BFA5661B2","CON-161319EE2978","D1003","2026-06-05","Current",false
"SVC-96B38F4365B7","CON-70B90340B500","D1005","2026-06-05","Current",false
"SVC-70BD5F4BAF29","CON-8186DF322600","D4471","2026-06-05","Current",false
"SVC-E11290E589D9","CON-902D4895B8E4","D1005","2026-06-05","Current",false
"SVC-28820E3D4914","CON-D166F7460E2F","D1007","2026-06-05","Current",false
"SVC-D646C741DC85","CON-828A1549044A","D1004","2026-06-06","Current",false
"SVC-28470C5FB324","CON-5189EC0E749C","D1006","2026-06-06","Current",false
"SVC-E6CB82E54D95","CON-34B5B0ED14C1","D1003","2026-06-06","Current",false
"SVC-1738F329CC04","CON-1847BAC50DB0","D1004","2026-06-06","Current",false
"SVC-47D3CE274AA7","CON-7E96F87247C6","D1004","2026-06-06","Current",false
"SVC-3FCF17D0052B","CON-F7477A23E1C1","D1001","2026-06-06","Current",false
"SVC-F20EFEBC392D","CON-CD6D8688BDED","D1004","2026-06-06","Current",false
"SVC-87EEA7F841A2","CON-9E6B987F35ED","D1004","2026-06-06","Current",false
"SVC-5E69C549F082","CON-234F541824D2","D1005","2026-06-06","Current",false
"SVC-03E01A5DA224","CON-1B388DCA255F","D1004","2026-06-06","Current",false
"SVC-E24815E25F5A","CON-9F572BA8D59A","D1005","2026-06-06","Current",false
"SVC-FD2851425070","CON-38831276A740","D1011","2026-06-06","Current",false
"SVC-F15888519B0F","CON-3B58BE100329","D1005","2026-06-06","Current",false
"SVC-D576099C5B22","CON-C9892E7FA368","D1004","2026-06-06","Current",false
"SVC-938602A4DDCB","CON-F6FE4E10EBA3","D1003","2026-06-06","Current",false
"SVC-24E31A76056F","CON-E499D8916E1A","D1001","2026-06-06","Current",false
"SVC-EA86F84233E6","CON-EE7B584A5311","D1001","2026-06-06","Current",false
"SVC-19CFF8AF2CB9","CON-1CC77502B3CC","D1001","2026-06-06","Current",false
"SVC-AD64803C2F16","CON-D66E7BB0249B","D1003","2026-06-06","Current",false
"SVC-F0BA598A474D","CON-6ED48BF6A76E","D1009","2026-06-06","Current",false
"SVC-A7EC8FF2F7E0","CON-DA7BABC2D820","D1002","2026-06-06","Current",false
"SVC-1F372434C805","CON-CFE136200561","D1002","2026-06-06","Current",false
"SVC-838F39B58745","CON-707DA18AB83C","D1002","2026-06-06","Current",false
"SVC-69D721501A49","CON-5A67B089304D","D1003","2026-06-06","Current",false
"SVC-CB03E6CB67F5","CON-9283CB41F16F","D4471","2026-06-06","Current",false
"SVC-4CDA9509F3ED","CON-1FFB1A815652","D4471","2026-06-06","Current",false
"SVC-92E6E4DFE70B","CON-7923A0C005DD","D1003","2026-06-06","Current",false
"SVC-E17C4404CEC5","CON-FD2521D40AE3","D1006","2026-06-06","Current",false
"SVC-BA1095DBE648","CON-5C02F93C6E32","D1006","2026-06-06","Current",false
"SVC-19F83AC40563","CON-898E8C49B976","D1010","2026-06-06","Current",false
"SVC-299466032FCF","CON-88E0E017C922","D1003","2026-06-06","Current",false
"SVC-839EBDB6775E","CON-74F348DD966D","D1008","2026-06-06","Current",false
"SVC-63B75AC74CD4","CON-9E982B629A01","D1001","2026-06-06","Current",false
"SVC-FC3A198C7F62","CON-0DDA1ADB03B4","D1002","2026-06-06","Current",false
"SVC-79878FB647A5","CON-59A563F366B1","D1002","2026-06-06","Current",false
"SVC-A5EA51D74298","CON-2DBB645D2D28","D1001","2026-06-06","Current",false
"SVC-75CE299173AD","CON-085D706067D4","D1001","2026-06-07","Current",false
"SVC-0ACA3EA8D3E2","CON-2838A5DBC30E","D1004","2026-06-07","Current",false
"SVC-A8C9E822D7B3","CON-F48DFBC7D32C","D1011","2026-06-07","Current",false
"SVC-470DE608D1B5","CON-7ED4EA36379D","D1003","2026-06-07","Current",false
"SVC-9AD6A01DD24D","CON-07DCD9CEFCA6","D1011","2026-06-07","Current",false
"SVC-90567DA738BF","CON-A93E5C0D65E8","D1011","2026-06-07","Current",false
"SVC-5838D7DAC4D7","CON-3D0CF50BE8F3","D1011","2026-06-07","Current",false
"SVC-670315D8A730","CON-2336F1F99471","D1011","2026-06-07","Current",false
"SVC-1E8DF382EB58","CON-A148A5DBEEEF","D1001","2026-06-07","Current",false
"SVC-6B3BEE438903","CON-0870A6C4D77A","D1003","2026-06-07","Current",false
"SVC-1277F46EC193","CON-2EB2CF40A2D4","D1001","2026-06-07","Current",false
"SVC-F6655490A6A3","CON-C4A6F9F0BC89","D1007","2026-06-07","Current",false
"SVC-4C96D4BB2381","CON-7DD4C8B1196E","D1007","2026-06-07","Current",false
"SVC-634F61487B2B","CON-19BA136E04BA","D1008","2026-06-07","Current",false
"SVC-CD0F47426D98","CON-54794FCC9369","D1007","2026-06-07","Current",false
"SVC-94201868286B","CON-20B7AD9AC5BF","D1005","2026-06-07","Current",false
"SVC-7E5F3A3E9C34","CON-97D0B88C69EC","D1002","2026-06-07","Current",false
"SVC-01D0EF798CCE","CON-3C08A2D729CB","D1002","2026-06-07","Current",false
"SVC-39D496827D58","CON-2339610DD08F","D1002","2026-06-07","Current",false
"SVC-1EF7C5CC53D6","CON-08F21BD28B74","D1004","2026-06-07","Current",false
"SVC-44F1064F6F8E","CON-1A73B4AC72CB","D1004","2026-06-07","Current",false
"SVC-D938F238C621","CON-86438D5FD2BD","D1010","2026-06-07","Current",false
"SVC-1EAD0C69E613","CON-18933083AAEB","D1010","2026-06-07","Current",false
"SVC-E31A98D6395A","CON-DB629FD2AC7D","D1002","2026-06-07","Current",false
"SVC-71E27C10EB95","CON-08514E526A6D","D1004","2026-06-07","Current",false
"SVC-2AFA371AF4F3","CON-94C40B76CE42","D1005","2026-06-07","Current",false
"SVC-7BC6BBAA9EAA","CON-F75C719A2B9C","D1004","2026-06-07","Current",false
"SVC-17B002A8FE67","CON-6D5FB5626BFC","D4471","2026-06-07","Current",false
"SVC-3CA627CCABBE","CON-A0EFFA260DA1","D1005","2026-06-07","Current",false
"SVC-E7031B502C99","CON-D73C807B7642","D4471","2026-06-07","Current",false
"SVC-C8839EA31341","CON-B705213ADA20","D4471","2026-06-07","Current",false
"SVC-E41C7D0BD8CA","CON-516665183B73","D1009","2026-06-07","Current",false
"SVC-6153BFF9AEB0","CON-AA99D3CFB5C3","D1009","2026-06-07","Current",false
"SVC-D271FAE9F585","CON-69156253B35B","D1004","2026-06-07","Current",false
"SVC-2BB479638965","CON-3F68BBD4BEF5","D1009","2026-06-07","Current",false
"SVC-F489D423D1EA","CON-38C09C5C06DB","D1009","2026-06-07","Current",false
"SVC-AD5195FB1B18","CON-F700F244ED55","D1005","2026-06-07","Current",false
"SVC-DF808A7F840A","CON-781C35543C10","D1009","2026-06-07","Current",false
"SVC-AA96EF5437F7","CON-926FE69FB16C","D1001","2026-06-07","Current",false
"SVC-2EB4A21C6B24","CON-1277FDB1F7EE","D1005","2026-06-07","Current",false
"SVC-FE6AFEAD05B7","CON-B6A20A71C92A","D1006","2026-06-07","Current",false
"SVC-947AA312D303","CON-82D2C0D936FD","D1008","2026-06-08","Current",false
"SVC-CFE27D808137","CON-A834F92A96D6","D1010","2026-06-08","Current",false
"SVC-866E6D379B12","CON-3488A0C10643","D1012","2026-06-08","Current",false
"SVC-2046F1C279DC","CON-8BC4BE32C081","D1002","2026-06-08","Current",false
"SVC-6513A5F624E2","CON-9E7D21EC42FF","D1002","2026-06-08","Current",false
"SVC-A9C1EE26E489","CON-0D7799897584","D1001","2026-06-08","Current",false
"SVC-C6B830824979","CON-DA117CF51BAD","D1002","2026-06-08","Current",false
"SVC-46A94AB71CA6","CON-D22CB03F81C1","D1001","2026-06-08","Current",false
"SVC-E5C60C8F77A8","CON-0553BD3D446B","D1008","2026-06-08","Current",false
"SVC-2F5AA3B1A18A","CON-EFFEE6042E48","D1008","2026-06-08","Current",false
"SVC-7D2E32642214","CON-1CEC32C16A6A","D1010","2026-06-08","Current",false
"SVC-D194BA04BF99","CON-480EAADF8EC0","D4471","2026-06-08","Current",false
"SVC-824DED21872F","CON-8A3152093067","D4471","2026-06-08","Current",false
"SVC-3FF1A1A1A0D8","CON-0AEADE448301","D1009","2026-06-08","Current",false
"SVC-6A75C1707D64","CON-FDFA1407881B","D4471","2026-06-08","Current",false
"SVC-BA8A328F6B94","CON-BE30EE6BD40E","D1004","2026-06-08","Current",false
"SVC-2F182148D16A","CON-C39A9A3EC83F","D1004","2026-06-08","30",true
"SVC-26355D69EE80","CON-7AB224921187","D1011","2026-06-08","Current",false
"SVC-14878B2BE47D","CON-008C288CCD72","D1011","2026-06-08","Current",false
"SVC-758ABD29645A","CON-4B049A2D4DEF","D1003","2026-06-08","Current",false
"SVC-6852E0DF62D9","CON-1F722E509186","D1005","2026-06-08","Current",false
"SVC-28036EF093A1","CON-2B281DD237C7","D1011","2026-06-08","Current",false
"SVC-3C2E15394323","CON-85FC85CBB079","D1003","2026-06-08","Current",false
"SVC-BA64E65DA5F1","CON-C0D894D86BC6","D1011","2026-06-08","Current",false
"SVC-4BB843FF382F","CON-8A7CE70DAA23","D1005","2026-06-08","30",true
"SVC-A4BEA017F052","CON-F66DC6D4BA1D","D1014","2026-06-08","Current",false
"SVC-88308DC1313E","CON-139666AC98A7","D1001","2026-06-08","Current",false
"SVC-891FA13BA5C5","CON-14E33376A151","D1014","2026-06-08","Current",false
"SVC-72AFE5612874","CON-FFAC3C6C3300","D1005","2026-06-08","Current",false
"SVC-E67F6A7D2474","CON-B1F13B122DBC","D1001","2026-06-08","Current",false
"SVC-BDF9B88F7380","CON-F91D680BF528","D1013","2026-06-08","Current",false
"SVC-C54258C4F242","CON-16337350D576","D1001","2026-06-08","Current",false
"SVC-9DAE999C0475","CON-692819754E2F","D1004","2026-06-08","Current",false
"SVC-9C5DFE8E7A4D","CON-A6DEB837E06C","D1002","2026-06-08","Current",false
"SVC-064A033D6697","CON-561519E271DE","D1002","2026-06-08","Current",false
"SVC-AC352ACED4AE","CON-F0D66100DA18","D1007","2026-06-08","Current",false
"SVC-FE33AC77A921","CON-8E98EBCD9F04","D1004","2026-06-09","Current",false
"SVC-1D541B8BEAF7","CON-5632BB53AD48","D1004","2026-06-09","Current",false
"SVC-93AB538651E8","CON-46A84DA762DE","D1003","2026-06-09","Current",false
"SVC-A9E3F1616B99","CON-0D77508FF295","D1003","2026-06-09","Current",false
"SVC-A54959527D96","CON-0AE5CDEDA256","D1003","2026-06-09","Current",false
"SVC-D3440DF310EA","CON-698049975C12","D1003","2026-06-09","60",true
"SVC-7B279F3E4203","CON-56CC8144159E","D1003","2026-06-09","Current",false
"SVC-BCB8811809FB","CON-3FAC79471022","D1002","2026-06-09","Current",false
"SVC-FBFDA135A547","CON-826128BA2A6B","D1013","2026-06-09","Current",false
"SVC-C8FD63F65662","CON-3CFF19D6A56A","D1015","2026-06-09","Current",false
"SVC-E74F15648AA8","CON-0BD2821C8462","D1001","2026-06-09","Current",false
"SVC-1F18E615C44B","CON-CA813E0E82E1","D1007","2026-06-09","Current",false
"SVC-E5413221A85C","CON-EEC79F909889","D1007","2026-06-09","Current",false
"SVC-6DE6D7F5A2FD","CON-AF7731532027","D1007","2026-06-09","Current",false
"SVC-F1344E8E2B25","CON-2DEF63C2D159","D1006","2026-06-09","Current",false
"SVC-72C5847F80C8","CON-528852A31320","D4471","2026-06-09","Current",false
"SVC-B226709BD722","CON-97C858E15F36","D1002","2026-06-09","Current",false
"SVC-3730190790F5","CON-F0DF5445F14F","D1001","2026-06-09","Current",false
"SVC-70A2027AD661","CON-7423A35B374D","D1002","2026-06-09","Current",false
"SVC-9AEA0D66F2BE","CON-3AD5CF19E241","D4471","2026-06-09","Current",false
"SVC-3911865BDF3D","CON-EB033D01888B","D1002","2026-06-09","Current",false
"SVC-81AC547ED71E","CON-B01EFF25D9E0","D1001","2026-06-09","Current",false
"SVC-F08185DA13F4","CON-DAEC0996A2E4","D1002","2026-06-09","Current",false
"SVC-BD7148408C79","CON-DF9E8EE59482","D1002","2026-06-09","Current",false
"SVC-042F31500E25","CON-02E09FA65143","D1010","2026-06-09","Current",false
"SVC-4CE1ED27C2AA","CON-B3CE01BD13D4","D1002","2026-06-09","Current",false
"SVC-75DABD3F7549","CON-175452FEA7D0","D1002","2026-06-09","Current",false
"SVC-2E94141DFFCF","CON-2B481AC0909B","D1001","2026-06-09","Current",false
"SVC-A4AA73E885FE","CON-830487860A53","D1008","2026-06-09","Current",false
"SVC-E59EDC15CDB0","CON-0A9ABFE744C7","D1012","2026-06-09","Current",false
"SVC-0337DFC28D2D","CON-D44D4F92BDEF","D1003","2026-06-09","Current",false
"SVC-CD49D5458F0A","CON-76BECA37B83E","D1011","2026-06-09","Current",false
"SVC-E189B37C1634","CON-3A32A420F6F8","D1011","2026-06-09","Current",false
"SVC-3A2484E065FF","CON-BE1FD326034B","D1011","2026-06-09","Current",false
"SVC-C1413F8BADB0","CON-0075E54EB41A","D1011","2026-06-09","Current",false
"SVC-CEE831F37BFE","CON-BA2168567B30","D1011","2026-06-09","Current",false
"SVC-59DB9D5554EE","CON-DE57B6024F39","D1011","2026-06-09","Current",false
"SVC-A7BF30E0BE2F","CON-AE161EDFCDFC","D1005","2026-06-09","Current",false
"SVC-BC48576623FF","CON-0B2917D52DB4","D1006","2026-06-09","Current",false
"SVC-9A5A3AFF0285","CON-93D064960D3C","D1005","2026-06-09","Current",false
"SVC-E2521E7B530F","CON-BB173A3BC565","D1005","2026-06-09","Current",false
"SVC-48801527008B","CON-C04578A9BCD4","D1005","2026-06-09","Current",false
"SVC-D790616F9588","CON-7B1B4549702C","D1006","2026-06-09","Current",false
"SVC-CD305949B48D","CON-A45D88FE2A4A","D4471","2026-06-09","Current",false
"SVC-2D365A54CFF0","CON-4864B697AA3B","D1014","2026-06-10","Current",false
"SVC-BC1E76767636","CON-1483E07BF467","D1015","2026-06-10","Current",false
"SVC-DADD0887C45F","CON-9BF268681967","D1001","2026-06-10","Current",false
"SVC-281E8726E05B","CON-5564D2EA687F","D1001","2026-06-10","Current",false
"SVC-6031E60BDEDC","CON-981A5A4C3AAA","D1001","2026-06-10","Current",false
"SVC-9C71A7CFCBB6","CON-252FECFB3A0A","D1001","2026-06-10","Current",false
"SVC-24BDD59D5E54","CON-8B5104255443","D1008","2026-06-10","Current",false
"SVC-161114CE322D","CON-BF35F1E276D4","D1008","2026-06-10","Current",false
"SVC-29CC87A3D5FA","CON-40C98C6ED443","D1003","2026-06-10","Current",false
"SVC-1B287A2BC676","CON-D503BBA3B947","D1003","2026-06-10","Current",false
"SVC-F47BD23DA193","CON-7EF730C6E416","D1008","2026-06-10","Current",false
"SVC-121C20B06F77","CON-DFF842351C40","D1005","2026-06-10","Current",false
"SVC-13149E16B2A6","CON-7FE9E47E741E","D1012","2026-06-10","Current",false
"SVC-592EF4175F80","CON-0961373B0447","D1012","2026-06-10","Current",false
"SVC-5BC7776384A5","CON-5E8436B45A17","D1004","2026-06-10","Current",false
"SVC-881A98178089","CON-64BFC9300DDD","D1004","2026-06-10","Current",false
"SVC-421825C9B7AC","CON-72743F211C02","D1004","2026-06-10","Current",false
"SVC-D03BC3C6235C","CON-9121C7E06B41","D1005","2026-06-10","Current",false
"SVC-39967413C019","CON-6DDA01EF05C0","D1005","2026-06-10","Current",false
"SVC-1B9C2884952D","CON-EC1B42D8FB06","D1005","2026-06-10","Current",false
"SVC-3561FB41F631","CON-CCED62774746","D1005","2026-06-10","Current",false
"SVC-F9FF94767909","CON-A262B7809473","D1005","2026-06-10","Current",false
"SVC-E2BB8B8D7B4C","CON-6E655D8C54A4","D1009","2026-06-10","Current",false
"SVC-253C33F0524E","CON-7A64068E601B","D1005","2026-06-10","Current",false
"SVC-A2C5C719675F","CON-DD953AFF5C8D","D1005","2026-06-10","Current",false
"SVC-8D418954007F","CON-35E1BC27B36A","D1002","2026-06-10","Current",false
"SVC-0CC8012B2907","CON-A72F9744CF79","D1002","2026-06-10","Current",false
"SVC-78D86AC5ADF2","CON-114A3D509B69","D1002","2026-06-10","Current",false
"SVC-AC7F8D8C6D03","CON-E9E60E520D69","D1002","2026-06-10","Current",false
"SVC-7831EDA7D5E5","CON-5CFB2ADD8D45","D1002","2026-06-10","Current",false
"SVC-C99FE610D579","CON-96302B67B589","D4471","2026-06-10","Current",false
"SVC-2C7638A242E6","CON-0309523308D5","D4471","2026-06-10","Current",false
"SVC-022BD0B0CB56","CON-BBB8911EBBAF","D1009","2026-06-10","Current",false
"SVC-56BA1B16CF3D","CON-5836C9FF3813","D1002","2026-06-11","Current",false
"SVC-A27AFDB4F0C1","CON-630E15911D30","D1013","2026-06-11","Current",false
"SVC-E653228A6D0F","CON-7C6DE2F59314","D1012","2026-06-11","Current",false
"SVC-0BB1B1AE90BE","CON-2290C1F75941","D1011","2026-06-11","Current",false
"SVC-AA5319650996","CON-E15D34E6F6C5","D1011","2026-06-11","Current",false
"SVC-13259D1CB848","CON-01D88ECCAA93","D1010","2026-06-11","Current",false
"SVC-376E52ACC531","CON-66C16DF565C8","D1010","2026-06-11","Current",false
"SVC-5EC3C2D49B60","CON-0DC29CA3A8C8","D1010","2026-06-11","Current",false
"SVC-7FF22E0D2822","CON-524DF97EB175","D1009","2026-06-11","Current",false
"SVC-25EA4A808175","CON-1B579BCEA866","D1009","2026-06-11","Current",false
"SVC-AABB35379E50","CON-22F15C962FF9","D1002","2026-06-11","Current",false
"SVC-726D7DE3F5C5","CON-0D933A5A6C00","D1002","2026-06-11","Current",false
"SVC-6329D6A5959F","CON-82B425FEC410","D1002","2026-06-11","Current",false
"SVC-E78205259364","CON-3A81A58491A7","D1002","2026-06-11","Current",false
"SVC-E3B3151C0805","CON-06ACEC528E5C","D1001","2026-06-11","Current",false
"SVC-175F3FE752EB","CON-C922769F0D7E","D1002","2026-06-11","Current",false
"SVC-FB25E0FB6321","CON-C208DA01E4A5","D1008","2026-06-11","Current",false
"SVC-F0413857CF48","CON-8ADB196990EE","D1008","2026-06-11","Current",false
"SVC-18E962C62F46","CON-7370DA0DC45A","D1008","2026-06-11","Current",false
"SVC-CBE99ED7DB35","CON-0B467ED385C6","D4471","2026-06-11","Current",false
"SVC-5462903A2D70","CON-7325DCA377E2","D1003","2026-06-11","Current",false
"SVC-7199F50F2F84","CON-E3836D712F9B","D1003","2026-06-11","Current",false
"SVC-203DABB0A26C","CON-D24A77A1C734","D1005","2026-06-11","Current",false
"SVC-767ADF8B81E0","CON-0ED98BF286A1","D1005","2026-06-11","Current",false
"SVC-61A3173C1BBE","CON-D95FB52DF69F","D1005","2026-06-11","Current",false
"SVC-10A8E2BD4913","CON-4E1FC95A81E5","D1004","2026-06-11","Current",false
"SVC-861B07A1F9ED","CON-21616C14C0C3","D1004","2026-06-11","Current",false
"SVC-0DA9CB127C1F","CON-B02980DEA06E","D1004","2026-06-11","Current",false
"SVC-F83210A3FA76","CON-5D31ACE8437B","D1001","2026-06-11","Current",false
"SVC-97E45FD44947","CON-667E442D6555","D1005","2026-06-12","Current",false
"SVC-CC26358CC7D0","CON-E9D710AACFC5","D1005","2026-06-12","Current",false
"SVC-416369F17A86","CON-2F9C8B4CEFEC","D1001","2026-06-12","Current",false
"SVC-5277F724D161","CON-C44A4B3B65BC","D1002","2026-06-12","Current",false
"SVC-29B0BAD0FA3C","CON-BE5AAA88EB37","D1005","2026-06-12","Current",false
"SVC-021D2DEB15FF","CON-32A3ED4DC70F","D1005","2026-06-12","Current",false
"SVC-6B42F149CE7D","CON-CCE021C60EA7","D1001","2026-06-12","Current",false
"SVC-0DBDB5D02C36","CON-FD7CD4654DF1","D1002","2026-06-12","Current",false
"SVC-540008505680","CON-59BD25C2AA67","D1004","2026-06-12","Current",false
"SVC-376967A380BB","CON-003C94F2979C","D1010","2026-06-12","Current",false
"SVC-B1C9B3937A7B","CON-63C1439FCFC6","D1004","2026-06-12","30",true
"SVC-0982CB91BBD4","CON-731B9D8FDB5E","D1008","2026-06-12","Current",false
"SVC-FD195EF0E71B","CON-6FDA291AD889","D1001","2026-06-12","Current",false
"SVC-9DF9066294EF","CON-09B7C9315DD1","D1007","2026-06-12","Current",false
"SVC-274EFBBDBA29","CON-4137B9F612B2","D1001","2026-06-12","Current",false
"SVC-648DA1CEBC42","CON-8AAC900C8081","D1006","2026-06-12","Current",false
"SVC-8F0FC3CC907D","CON-DF09CB7FF1E9","D1010","2026-06-12","Current",false
"SVC-D0DEA9B92F20","CON-AFC2A628C0D9","D1004","2026-06-12","Current",false
"SVC-266653575E51","CON-E13BA884D0D3","D1007","2026-06-12","Current",false
"SVC-AA235D204DD7","CON-91A9454BF40E","D1013","2026-06-12","Current",false
"SVC-6C1CD8F35807","CON-A723E890FE0E","D1011","2026-06-12","Current",false
"SVC-7F629128BB41","CON-BE9F15DED12E","D1001","2026-06-12","Current",false
"SVC-6CA78221E019","CON-1BDD2170F716","D1003","2026-06-12","Current",false
"SVC-4765C9AA1834","CON-69BDFE4910CD","D1001","2026-06-12","Current",false
"SVC-33B3E24757C3","CON-494A90D816DC","D1002","2026-06-12","Current",false
"SVC-B0BFD2956F22","CON-FB2B1C37A243","D1003","2026-06-12","Current",false
"SVC-2A2072D569B1","CON-E3FE90C5593C","D4471","2026-06-12","Current",false
"SVC-59F23C7DFFB9","CON-FF0411C217AD","D1003","2026-06-12","Current",false
"SVC-A1B97A413095","CON-A6F22A97CACD","D1003","2026-06-12","Current",false
"SVC-8F1C6BE24543","CON-FEAE2D7D6994","D1002","2026-06-12","Current",false
"SVC-4ECC44901585","CON-62522BA1B0DE","D1004","2026-06-12","Current",false
"SVC-FCFC1588A88C","CON-61C8208021E7","D1001","2026-06-12","Current",false
"SVC-53A08F0181A5","CON-9A2CD6CAB2D0","D1003","2026-06-12","Current",false
"SVC-A51065BC8234","CON-83748B9005BD","D1015","2026-06-12","30",true
"SVC-EA6701072CCA","CON-BF0F157A7703","D1001","2026-06-13","Current",false
"SVC-8DBBFFDB79F9","CON-04E0666D3476","D1002","2026-06-13","Current",false
"SVC-A37D4B6EFA41","CON-7301FC7C8B40","D1003","2026-06-13","Current",false
"SVC-19EB60D081AC","CON-5C86B6D0EE8C","D1005","2026-06-13","Current",false
"SVC-ED3D1ADB23D6","CON-CCD872613CDC","D1001","2026-06-13","Current",false
"SVC-5041191760B2","CON-7D425432F41B","D1014","2026-06-13","Current",false
"SVC-326065E9F396","CON-49ED1AB7DDBB","D1007","2026-06-13","Current",false
"SVC-7D77859DB9B7","CON-9A02DEC72EEE","D1007","2026-06-13","Current",false
"SVC-DDF9F62F1B36","CON-F7DBD2EA6C9D","D1001","2026-06-13","Current",false
"SVC-4F31BCEA705E","CON-7BE1140FB330","D1008","2026-06-13","Current",false
"SVC-47A53E17543D","CON-A2E3B924929D","D1001","2026-06-13","Current",false
"SVC-C6BF24F916F9","CON-A24E01910092","D1011","2026-06-13","Current",false
"SVC-687023EF0FD2","CON-8B4D4502F715","D1011","2026-06-13","Current",false
"SVC-AF22F5E10794","CON-768C7D3EC4EE","D1008","2026-06-13","Current",false
"SVC-28DE296EA234","CON-EDC376EF48B3","D1008","2026-06-13","Current",false
"SVC-F3E4F17E6947","CON-123C10E60CA5","D1012","2026-06-13","Current",false
"SVC-8F7D9966BD54","CON-34779F18417A","D1001","2026-06-13","Current",false
"SVC-4E8B773DAFC0","CON-645AA2523C99","D1012","2026-06-13","Current",false
"SVC-4C7EC6859565","CON-947BE1A7928E","D1003","2026-06-13","Current",false
"SVC-AC3AE2FC6F0B","CON-D1ADC0CEC62C","D4471","2026-06-13","Current",false
"SVC-42A447C79533","CON-85AD5544C358","D1009","2026-06-13","Current",false
"SVC-C981007C2082","CON-E5CA01FC86BF","D4471","2026-06-13","Current",false
"SVC-C07CD45F994E","CON-D42DDC08B226","D1002","2026-06-13","Current",false
"SVC-6BCAFA7534F1","CON-E126C9687D8B","D1001","2026-06-13","Current",false
"SVC-C291EF2CEA15","CON-63D6983BE5AB","D1002","2026-06-13","Current",false
"SVC-B713766BFD3E","CON-76672EFBD44C","D1005","2026-06-13","Current",false
"SVC-216FB7C2DC6A","CON-1177FBE6CE29","D1005","2026-06-13","Current",false
"SVC-AA9ADAA9C6F4","CON-F82CFBAA0A89","D1005","2026-06-13","Current",false
"SVC-7F570A9D57C8","CON-30E5C1D71049","D1003","2026-06-13","Current",false
"SVC-2A9E27A3728B","CON-2C3BF8BA5122","D1005","2026-06-13","Current",false
"SVC-E2EC6981AB54","CON-91D902174B45","D1004","2026-06-13","Current",false
"SVC-24FDAA5DB4E1","CON-E40CABAE3F89","D1004","2026-06-13","Current",false
"SVC-6BE63ACCA3DA","CON-C7476B577A57","D1003","2026-06-13","Current",false
"SVC-50195997DC60","CON-2CFF66797A0F","D1004","2026-06-13","Current",false
"SVC-A1AC8BAC7FEA","CON-E2FBE80A4135","D1006","2026-06-13","Current",false
"SVC-6F73D0E795C6","CON-A14680EB3856","D1006","2026-06-13","Current",false
"SVC-4FAF22BE093B","CON-030EA4E085DF","D1015","2026-06-13","Current",false
"SVC-29D11E695E3B","CON-254524DD40DF","D1015","2026-06-13","Current",false
"SVC-2F854064291A","CON-EFCF85244A39","D1002","2026-06-13","Current",false
"SVC-19F79BF5F5AC","CON-F1314CCB3D7D","D1003","2026-06-14","Current",false
"SVC-918DD22C7E40","CON-C6D876AA9D87","D1001","2026-06-14","Current",false
"SVC-0415C7DB0CB1","CON-B631B5EB0504","D1009","2026-06-14","Current",false
"SVC-FC310082668A","CON-367B34DFBBFB","D1003","2026-06-14","Current",false
"SVC-7BCFA4811C5B","CON-95BFC8000BA3","D1003","2026-06-14","60",true
"SVC-DEB2A993FAB6","CON-9782CBF5B3D9","D1009","2026-06-14","Current",false
"SVC-97355AE941FA","CON-EEC4B1B20B10","D1003","2026-06-14","Current",false
"SVC-6D59008548EC","CON-84DCC9C272A5","D1002","2026-06-14","Current",false
"SVC-A43FED9ECB54","CON-F4BE47053A06","D1003","2026-06-14","Current",false
"SVC-E94C02230CBE","CON-26CC1B879863","D1001","2026-06-14","Current",false
"SVC-B7A7EA3FE71D","CON-EC9CD008B88A","D1002","2026-06-14","Current",false
"SVC-06B6EC9191E6","CON-F43EB2F26DE1","D1003","2026-06-14","Current",false
"SVC-F1BF4FAA0C11","CON-3E01347A8B37","D1002","2026-06-14","Current",false
"SVC-6F27DC9A40A1","CON-FC4752D9BC5D","D1005","2026-06-14","Current",false
"SVC-CE2CA44E1FC9","CON-AA05F03A34EF","D1004","2026-06-14","Current",false
"SVC-5780E8CF110A","CON-3F1177AAC27C","D1015","2026-06-14","Current",false
"SVC-7068B66CDB46","CON-CCB13B90D4D3","D1006","2026-06-14","Current",false
"SVC-12C8C1E0DF98","CON-3D42AF3277BC","D1004","2026-06-14","Current",false
"SVC-41E8D4AD479E","CON-E5B890467566","D1006","2026-06-14","Current",false
"SVC-08937090A8A2","CON-06EBA4024FF1","D1004","2026-06-14","Current",false
"SVC-1D2BA37D29F9","CON-25E7230BCF3C","D1006","2026-06-14","Current",false
"SVC-5CB51874BC06","CON-598F6EBAE096","D1014","2026-06-14","Current",false
"SVC-D474F40121F3","CON-5A2850BA67F5","D1004","2026-06-14","Current",false
"SVC-4A09A2934C9B","CON-55D89D569365","D1008","2026-06-14","Current",false
"SVC-2C9C31B31701","CON-144091A85E50","D4471","2026-06-14","Current",false
"SVC-256F817F822E","CON-E4AE597F593F","D4471","2026-06-14","Current",false
"SVC-B5841865A5D5","CON-EE196EEC719B","D1012","2026-06-14","Current",false
"SVC-F2BA44BA2401","CON-A46CC51F4D50","D1004","2026-06-14","Current",false
"SVC-78442D5D63EA","CON-C8C2539A307A","D1008","2026-06-14","Current",false
"SVC-BFB76E6D2758","CON-FAF7EB9704AD","D1004","2026-06-14","Current",false
"SVC-7FE5D75AD99A","CON-46F4086AC80C","D1001","2026-06-15","Current",false
"SVC-85131DB7919B","CON-EB0A7ED49FC1","D1001","2026-06-15","Current",false
"SVC-F5275A5625EB","CON-D54E51D173E3","D1001","2026-06-15","Current",false
"SVC-7FFB53866A22","CON-31BE8369B02B","D1002","2026-06-15","Current",false
"SVC-388F3032D1C6","CON-6E81EDFC1A54","D1001","2026-06-15","Current",false
"SVC-C1BB5DC718AE","CON-7426F6094447","D1010","2026-06-15","Current",false
"SVC-7890F6111B6B","CON-47E5A930FE2F","D1002","2026-06-15","Current",false
"SVC-7362CE9DF3E1","CON-E1FCD6854AFB","D1006","2026-06-15","Current",false
"SVC-9A20A789658E","CON-51A1D1928BFE","D4471","2026-06-15","Current",false
"SVC-B845219102D9","CON-242BA91EF662","D1001","2026-06-15","Current",false
"SVC-8A49DCFDEDD7","CON-7BFE6D079A09","D1005","2026-06-15","Current",false
"SVC-646539EF4D1A","CON-5832D1A0932C","D1003","2026-06-15","Current",false
"SVC-59AD53903F55","CON-6D739BCA80E1","D1002","2026-06-15","Current",false
"SVC-26F3E4462D71","CON-883ACE7A9CD8","D1005","2026-06-15","Current",false
"SVC-654FDAA74E2F","CON-9840BB59F9E4","D1003","2026-06-15","Current",false
"SVC-427A6F2497F5","CON-F17651567CF7","D1005","2026-06-15","Current",false
"SVC-8EAF5D818ED3","CON-92090813DCA4","D1001","2026-06-15","Current",false
"SVC-1ECFA7182842","CON-2655CC6F80EB","D4471","2026-06-15","Current",false
"SVC-AE5E82E07CFE","CON-0F4099E5B6D4","D4471","2026-06-15","Current",false
"SVC-870305C4DC56","CON-41AED9395B47","D4471","2026-06-15","Current",false
"SVC-91642410DC63","CON-6DA4D09C4AD7","D1004","2026-06-15","Current",false
"SVC-7375DD56DA2E","CON-F5031F44CDE1","D1011","2026-06-15","Current",false
"SVC-081C59923E8A","CON-8784700F4FA8","D1011","2026-06-15","Current",false
"SVC-4865D3C3AA12","CON-41938F430608","D1012","2026-06-15","Current",false
"SVC-EE00377EC5F0","CON-2F02F5B478DF","D1011","2026-06-15","Current",false
"SVC-81F524328063","CON-3475D169BE26","D1011","2026-06-15","Current",false
"SVC-85630C4F970B","CON-C628F47A8F44","D1008","2026-06-15","Current",false
"SVC-77EB4B77F450","CON-1147DF28A94A","D1012","2026-06-15","Current",false
"SVC-C2BC18C029C8","CON-918D15BA8216","D1003","2026-06-15","Current",false
"SVC-82D1E64F6EFF","CON-B524F4723A10","D1013","2026-06-15","Current",false
"SVC-7878A1DF100B","CON-5709B6A6B8FE","D1004","2026-06-15","Current",false
"SVC-19ED9E146FF5","CON-78EC3E4207AA","D1004","2026-06-15","Current",false
"SVC-287F33748018","CON-666C51C34D1E","D1008","2026-06-15","Current",false
"SVC-0E173C873FA7","CON-9460A2355FD4","D1004","2026-06-15","Current",false
"SVC-1BED0A02179B","CON-4F88837B1CDE","D1002","2026-06-15","Current",false
"SVC-042E152B7596","CON-EEF22B79682B","D1002","2026-06-15","Current",false
"SVC-3F3D009C9BEB","CON-F6C7D23110D5","D1002","2026-06-15","Current",false
"SVC-8F5946184E1E","CON-0A82A019C458","D1002","2026-06-15","Current",false
"SVC-F17D0EB93573","CON-68DFCFF903BB","D1002","2026-06-15","Current",false
"SVC-B54057C0C0AE","CON-8AF90980561D","D1002","2026-06-15","Current",false
"SVC-CF42505867AF","CON-F6712EC1A28B","D1001","2026-06-16","Current",false
"SVC-7CFBDA27FC3E","CON-788C95B69176","D1008","2026-06-16","Current",false
"SVC-56F81C135F6F","CON-2797568BA0FE","D1005","2026-06-16","Current",false
"SVC-547B5ABAE90A","CON-69B9ADEA16FD","D1008","2026-06-16","Current",false
"SVC-60AC36E29157","CON-E597875CCD35","D1005","2026-06-16","Current",false
"SVC-2F8104DE96FA","CON-2E3726B33142","D1005","2026-06-16","Current",false
"SVC-AC2929B984C0","CON-C66992F01C79","D1005","2026-06-16","Current",false
"SVC-0C0AD511BBF5","CON-2E4704310A22","D1006","2026-06-16","Current",false
"SVC-C8281AE16F77","CON-A9290E833C53","D1006","2026-06-16","Current",false
"SVC-2898339F422A","CON-B8BB061D86A9","D1005","2026-06-16","Current",false
"SVC-47EB2A4FFCC7","CON-E9A1F9185F23","D1002","2026-06-16","Current",false
"SVC-8B5DE02EB195","CON-2A360D0A42B5","D1002","2026-06-16","Current",false
"SVC-8C31180A600A","CON-40509BB4137E","D1001","2026-06-16","Current",false
"SVC-027F1CBD04D6","CON-D31B712A1FDD","D1004","2026-06-16","Current",false
"SVC-E60E84648A92","CON-583E03C6116E","D1012","2026-06-16","Current",false
"SVC-4DC47F9B0751","CON-B900F88D906A","D1004","2026-06-16","Current",false
"SVC-6BF9BB9AF9F4","CON-BA69B61C49F2","D1004","2026-06-16","Current",false
"SVC-9E85CD9919CE","CON-4FD6E871D7AC","D1004","2026-06-16","Current",false
"SVC-1F4885C24232","CON-01AADCB6F963","D1012","2026-06-16","Current",false
"SVC-1B16190ECFD0","CON-E9563B35D74B","D1003","2026-06-16","Current",false
"SVC-3FDF39EB6BF6","CON-EF802CB37799","D1014","2026-06-16","Current",false
"SVC-8480DD312C52","CON-0429E5A8099A","D1005","2026-06-16","Current",false
"SVC-33D5ECF9A29F","CON-3D91C22711C3","D1003","2026-06-16","Current",false
"SVC-92E881C7651A","CON-F1315A182121","D1010","2026-06-16","Current",false
"SVC-0E1EFA0EE3E8","CON-94D597546587","D1010","2026-06-16","Current",false
"SVC-0418DF880D75","CON-F637F4AECD4B","D1010","2026-06-16","Current",false
"SVC-90758EC50A83","CON-B81833C50F31","D1010","2026-06-16","Current",false
"SVC-012979A0D09F","CON-9ED6DB5991A4","D1011","2026-06-16","Current",false
"SVC-458CF3027AE3","CON-15FF44CAAC25","D1009","2026-06-16","Current",false
"SVC-0BD01CE993C7","CON-CE458FD277FF","D1001","2026-06-16","30",true
"SVC-D35A4F6FD29D","CON-F93283509FC9","D1003","2026-06-16","Current",false
"SVC-BE3FF351A611","CON-997632E229C4","D1001","2026-06-17","Current",false
"SVC-9AECB4D5F978","CON-D4C849FB011A","D1003","2026-06-17","Current",false
"SVC-79A18434C51B","CON-A9894697C5AC","D1005","2026-06-17","Current",false
"SVC-3D8DFFF13A18","CON-8D698A9EAB3E","D1001","2026-06-17","Current",false
"SVC-6F9DB6E499FD","CON-93C4653A24A2","D1011","2026-06-17","Current",false
"SVC-5F5B3260534C","CON-AD05346523ED","D1011","2026-06-17","Current",false
"SVC-6B7947A439C0","CON-0AB9AC11EE95","D1001","2026-06-17","Current",false
"SVC-65ADE8DBA0C8","CON-AB37D8BF944D","D1008","2026-06-17","Current",false
"SVC-01A201CCFCF6","CON-79DC25B2EF55","D1003","2026-06-17","Current",false
"SVC-C19E7290D95C","CON-9525112AB001","D1008","2026-06-17","Current",false
"SVC-6FF454572F82","CON-688AC14B3B84","D1005","2026-06-17","Current",false
"SVC-24E1F9A287EB","CON-593383B18D76","D1001","2026-06-17","Current",false
"SVC-1C879D0BB6A5","CON-E0CA817FDB80","D1007","2026-06-17","Current",false
"SVC-E1FB5785BEAB","CON-648C62111B06","D1007","2026-06-17","Current",false
"SVC-82E8768E2591","CON-77FE8EA2E4ED","D1005","2026-06-17","Current",false
"SVC-4A9B938DA5CE","CON-BDA84B6410BF","D1006","2026-06-17","Current",false
"SVC-7F6DDB9AD3D1","CON-C663B95D1161","D1015","2026-06-17","Current",false
"SVC-C100BD3958E9","CON-4C32AE71B7EA","D1015","2026-06-17","Current",false
"SVC-FB22FFB12F2B","CON-3C1819628860","D1005","2026-06-17","Current",false
"SVC-F59EA9A5D506","CON-10525FDED461","D4471","2026-06-17","Current",false
"SVC-2AC8476665D0","CON-F7B940C54A5E","D4471","2026-06-17","Current",false
"SVC-C7104C3EAAD0","CON-C8DD2C7A9D95","D4471","2026-06-17","Current",false
"SVC-11425447920F","CON-4F0CEB72EDE6","D4471","2026-06-17","Current",false
"SVC-0B82D85EF2C7","CON-FDBE9AABFD77","D4471","2026-06-17","30",true
"SVC-F6864FA99958","CON-05F52FA8FC7F","D1001","2026-06-17","Current",false
"SVC-BA932E2FCCEE","CON-C7AE7EC2D0AB","D1001","2026-06-17","Current",false
"SVC-8D6A22EDC969","CON-32E35246E10B","D1001","2026-06-17","Current",false
"SVC-94C28396CBE1","CON-A58625A405C0","D1002","2026-06-17","Current",false
"SVC-F954D49C4EC7","CON-06E5D0EF9F5D","D1002","2026-06-17","Current",false
"SVC-A3824A20E5A3","CON-DB1C39B52BC3","D1002","2026-06-17","Current",false
"SVC-BFA0D5678EA1","CON-8327A9CCF534","D1010","2026-06-17","Current",false
"SVC-07FC406124BE","CON-411260067E51","D1001","2026-06-17","Current",false
"SVC-8A9DE981D99B","CON-0ECE91BB4331","D1002","2026-06-17","Current",false
"SVC-B8E1E7B7B3B2","CON-132FBF20BE11","D1004","2026-06-17","Current",false
"SVC-7A2372A1284A","CON-956684477D82","D1002","2026-06-17","Current",false
"SVC-F5131AED87AF","CON-69A4C50FAA5B","D1009","2026-06-17","Current",false
"SVC-BA7FBD4E53BA","CON-FF5CAB6AC657","D1009","2026-06-17","Current",false
"SVC-43388D15C2EC","CON-903B166D1D61","D1005","2026-06-18","Current",false
"SVC-F389F882C7C2","CON-5418D5A37B92","D1005","2026-06-18","Current",false
"SVC-94E3EC032609","CON-B7F329C2FF1F","D1005","2026-06-18","Current",false
"SVC-DEB68924D03F","CON-7C3F8C8FBD0C","D1003","2026-06-18","Current",false
"SVC-AA33009E7BF6","CON-94746E7EE95D","D1003","2026-06-18","Current",false
"SVC-4180B487DEC9","CON-CD271AAC0099","D1004","2026-06-18","Current",false
"SVC-EC63E5440A6F","CON-4CDC18E9082A","D1007","2026-06-18","Current",false
"SVC-362D0D0A6ED8","CON-F99F5ED49541","D1007","2026-06-18","Current",false
"SVC-296C85BC7C82","CON-8F77C1B1A07A","D1001","2026-06-18","Current",false
"SVC-08B3754BE2BD","CON-CBBFBD3E9EB2","D1002","2026-06-18","Current",false
"SVC-7D9340745B57","CON-A70EBB3C7E99","D1002","2026-06-18","Current",false
"SVC-A174B84BBE70","CON-75A7FB990359","D1004","2026-06-18","Current",false
"SVC-15114D128B4E","CON-2C26C7A756A5","D1002","2026-06-18","Current",false
"SVC-6D8F1DF862B7","CON-2A7EA79CE3DC","D1003","2026-06-18","90+",true
"SVC-D11A20708F9A","CON-16FE98C0C696","D1006","2026-06-18","Current",false
"SVC-E32FDE6C48E1","CON-2B4BA4E4474B","D1013","2026-06-18","Current",false
"SVC-3C76425D5E0F","CON-8DEAF4C8A432","D4471","2026-06-18","Current",false
"SVC-B12213AA513F","CON-58383F25B5B0","D1004","2026-06-18","Current",false
"SVC-B5488F8110E7","CON-DE7A5312DA9A","D1001","2026-06-18","Current",false
"SVC-0B95C3DCA35E","CON-5EF2A66BF3EC","D1011","2026-06-18","Current",false
"SVC-BB12C1D1D5BC","CON-D45A04ADD14C","D4471","2026-06-18","Current",false
"SVC-77ACB5D8259D","CON-507610D55338","D1011","2026-06-18","Current",false
"SVC-7D6A225E5A24","CON-B8A9DC7F1026","D4471","2026-06-18","Current",false
"SVC-6AC6A426A92C","CON-1A334AA1DF39","D1005","2026-06-18","Current",false
"SVC-BEDC1D866509","CON-8E16CC1CB27B","D1012","2026-06-18","Current",false
"SVC-A6193BF06517","CON-5C5AE174982A","D1001","2026-06-18","Current",false
"SVC-F75CF75215A3","CON-6A0A3E72E7B2","D1002","2026-06-18","Current",false
"SVC-4994B051FB0C","CON-39908735F7D3","D1004","2026-06-18","Current",false
"SVC-DDBC1DFC50B2","CON-B0B9AF5B2278","D1010","2026-06-18","Current",false
"SVC-C9DDA8562BFA","CON-C73AAF3DD4B8","D1001","2026-06-19","Current",false
"SVC-C6BC0E943B7F","CON-25420E074253","D1013","2026-06-19","Current",false
"SVC-493AE3424910","CON-B14E8399E27C","D1004","2026-06-19","Current",false
"SVC-D3C5D6849687","CON-922530912542","D1010","2026-06-19","Current",false
"SVC-0C3C54E988EC","CON-54750AB9C231","D1006","2026-06-19","Current",false
"SVC-6C6F8267A5C3","CON-E50D1054A62C","D1009","2026-06-19","Current",false
"SVC-C05F328A196E","CON-C7FA6228CD2A","D1010","2026-06-19","Current",false
"SVC-481C9A32533B","CON-33014AEC4CD9","D1001","2026-06-19","Current",false
"SVC-C4CFF8D4982F","CON-B05F88B73445","D1001","2026-06-19","Current",false
"SVC-F075BE43312E","CON-664A6708F352","D1001","2026-06-19","Current",false
"SVC-2182757253D7","CON-1540E89E077A","D1001","2026-06-19","Current",false
"SVC-3D7725D83A71","CON-A11ECF81DB76","D1001","2026-06-19","Current",false
"SVC-FE7E93C7B871","CON-2EAABCE4E4E8","D1010","2026-06-19","Current",false
"SVC-1C3086FEC182","CON-DE7BC9F14818","D4471","2026-06-19","Current",false
"SVC-6D3E5C5A635F","CON-6EDBCB497E50","D1003","2026-06-19","Current",false
"SVC-945A66F737B7","CON-5FE72798ADF0","D4471","2026-06-19","30",true
"SVC-76105B9C42CD","CON-C49AE53715D6","D1010","2026-06-19","Current",false
"SVC-121F6185FC8F","CON-A0627C977EB1","D4471","2026-06-19","Current",false
"SVC-029227F9507C","CON-B21AAF7B9499","D1012","2026-06-19","Current",false
"SVC-2477516274B4","CON-8FDC8072849A","D1005","2026-06-19","Current",false
"SVC-CCB70E095C8F","CON-E837A4832D43","D1005","2026-06-19","Current",false
"SVC-9A739A65921C","CON-9CE206F2930D","D1004","2026-06-19","Current",false
"SVC-47E5BF4A38DC","CON-E34CF39D6539","D1010","2026-06-19","Current",false
"SVC-6B5DE09B2981","CON-A9BDC650CC1F","D1002","2026-06-19","Current",false
"SVC-945A279B5B10","CON-19D1C2BB9A48","D1008","2026-06-19","Current",false
"SVC-483DF276BBC5","CON-50B5E71099A7","D1002","2026-06-19","Current",false
"SVC-78182C4AF24D","CON-19A779DFF2DA","D1002","2026-06-19","Current",false
"SVC-EC8A269A46CF","CON-A21B51C20C93","D1011","2026-06-19","Current",false
"SVC-DA2A73B4780E","CON-13769CADCB38","D1004","2026-06-19","Current",false
"SVC-43C391C67B22","CON-FA8E1FC3D814","D1004","2026-06-19","Current",false
"SVC-AD239A443DFB","CON-5487121FABC4","D1002","2026-06-19","Current",false
"SVC-7ABCD0EF0C1C","CON-ABE768B9851F","D1002","2026-06-19","Current",false
"SVC-71AAE51B9D2F","CON-F0CE3C8AD2A9","D1001","2026-06-19","Current",false
"SVC-05314F6BAB22","CON-A7622AC8CF6A","D1002","2026-06-19","Current",false
"SVC-DA4D72100B58","CON-8C1D86EDFDAB","D1013","2026-06-19","Current",false
"SVC-D24DF75EF7F0","CON-0BFD238F2B25","D1002","2026-06-20","Current",false
"SVC-DF5343724D7A","CON-BE14A8F83D42","D1001","2026-06-20","Current",false
"SVC-855254E15A81","CON-C686CE26786C","D1002","2026-06-20","Current",false
"SVC-19B46013BD10","CON-250686A00680","D1005","2026-06-20","Current",false
"SVC-6CDF3BCD3D39","CON-726D6B313678","D1008","2026-06-20","Current",false
"SVC-7A921AB4BFEB","CON-6555825171B5","D1004","2026-06-20","Current",false
"SVC-63D797405CA9","CON-D80D5A645EF3","D1005","2026-06-20","Current",false
"SVC-A061C50A9CC3","CON-A46A3950185D","D1004","2026-06-20","Current",false
"SVC-3527B06B35FE","CON-06F161BDFDDF","D1004","2026-06-20","Current",false
"SVC-937E1C5F3F98","CON-F04BFBD2EF3D","D1001","2026-06-20","Current",false
"SVC-7ED89F2B80FC","CON-BEF88D292069","D1002","2026-06-20","Current",false
"SVC-F917B4B44B41","CON-27BB2B707B9A","D1002","2026-06-20","Current",false
"SVC-6A9BB0D55D98","CON-29A63788C0AE","D1009","2026-06-20","Current",false
"SVC-D11040A62A23","CON-EF7160BBAE11","D1004","2026-06-20","Current",false
"SVC-15AB90A438A5","CON-8FA839809571","D1002","2026-06-20","Current",false
"SVC-378E535ADF7B","CON-84983208ABF9","D1003","2026-06-20","Current",false
"SVC-FF5A371B1F5A","CON-59CBB439C3A4","D1010","2026-06-20","Current",false
"SVC-91AA90CFBF90","CON-414604295B32","D1005","2026-06-20","Current",false
"SVC-8008D043C366","CON-BAAEBF9731EE","D1010","2026-06-20","Current",false
"SVC-F76CAAEE6C58","CON-01BA7E5B5D5A","D1007","2026-06-20","Current",false
"SVC-63028D0E8E9A","CON-09FD1955589A","D1007","2026-06-20","Current",false
"SVC-9273D48185E0","CON-5AB32081BA07","D1006","2026-06-20","Current",false
"SVC-AFF3D72A5BAD","CON-9639AAFFCB1B","D1003","2026-06-20","Current",false
"SVC-447752AF880F","CON-36C0EC2B8BD4","D1003","2026-06-20","Current",false
"SVC-74868463D006","CON-D1F7C22DBB41","D1001","2026-06-20","Current",false
"SVC-8788D12EC9F4","CON-1521A9FA20EF","D1003","2026-06-20","Current",false
"SVC-0F9261128E7B","CON-7A2A4CEFF1FD","D1001","2026-06-20","Current",false
"SVC-04D369DC3D29","CON-04E7E06409B7","D1005","2026-06-20","Current",false
"SVC-6DC594C6C1F6","CON-1B896BEC4731","D1001","2026-06-20","Current",false
"SVC-949EE94AF4AD","CON-25785435E61D","D1012","2026-06-20","Current",false
"SVC-98C60D1CFD58","CON-3BF12AC12DA1","D1005","2026-06-21","Current",false
"SVC-52974EA6FA10","CON-7ECDE781E011","D1002","2026-06-21","Current",false
"SVC-07D8749D99CA","CON-01B080A66862","D1005","2026-06-21","Current",false
"SVC-A23DBBA5A011","CON-60277BEF392F","D1005","2026-06-21","Current",false
"SVC-A018F757C977","CON-8E69F90FE56D","D1005","2026-06-21","Current",false
"SVC-A85E06AA837E","CON-7B383E4DB123","D1003","2026-06-21","Current",false
"SVC-FA540A2E3236","CON-1A2038C6DDD6","D1003","2026-06-21","Current",false
"SVC-2FA4CA25C42A","CON-D5D62EC50155","D1003","2026-06-21","Current",false
"SVC-E41865BE90BB","CON-E4D93C179FC1","D1009","2026-06-21","Current",false
"SVC-8F17DF7A0106","CON-B93A3DA0CB73","D1008","2026-06-21","30",true
"SVC-544DC6E23899","CON-B3C721FD07EC","D1001","2026-06-21","Current",false
"SVC-FF5C09691B9E","CON-169BA6C1C0B0","D1004","2026-06-21","Current",false
"SVC-18C2550CE280","CON-FB70EB3DF399","D1004","2026-06-21","Current",false
"SVC-9FAD3B08D506","CON-E48A077499C0","D1002","2026-06-21","Current",false
"SVC-ABBC88528047","CON-902C312C486A","D1002","2026-06-21","Current",false
"SVC-29B15A5AA19D","CON-7332FE9AAC51","D1002","2026-06-21","Current",false
"SVC-494977E4C1B6","CON-A9716F2DA34B","D1015","2026-06-21","Current",false
"SVC-BF554ADEB622","CON-20E6DEEE79EF","D1015","2026-06-21","Current",false
"SVC-1A5EA3208E7C","CON-15F3F01CDCDA","D1008","2026-06-21","Current",false
"SVC-65C17C5FF7CA","CON-F2D0BCED7B58","D1004","2026-06-21","Current",false
"SVC-1AAA01F83971","CON-E29504C44411","D1010","2026-06-21","Current",false
"SVC-FE7A51E8BE2F","CON-11E99CF3239D","D1010","2026-06-21","Current",false
"SVC-E1A82AB613F7","CON-EB48814B1C8F","D1011","2026-06-21","Current",false
"SVC-4DE8AC863D6D","CON-3EFA5A356862","D1011","2026-06-21","Current",false
"SVC-8F1D8B1CB49A","CON-1945A9C26977","D1013","2026-06-21","Current",false
"SVC-30610D3ED383","CON-0FFBBF66D651","D1012","2026-06-21","Current",false
"SVC-F591D90939A2","CON-F17833571D05","D1012","2026-06-21","Current",false
"SVC-904DB2B4A9A9","CON-3486EDB68C16","D4471","2026-06-21","Current",false
"SVC-F506DE593410","CON-3D9E34B8F3C1","D1001","2026-06-21","Current",false
"SVC-75229BD1187E","CON-F4F4B933D37D","D4471","2026-06-21","Current",false
"SVC-B3D3732F90B4","CON-D34EA86CC23F","D1001","2026-06-21","Current",false
"SVC-2CB3D9089F83","CON-3934E50B9476","D1001","2026-06-21","Current",false
"SVC-A71A6ADAF165","CON-4CDC648F4D8D","D1007","2026-06-21","Current",false
"SVC-AACE53D2E4E8","CON-CEBF3EF99311","D1006","2026-06-21","Current",false
"SVC-B681E7B7CFA1","CON-0277FC966ABE","D1008","2026-06-21","Current",false
"SVC-77821761B4F1","CON-AB24161F41AF","D1003","2026-06-22","Current",false
"SVC-D5812CFA4874","CON-BFC2F827BB97","D1012","2026-06-22","Current",false
"SVC-60D5010D931A","CON-01282071F1E9","D1003","2026-06-22","Current",false
"SVC-09C725813F8E","CON-D383CCB47F18","D1001","2026-06-22","Current",false
"SVC-65BFAA57A86E","CON-91B9F907C849","D1003","2026-06-22","Current",false
"SVC-C68FD85888E8","CON-909650B05DE7","D1001","2026-06-22","Current",false
"SVC-0945A4FDA156","CON-4DFFE5DBC405","D1013","2026-06-22","Current",false
"SVC-EA96A8655F03","CON-CF6B86D909ED","D1003","2026-06-22","Current",false
"SVC-31B8049378A6","CON-205973E89914","D1001","2026-06-22","Current",false
"SVC-9AD36C8D6763","CON-DEBF99C799C7","D1003","2026-06-22","Current",false
"SVC-9F21B7F3F0E1","CON-DFA9E83580E5","D1015","2026-06-22","Current",false
"SVC-B0ACBCCE868E","CON-FA1DDCD4E76D","D1003","2026-06-22","Current",false
"SVC-B1F9AAFCCE61","CON-DF34C135FB10","D1003","2026-06-22","Current",false
"SVC-DF9B15B7568A","CON-8A63091BBC37","D1003","2026-06-22","Current",false
"SVC-1610C6A239EC","CON-D6A0C72E9DA4","D1003","2026-06-22","Current",false
"SVC-CC8554D0399B","CON-2745B703A461","D1003","2026-06-22","Current",false
"SVC-9EAF2CA3676D","CON-0B6E675813D7","D1001","2026-06-22","Current",false
"SVC-08F842134AE1","CON-ED19BC99B5D9","D1009","2026-06-22","Current",false
"SVC-3B4850A16EF3","CON-B43B27D4870D","D1001","2026-06-22","Current",false
"SVC-D9B930E240F7","CON-2B76768C136F","D1003","2026-06-22","Current",false
"SVC-87CC538F3DFA","CON-8F55F785C489","D1011","2026-06-22","Current",false
"SVC-DC7AF82CB5FC","CON-221380092754","D1004","2026-06-22","Current",false
"SVC-BAD09BD37DDB","CON-547287713D8E","D1007","2026-06-22","Current",false
"SVC-69F3DFF49AD1","CON-F48C30A0E73D","D1006","2026-06-22","Current",false
"SVC-67DB274CA531","CON-DB899ED4B418","D1005","2026-06-22","Current",false
"SVC-E89AF4EDCDAE","CON-FADC2C4A34C2","D1005","2026-06-22","Current",false
"SVC-C5C64A04FD2B","CON-2F681C142E81","D4471","2026-06-22","Current",false
"SVC-7179913C4669","CON-096738329E67","D1008","2026-06-22","Current",false
"SVC-C0A9D0142F7A","CON-D91DE57F3E8C","D4471","2026-06-22","Current",false
"SVC-98776DF050C3","CON-7B0EC301977D","D4471","2026-06-22","Current",false
"SVC-7A5CA3E39509","CON-18517AD0D87B","D1004","2026-06-22","Current",false
"SVC-D49562E3B26E","CON-61A97AE25F01","D1005","2026-06-22","Current",false
"SVC-C60461B04728","CON-B6DD655B780E","D1002","2026-06-22","Current",false
"SVC-97C93B6664A8","CON-EA7C6F958111","D1002","2026-06-22","Current",false
"SVC-705B4FD0F182","CON-A5B180B4F917","D1011","2026-06-22","Current",false
"SVC-94842F3D32FF","CON-1343C2CEFA2E","D1009","2026-06-22","Current",false
"SVC-DBCD7ABA7F98","CON-27383949502E","D4471","2026-06-22","Current",false
"SVC-65059B6EFFFC","CON-BCC6CE724F0F","D1011","2026-06-22","Current",false
"SVC-5DD3293DDDED","CON-3D4F007259A8","D1003","2026-06-23","Current",false
"SVC-B4985B3E7C9D","CON-176065E5E75D","D1004","2026-06-23","Current",false
"SVC-CFDA02174D9F","CON-41D3035AB2E1","D1004","2026-06-23","Current",false
"SVC-D70462B04D01","CON-DEBD6E50A3B9","D1004","2026-06-23","Current",false
"SVC-A8D3E5C453AA","CON-8ED34D402857","D1004","2026-06-23","Current",false
"SVC-AB3E90A2BE55","CON-FDA359AABF52","D1004","2026-06-23","Current",false
"SVC-0B6BF61A794D","CON-3A41B34420B3","D1004","2026-06-23","Current",false
"SVC-A18AB57EEE4C","CON-E75D3E5FA298","D1004","2026-06-23","Current",false
"SVC-B13170F5D738","CON-B6D2D64E90FE","D1004","2026-06-23","Current",false
"SVC-9A2AEC9D799C","CON-98E67158277F","D1007","2026-06-23","Current",false
"SVC-98F7D1C3A7DF","CON-6280AFE400F7","D1009","2026-06-23","Current",false
"SVC-27AC4B345A9A","CON-1F8D7A0C2EB2","D1012","2026-06-23","Current",false
"SVC-5AD074ECA4C2","CON-BAEAE5B5BFA1","D4471","2026-06-23","Current",false
"SVC-A89763E2A497","CON-EE81C7668109","D1012","2026-06-23","Current",false
"SVC-20DA2341F07B","CON-8BC7BEAEECB3","D1010","2026-06-23","Current",false
"SVC-1377B07400F8","CON-4BE3710733B7","D1006","2026-06-23","Current",false
"SVC-19D08AFDEC0E","CON-EF36548ABC1E","D1006","2026-06-23","Current",false
"SVC-A5BF7B12205D","CON-6306EEBCFD74","D1009","2026-06-23","Current",false
"SVC-41B8AC0436E3","CON-09BAE7383EF4","D1006","2026-06-23","Current",false
"SVC-93D8953DE01E","CON-D882A7AA1E32","D1012","2026-06-23","Current",false
"SVC-088AB234DA45","CON-0C4604EB2E41","D1002","2026-06-23","Current",false
"SVC-B422E9163176","CON-F1212E6404DD","D1007","2026-06-23","Current",false
"SVC-8B4CD5FFDDBA","CON-D8B5EB8F82FE","D1007","2026-06-23","Current",false
"SVC-22C24DA32C5F","CON-C62AD75645EC","D1008","2026-06-23","Current",false
"SVC-498C37A57B72","CON-39E23F6FC9BB","D1008","2026-06-23","Current",false
"SVC-8BBA602B6D75","CON-16B0DA8C0E74","D1002","2026-06-23","Current",false
"SVC-4C7D9123000D","CON-3D2EE61AD354","D1002","2026-06-23","Current",false
"SVC-01F84F1AC450","CON-D328C4BEA888","D1001","2026-06-23","Current",false
"SVC-EBAB4D058305","CON-15963A7EEDFE","D1003","2026-06-23","Current",false
"SVC-71B998FF1C72","CON-78104B28AD69","D1003","2026-06-23","Current",false
"SVC-AA26D77FFF15","CON-9FEACDF32B35","D1003","2026-06-23","Current",false
"SVC-B6D9A9204637","CON-0865404886B8","D1001","2026-06-23","Current",false
"SVC-3D33DCD804D4","CON-D8F5532B66A4","D1005","2026-06-23","Current",false
"SVC-9CF0863CC8C3","CON-5B0C98A3F9FE","D1005","2026-06-23","Current",false
"SVC-FCE8565BAC41","CON-D5B05711FEB7","D1005","2026-06-23","Current",false
"SVC-FDC62DB94BA7","CON-D81ED4CE24D8","D1015","2026-06-23","Current",false
"SVC-09CE47E84AB7","CON-33D7CBA9D672","D1014","2026-06-23","Current",false
"SVC-8FFA2B6F2491","CON-5F65A6C69B76","D1005","2026-06-23","Current",false
"SVC-7E07827BF3EB","CON-327CE0760436","D1001","2026-06-23","Current",false
"SVC-7C75DA451276","CON-846F2CCF022D","D1001","2026-06-23","Current",false
"SVC-B5AA449AAD19","CON-FD5080067AD1","D1001","2026-06-24","Current",false
"SVC-E882EA50F0B2","CON-E91DC7B0B6E8","D1010","2026-06-24","Current",false
"SVC-85368CEB3309","CON-763D2A1F4FAB","D1009","2026-06-24","Current",false
"SVC-1DB04710DC2A","CON-6A01CCEE7047","D1011","2026-06-24","Current",false
"SVC-4E09D228C588","CON-9317E0C5DAEE","D1002","2026-06-24","Current",false
"SVC-F24CE1958EC2","CON-D56F5D49087F","D1002","2026-06-24","Current",false
"SVC-6464E1DBF889","CON-B86FD6DF2627","D1015","2026-06-24","Current",false
"SVC-DD75EE4A409D","CON-6D3FDA88E0D0","D1012","2026-06-24","Current",false
"SVC-3C4968588106","CON-331E647AA4E1","D1003","2026-06-24","Current",false
"SVC-8601D7F29BE7","CON-0D1AF0A0AFEE","D1001","2026-06-24","Current",false
"SVC-ACB2ED7020AA","CON-C4DDF5B1C5F2","D1013","2026-06-24","Current",false
"SVC-A6CF589C3EFC","CON-D7233BB521F9","D1001","2026-06-24","Current",false
"SVC-B4445A76DA0E","CON-C146E508FD5E","D1014","2026-06-24","Current",false
"SVC-BCE350BE5CF2","CON-E672C4518FCF","D1002","2026-06-24","Current",false
"SVC-4BF70DCA92D2","CON-8EB17550E2B4","D4471","2026-06-24","Current",false
"SVC-7A7968ECDD08","CON-3445E8FE6906","D1006","2026-06-24","Current",false
"SVC-9ECE65453BF8","CON-FEC0E1EB76AC","D4471","2026-06-24","Current",false
"SVC-28263ABD5897","CON-B5769135D9F8","D4471","2026-06-24","Current",false
"SVC-198D13EA7C94","CON-0322B7451A15","D1004","2026-06-24","Current",false
"SVC-FEDDDEC44C75","CON-E7A5CE66D834","D1004","2026-06-24","Current",false
"SVC-C64711C5252B","CON-099CA86E0BC6","D1005","2026-06-24","Current",false
"SVC-997F55FD53A8","CON-63374850CAED","D1003","2026-06-24","Current",false
"SVC-D7129D18DFE7","CON-D9E730057AE9","D1003","2026-06-24","Current",false
"SVC-C3CD531577E0","CON-E14654BAE95B","D1002","2026-06-24","Current",false
"SVC-B3BA658870BB","CON-4D1FBB608F99","D1007","2026-06-24","Current",false
"SVC-B020A6589506","CON-D70F4BA04482","D1005","2026-06-25","Current",false
"SVC-137131901F42","CON-50EE536957F7","D1014","2026-06-25","Current",false
"SVC-C873D304231A","CON-ED01AE13A7A1","D4471","2026-06-25","Current",false
"SVC-D4F24D39F57B","CON-847E8384EE5A","D1014","2026-06-25","Current",false
"SVC-49F55DA66B40","CON-AE5FA91C7449","D4471","2026-06-25","Current",false
"SVC-670983014E58","CON-B992475CBF6B","D4471","2026-06-25","Current",false
"SVC-924E3FE3CA89","CON-0D6B417A7173","D4471","2026-06-25","Current",false
"SVC-B25673573F66","CON-E67BA831E2D8","D1015","2026-06-25","Current",false
"SVC-9AF7B7999249","CON-E9A904F314C7","D4471","2026-06-25","Current",false
"SVC-4DF805900203","CON-7227E2527EDC","D1005","2026-06-25","Current",false
"SVC-6352ED2AE6C4","CON-1B433F232E53","D1005","2026-06-25","Current",false
"SVC-D003F0B86704","CON-29679158B612","D1005","2026-06-25","Current",false
"SVC-CB1656EA7EB1","CON-D0D37C2DED64","D1012","2026-06-25","Current",false
"SVC-FF448D7F6428","CON-C42F41AE9BD4","D4471","2026-06-25","Current",false
"SVC-60D6AAB99013","CON-EF08BF03B273","D4471","2026-06-25","Current",false
"SVC-200877B67350","CON-3969894AD829","D1011","2026-06-25","Current",false
"SVC-A4543931FD4C","CON-045D47F19663","D1011","2026-06-25","Current",false
"SVC-3BB89F3A9568","CON-17350FAC4EE6","D1006","2026-06-25","Current",false
"SVC-6985DBAB37CB","CON-F20988217743","D1011","2026-06-25","Current",false
"SVC-BA1129CE812C","CON-D872EDD588BF","D1010","2026-06-25","Current",false
"SVC-4003683EFEF1","CON-A0A30D4D9710","D1010","2026-06-25","Current",false
"SVC-E7EC4A86D267","CON-1E709DD969CE","D1004","2026-06-25","Current",false
"SVC-E2E9C2FCEC9F","CON-795A15810EDA","D1010","2026-06-25","Current",false
"SVC-CCFEE72FBE05","CON-5267BA955008","D1004","2026-06-25","Current",false
"SVC-1C5E4D249A7F","CON-573D83EBCB7C","D1008","2026-06-25","Current",false
"SVC-FBCC8773E0BE","CON-837EE818D385","D1006","2026-06-25","Current",false
"SVC-85BB604B83B3","CON-200E5EF47715","D1006","2026-06-25","Current",false
"SVC-696D5B6B3495","CON-435CD3B86230","D1008","2026-06-25","Current",false
"SVC-E1897675AE28","CON-6EBA83850456","D1001","2026-06-25","Current",false
"SVC-9A0D57B3F223","CON-3163825C6BA9","D1001","2026-06-25","Current",false
"SVC-AD46DE44E864","CON-160CC6ADEDE0","D1003","2026-06-25","Current",false
"SVC-8ECB0C5B1E44","CON-25331B921048","D1001","2026-06-25","Current",false
"SVC-3543770E5A4C","CON-AEACBEA36ACD","D1005","2026-06-25","Current",false
"SVC-08E6E0A66813","CON-305CF71F8B43","D1007","2026-06-25","Current",false
"SVC-46EFE4B3460C","CON-300F7531B841","D1007","2026-06-25","Current",false
"SVC-1D462F8202B3","CON-82C6C608F019","D1005","2026-06-25","Current",false
"SVC-B1F86965A67C","CON-A63BFFE826C7","D1008","2026-06-25","Current",false
"SVC-C3CEF8D8FAEB","CON-2EDE7F6233C2","D1007","2026-06-25","Current",false
"SVC-F4CB22CD8A65","CON-B7BB1448A177","D1012","2026-06-25","Current",false
"SVC-313A0A23C79B","CON-F758AF6B3203","D1010","2026-06-25","Current",false
"SVC-C0FAF0B4B911","CON-293A09FE317A","D1003","2026-06-25","Current",false
"SVC-BC34D2773402","CON-07C05C3B51E7","D4471","2026-06-25","Current",false
"SVC-0A233CFA3FA4","CON-4BA028B668ED","D1002","2026-06-25","Current",false
"SVC-C8DC82ED7B83","CON-0BDF5DFD0D86","D4471","2026-06-25","Current",false
"SVC-D56643806F7D","CON-8B2CC3D17146","D1002","2026-06-25","Current",false
"SVC-A0A82E66F9A9","CON-E81CEB4FC6D9","D1002","2026-06-25","Current",false
"SVC-2B861756AB3F","CON-FE3A015D8242","D1002","2026-06-25","Current",false
"SVC-321CBD64B689","CON-E5318DFE1937","D1002","2026-06-25","Current",false
"SVC-6BFE4848E837","CON-DB9CFD2F3151","D4471","2026-06-25","Current",false
"SVC-96CDE518546F","CON-4BC00ED9B93B","D1001","2026-06-25","Current",false
"SVC-102BA5C3FAEC","CON-AEAB2AC1CA0F","D1009","2026-06-25","Current",false
"SVC-236B6F49A6A7","CON-E4AB17FA8940","D1004","2026-06-25","Current",false
"SVC-B7EE6CDB89E5","CON-8FD1B25A5156","D4471","2026-06-25","Current",false
"SVC-A1E1A0EBD958","CON-65D647E98A9C","D1004","2026-06-25","Current",false
"SVC-782EC6F94E43","CON-C2D1A1CE24DB","D1010","2026-06-25","Current",false
"SVC-9785A259FCA1","CON-927DF3103F1C","D1010","2026-06-25","Current",false
"SVC-314E57127F86","CON-E6C86640903F","D1011","2026-06-25","Current",false
"SVC-90518A3E7E4F","CON-258F2AEF8384","D1001","2026-06-25","Current",false
"SVC-1C4D289CDA81","CON-26C76136B723","D1010","2026-06-25","Current",false
"SVC-8B2D462695F0","CON-13933B25889F","D1001","2026-06-25","Current",false
"SVC-42E4B564EC1B","CON-EA2CAF5321A2","D1009","2026-06-25","Current",false
"SVC-E9A6C1ADB9F6","CON-627B518E5936","D1001","2026-06-25","Current",false
"SVC-907A072A8911","CON-609F6D1B8C17","D1004","2026-06-25","Current",false
"SVC-4BDFE040CC2D","CON-247C8FA50E91","D1001","2026-06-25","Current",false
"SVC-0AE5D08646BA","CON-EA8B3A27F594","D1005","2026-06-25","Current",false
"SVC-B2569A9A8B8A","CON-6FA2BC2BD434","D1005","2026-06-25","Current",false
"SVC-645167394690","CON-67AFB63EAC36","D1002","2026-06-25","Current",false
"SVC-36D6EF4142E3","CON-52EC05FCF4FE","D1002","2026-06-25","Current",false
"SVC-BAB83188F45C","CON-DD534975835D","D4471","2026-06-25","Current",false
"SVC-5DCEE0F5D046","CON-DC6702A628C6","D1005","2026-06-25","Current",false
"SVC-3ABB726998DF","CON-EA55BF0BDAEE","D1002","2026-06-25","Current",false
"SVC-C3DCAF80A214","CON-B99D8D1FF0D7","D1004","2026-06-25","Current",false
"SVC-B5DE81A1D406","CON-24D853B3F89A","D1012","2026-06-25","Current",false
"SVC-173BD7AFEFE2","CON-EFAEA579F49D","D1006","2026-06-25","Current",false
"SVC-AD244683B5A3","CON-CF9EEF5851AE","D1012","2026-06-25","Current",false
"SVC-83C4CF7C407B","CON-56A00CF09894","D1005","2026-06-25","Current",false
"SVC-56C59BCB10CA","CON-206BD3BB0CE2","D4471","2026-06-25","Current",false
"SVC-802078075FD9","CON-8966BE12E4AB","D1001","2026-06-25","Current",false
"SVC-209212918A22","CON-993CCB4A369C","D1005","2026-06-25","Current",false
"SVC-B28186D713DD","CON-A981D8EE7B24","D1001","2026-06-25","Current",false
"SVC-6A306083E419","CON-A3CF0AB8C18E","D1004","2026-06-25","Current",false
"SVC-4875FACFBAB2","CON-C3015E18D4AC","D1015","2026-06-25","Current",false
"SVC-CA2B977CEDEB","CON-E529B4C33CEE","D1001","2026-06-25","Current",false
"SVC-8EA95B439392","CON-246EB6046B69","D1001","2026-06-25","Current",false
"SVC-11BD3673C5B4","CON-86B2846F4061","D1007","2026-06-25","Current",false
"SVC-70590290D699","CON-C101FC3C8538","D1004","2026-06-25","Current",false
"SVC-8090DC2E518B","CON-5B9CBB9C3C8A","D1008","2026-06-25","Current",false
"SVC-A25C7B8DCFB3","CON-1163255A2801","D1007","2026-06-25","Current",false
"SVC-2A107C8A3341","CON-FE6637DDD983","D1006","2026-06-25","Current",false
"SVC-7F307185675B","CON-4B3B3E8D598E","D1014","2026-06-25","Current",false
"SVC-56418D244C98","CON-1A05D4DC6DB5","D1002","2026-06-25","Current",false
"SVC-102C34120752","CON-6330BA2C4E71","D1008","2026-06-25","Current",false
"SVC-BDCBB5A8525E","CON-73DD80258BE5","D1003","2026-06-25","Current",false
"SVC-D246B6768EFF","CON-637DE13CA326","D1002","2026-06-25","Current",false
"SVC-53E0F3E8D083","CON-2DE61969AE07","D1003","2026-06-25","Current",false
"SVC-C00DB120EFD9","CON-AA77A813A60B","D1002","2026-06-25","Current",false
"SVC-A08418154B99","CON-F9EFC1DCBD32","D1005","2026-06-25","Current",false
"SVC-C4C77A38A4A8","CON-901B018BD1F0","D1004","2026-06-25","Current",false
"SVC-76AD6C7F9095","CON-6722E1B67D29","D1004","2026-06-25","Current",false
"SVC-623D1F911519","CON-4A0EE5245AA0","D1004","2026-06-25","Current",false
"SVC-FDBBB02F6D6E","CON-7419BD4D0AFF","D1004","2026-06-25","Current",false
"SVC-D886BAE1B935","CON-EF02F53295A0","D1004","2026-06-25","Current",false
"SVC-55929A3945C8","CON-248F675B278A","D1011","2026-06-25","Current",false
"SVC-453D817A954C","CON-FA47B82913AA","D1005","2026-06-25","Current",false
"SVC-33E3191A59CF","CON-5987656C2BAB","D1005","2026-06-25","Current",false
"SVC-1C57176A6C5C","CON-8CAE721B7E77","D1012","2026-06-25","Current",false
"SVC-6C86EEC84FF4","CON-E28C61DAFD99","D4471","2026-06-25","Current",false
"SVC-C08F5EB26F72","CON-1C9110C0B696","D4471","2026-06-25","Current",false
"SVC-4F0EE30F7BDC","CON-1B9D9748D03D","D1003","2026-06-25","Current",false
"SVC-A0ED4247DCDA","CON-C6F26C81C00A","D1003","2026-06-25","Current",false
"SVC-FABF23A5E32A","CON-B4702A5785B4","D1003","2026-06-25","Current",false
"SVC-0427F89232EB","CON-2B9428A339C0","D1003","2026-06-25","Current",false
"SVC-EE358C806BB7","CON-45F081570B33","D1007","2026-06-25","Current",false
"SVC-BC826BDE9F27","CON-37A527BCF9BA","D1003","2026-06-25","Current",false
"SVC-41E0657439E1","CON-CD217CAA08C8","D1001","2026-06-25","Current",false
"SVC-20AECB934E8B","CON-E68258C0FBA3","D1001","2026-06-25","30",true
"SVC-915E42AFB66F","CON-40F70EBA111D","D1013","2026-06-25","Current",false
"SVC-C56D045CB64F","CON-B26394CBF592","D1013","2026-06-25","Current",false
"SVC-C02AC25E10E6","CON-59F677B570F2","D1001","2026-06-25","Current",false
"SVC-7E26FC7FC068","CON-A1250787E6CB","D1008","2026-06-25","Current",false
"SVC-5DFF355FF53B","CON-11775BF454DB","D1006","2026-06-25","Current",false
"SVC-6AE65C75B098","CON-7D96279829D5","D1001","2026-06-25","Current",false
"SVC-E10DD535E345","CON-BFA1E2A9DC6C","D1006","2026-06-25","Current",false
"SVC-6401AC23F6D5","CON-382A8ED86F6D","D1001","2026-06-25","Current",false
"SVC-31521E25F01D","CON-0AF530BB158C","D1002","2026-06-25","Current",false
"SVC-B29C262E1E1D","CON-AED6B405DA78","D1002","2026-06-25","Current",false
"SVC-80D3C18096E7","CON-D1DF68CB8B81","D1002","2026-06-25","Current",false
"SVC-98CA1370ABDA","CON-484E6D58F781","D1002","2026-06-25","Current",false
"SVC-79A46B6D9966","CON-F14F0F2EAB52","D1001","2026-06-25","Current",false
"SVC-5130CD8B9171","CON-8B4FFCA75B50","D1002","2026-06-25","Current",false
"SVC-E8F859B3A265","CON-F5A82D480EE4","D1014","2026-06-25","Current",false
"SVC-57F503F0386D","CON-9AA0A67D4225","D1001","2026-06-25","Current",false
"SVC-C5296D58651C","CON-9EEA42710625","D1007","2026-06-25","Current",false
"SVC-0F29EBFA1234","CON-B8B57DFBBA1F","D1007","2026-06-25","Current",false
"SVC-FCFE71663936","CON-C30300797F86","D1002","2026-06-25","Current",false
"SVC-6289D804B886","CON-A47585610979","D1003","2026-06-25","Current",false
"SVC-9B91B7903FC0","CON-9E380FFFA21A","D1002","2026-06-25","Current",false
"SVC-676637CFA71D","CON-98ACFFA6464E","D1012","2026-06-25","Current",false
"SVC-3AA5BA4436E5","CON-3D2667EE3F61","D1003","2026-06-25","Current",false
"SVC-6D5632D0C8A0","CON-8534F56189E0","D1008","2026-06-25","Current",false
"SVC-EED2E0DA75CE","CON-0659EEDA3D22","D1001","2026-06-25","Current",false
"SVC-520F4FE18A2B","CON-3909D0EE23AB","D1011","2026-06-25","Current",false
"SVC-F7079FAC370C","CON-A1D638EB84F9","D1010","2026-06-25","Current",false
"SVC-AD531E36A2CC","CON-C646D04D5F6F","D1010","2026-06-25","Current",false
"SVC-B745DBB333FB","CON-25399931836C","D1007","2026-06-25","Current",false
"SVC-748F36D5FEE9","CON-D5E4C3F18D3E","D1007","2026-06-25","Current",false
"SVC-BC84FDB8A84F","CON-68F60D4DB632","D1002","2026-06-25","Current",false
"SVC-3A1BBBC7F931","CON-954846E6B387","D1006","2026-06-25","Current",false
"SVC-0392BEA33F3E","CON-B336D66096D5","D1007","2026-06-25","Current",false
"SVC-E22CD85FA7F8","CON-7A5CAD5C91F9","D4471","2026-06-25","Current",false
"SVC-D43CB0AC0428","CON-89F8F2145E20","D1003","2026-06-25","Current",false
"SVC-ECAB7E5701D2","CON-563657A6228F","D1004","2026-06-25","Current",false
"SVC-F45420E228A6","CON-79D0F86B02B3","D1001","2026-06-25","Current",false
"SVC-AB98156FDDF2","CON-203B4C51B0F3","D1001","2026-06-25","Current",false
"SVC-00AC9B4697D1","CON-4B056E06B9E5","D1005","2026-06-25","Current",false
"SVC-B2C4EBDA6A1C","CON-E6D0FDEB6164","D1004","2026-06-25","Current",false
"SVC-C300C5973156","CON-5185A755D352","D1004","2026-06-25","Current",false
"SVC-BF4B18AFEE3C","CON-426A098EE900","D1004","2026-06-25","Current",false
"SVC-D8E858B5E441","CON-8CB7CE1F4D74","D1004","2026-06-25","Current",false
"SVC-53621BB75D6F","CON-51DC8D9BA835","D1005","2026-06-25","Current",false
"SVC-1AF27E9E0B13","CON-DE5628DD7048","D1004","2026-06-25","Current",false
"SVC-3FC2F1B72EDA","CON-7B5DD8D38046","D1005","2026-06-25","Current",false
"SVC-8CF8A7672FC0","CON-C32BB9F16CEB","D1004","2026-06-25","Current",false
"SVC-50B5BA1C3B00","CON-4A4D39F1B4AB","D1005","2026-06-25","Current",false
"SVC-868EACDAC0ED","CON-11FA1255C716","D1010","2026-06-25","Current",false
"SVC-C15B746D9218","CON-218DD1624269","D1003","2026-06-25","Current",false
"SVC-0A0142AF7FCE","CON-A2F776EBC618","D1009","2026-06-25","Current",false
"SVC-AE782BE23639","CON-40EB8E9D9940","D1005","2026-06-25","Current",false
"SVC-0CBA2D77A1A4","CON-D228B1B3A12C","D1011","2026-06-25","Current",false
"SVC-27322DFEC67C","CON-561DA036A24F","D1005","2026-06-25","Current",false
"SVC-D385A1826133","CON-4A02CE0CB737","D1011","2026-06-25","Current",false
"SVC-D87DAFAECB34","CON-68DE3B41EB7A","D1006","2026-06-25","Current",false
"SVC-5047315A01A6","CON-7B64AB779413","D1001","2026-06-25","Current",false
"SVC-DB822CE23040","CON-47D00DEF05A6","D1010","2026-06-25","Current",false
"SVC-52079C17C9D3","CON-5F305F3780C3","D1001","2026-06-25","Current",false
"SVC-25DE2308D882","CON-39AE5869A0DF","D1001","2026-06-25","Current",false
"SVC-ACF2D1F687E0","CON-1907F55D9601","D1007","2026-06-25","Current",false
"SVC-E7AEE5F9FCEB","CON-979A798E4D4A","D1001","2026-06-25","Current",false
"SVC-D2A3AEBD5FF6","CON-FFC356FCE64A","D1011","2026-06-25","Current",false
"SVC-36659349AF71","CON-C42200CED3F3","D1007","2026-06-25","Current",false
"SVC-A7D5C5F3422A","CON-B539E45FB0ED","D1007","2026-06-25","Current",false
"SVC-21C1D264B02B","CON-7E663D579123","D1009","2026-06-25","Current",false
"SVC-BB5790397D26","CON-A0712B8A8049","D1002","2026-06-25","Current",false
"SVC-DF284A867151","CON-47569D2DF29F","D1013","2026-06-25","Current",false
"SVC-5761A4FA67F2","CON-C057873B2228","D1003","2026-06-25","Current",false
"SVC-828862D611FD","CON-205C65D5C1EA","D1003","2026-06-25","Current",false
"SVC-B7285F6860A4","CON-553EC7468C9E","D1008","2026-06-25","Current",false
"SVC-5BF570794429","CON-906D0588250D","D1008","2026-06-25","Current",false
"SVC-88F1AEFB8B52","CON-420BDA1D4341","D1005","2026-06-25","Current",false
"SVC-0EB98FCF3324","CON-58D97D47D609","D1011","2026-06-25","Current",false
"SVC-A8C345AC36E7","CON-7143F5A9D0B0","D1005","2026-06-25","Current",false
"SVC-BE7E081C9DBF","CON-369AC7C36F4C","D1005","2026-06-25","Current",false
"SVC-DB0629CF2087","CON-29A45C545B26","D1004","2026-06-25","Current",false
"SVC-CFA33FD22421","CON-4407760793F7","D1004","2026-06-25","Current",false
"SVC-BCC56A7E9F4A","CON-B32333A8BFDD","D1005","2026-06-25","Current",false
"SVC-9DEAAD3BDEC7","CON-DC673E836067","D1005","2026-06-25","Current",false
"SVC-887CD3B414EC","CON-536E9452CC00","D1011","2026-06-25","Current",false
"SVC-BDA9589371E5","CON-ACD4DA012CBB","D1012","2026-06-25","Current",false
"SVC-133EA6C2FB34","CON-B0B35883040C","D1012","2026-06-25","Current",false
"SVC-80BA60E55895","CON-166DCD2E2E5E","D1005","2026-06-25","Current",false
"SVC-F53A994207D1","CON-6F8D9D71C3F8","D1011","2026-06-25","Current",false
"SVC-6775B381DD6D","CON-44CD9A5A40C6","D1010","2026-06-25","Current",false
"SVC-B2C1705393CA","CON-9AB66460A762","D1002","2026-06-25","Current",false
"SVC-27C91D5692B2","CON-C5BF34828A2A","D1002","2026-06-25","Current",false
"SVC-2191B588A1DA","CON-4BBCEAA19055","D4471","2026-06-25","Current",false
"SVC-4B8B75E54B82","CON-61CD5A3A8817","D4471","2026-06-25","Current",false
"SVC-493169CA6224","CON-E5EFD53BD1EB","D1002","2026-06-25","Current",false
"SVC-FDDB11AD35CC","CON-44903420A31F","D1002","2026-06-25","Current",false
"SVC-AC10147C62E8","CON-63B4A79BF24D","D1003","2026-06-25","Current",false
"SVC-A759D597BAA4","CON-F1D7071247B3","D1014","2026-06-25","Current",false
"SVC-4B5E661CFBD3","CON-C1684A2DEC79","D1005","2026-06-25","Current",false
"SVC-051DF4F6944D","CON-725695167FD3","D1005","2026-06-25","Current",false
"SVC-1B83808CE984","CON-A902FBB316BD","D1001","2026-06-25","Current",false
"SVC-9918AD35BB15","CON-3B99ABAB0A7D","D1005","2026-06-25","Current",false
"SVC-65A24B2981B2","CON-27FDB5273606","D1001","2026-06-25","Current",false
"SVC-E428FA5E1C55","CON-A53730407367","D1006","2026-06-25","Current",false
"SVC-B828C0900E0B","CON-B3D713551E1B","D1005","2026-06-25","Current",false
"SVC-70AF2201A04D","CON-74DC6CA43C11","D1003","2026-06-25","Current",false
"SVC-FE57FD551CCF","CON-CB49D74AC97C","D1003","2026-06-25","Current",false
"SVC-612302D8EA11","CON-CF4CCC6FAF10","D1003","2026-06-25","Current",false
"SVC-31481D236CF7","CON-37D33E808504","D1003","2026-06-25","Current",false
"SVC-C66D691A642F","CON-8AF1B0A71292","D1001","2026-06-25","Current",false
"SVC-2C3345C33931","CON-DAF288C89611","D1001","2026-06-25","Current",false
"SVC-392649CC2674","CON-CADF0161696F","D1009","2026-06-25","Current",false
"SVC-67AD3088030B","CON-4BD0CB2C1AF4","D1003","2026-06-25","Current",false
"SVC-3D1AAABE9FE5","CON-69C6D61A647C","D1006","2026-06-25","Current",false
"SVC-2B95127E9FF4","CON-AEEFB14838C0","D1012","2026-06-25","Current",false
"SVC-BD48B86ED636","CON-55879319AD77","D1009","2026-06-25","Current",false
"SVC-8FEC944F1DDB","CON-42D2D9D22877","D1011","2026-06-25","Current",false
"SVC-246CA8341E2F","CON-85E36A5109BE","D1006","2026-06-25","Current",false
"SVC-15B517997576","CON-BCBB2990633A","D1004","2026-06-25","Current",false
"SVC-3FD44DF5CBCE","CON-B668F2546C5D","D1007","2026-06-25","Current",false
"SVC-8074C8B2D8E3","CON-962BF93ABBE5","D1002","2026-06-25","Current",false
"SVC-6BACEF4F24B6","CON-42905DC216CB","D1002","2026-06-25","Current",false
"SVC-556F642A4F2D","CON-8BB08B88B39F","D1001","2026-06-25","Current",false
"SVC-68246CA17512","CON-C2F5FBBDB526","D1004","2026-06-25","Current",false
"SVC-4B9821415463","CON-C66628175960","D1002","2026-06-25","Current",false
"SVC-F037FA04F20D","CON-5DFD7FE5F1A8","D1004","2026-06-25","Current",false
"SVC-65FB1B5288A4","CON-AA320818C913","D1010","2026-06-25","Current",false
"SVC-669C2170004C","CON-D12649F65CFD","D4471","2026-06-25","Current",false
"SVC-B2AA569438CC","CON-9F533FB9E2ED","D1014","2026-06-25","Current",false
"SVC-B1BBA764BE0A","CON-D36FB9B3A9F6","D1013","2026-06-25","Current",false
"SVC-9E485D54E798","CON-25A24AC49A19","D1008","2026-06-25","Current",false
"SVC-7F5AF88EAEBC","CON-44AD376B0945","D1001","2026-06-25","Current",false
"SVC-E543CE7F278A","CON-D34E3575DCF9","D1004","2026-06-25","Current",false
"SVC-0EE605DA2551","CON-6EC1E82CF4A6","D4471","2026-06-25","Current",false
"SVC-94C2A47CFE6E","CON-589DA2F71783","D1004","2026-06-25","Current",false
"SVC-6D7866122C3A","CON-C943F120A530","D1001","2026-06-25","Current",false
"SVC-1D7B34D0C8C2","CON-94013E9FD02D","D4471","2026-06-25","Current",false
"SVC-6FF322D85CFB","CON-774E346FED05","D1012","2026-06-25","Current",false
"SVC-7F86FB9AFFC6","CON-027E287DD5DD","D1004","2026-06-25","Current",false
"SVC-66DC75FE295A","CON-B2CDDC6CCF51","D1003","2026-06-25","Current",false
"SVC-10E0727B7AD9","CON-8F0F9FBA67B5","D4471","2026-06-25","Current",false
"SVC-5FECAC0FDCA2","CON-AB42F743FF68","D1005","2026-06-25","Current",false
"SVC-3CB51607721A","CON-DE2821D4A927","D1005","2026-06-25","Current",false
"SVC-5BE31706F894","CON-77B463F2DAA9","D1005","2026-06-25","Current",false
"SVC-6A255C979D98","CON-E197458B5DDF","D1005","2026-06-25","Current",false
"SVC-4BF18128D55D","CON-FAD1AAC2DDB0","D1011","2026-06-25","Current",false
"SVC-7374A0FF6A2E","CON-49A56018A3FA","D1011","2026-06-25","Current",false
"SVC-68E19546EF3B","CON-358A18251C51","D1002","2026-06-25","Current",false
"SVC-27083F7F302F","CON-02880F9ED9B5","D1001","2026-06-25","Current",false
"SVC-8FC207EB94E6","CON-C8C39B9E9B57","D1001","2026-06-25","Current",false
"SVC-4B827A6E2455","CON-C5C1AC6B36AD","D1006","2026-06-25","Current",false
"SVC-C2CDA6D900E8","CON-63CB29632CE4","D1002","2026-06-25","Current",false
"SVC-DD2C13ED2F65","CON-890A6D744D4A","D1006","2026-06-25","Current",false
"SVC-52D78E32403A","CON-634C25BDF97D","D1009","2026-06-25","Current",false
"SVC-07714C5389C6","CON-9DD08F252E32","D1014","2026-06-25","Current",false
"SVC-CE5DCB02CA9D","CON-FDDFAB4478E3","D1009","2026-06-25","Current",false
"SVC-55A4516B077B","CON-EB690687EEB3","D1008","2026-06-25","Current",false
"SVC-399CD47194AB","CON-F36ED4EA1545","D1008","2026-06-25","Current",false
"SVC-7D70549803A0","CON-DE9D692A7035","D1001","2026-06-25","Current",false
"SVC-A457AB89173D","CON-428DD89FA899","D1002","2026-06-25","Current",false
"SVC-57E6CC995EBB","CON-D6D2C9A3A96E","D1002","2026-06-25","Current",false
"SVC-83D7C841FEF4","CON-84ED66B36165","D1007","2026-06-25","Current",false
"SVC-48A329537AD1","CON-39F85867DCD6","D1010","2026-06-25","Current",false
"SVC-0DE6B91B324B","CON-DC9056A00B48","D1007","2026-06-25","Current",false
"SVC-0856458DB7CE","CON-64ADC79800A5","D1003","2026-06-25","Current",false
"SVC-43CD50383DC4","CON-10C62F51A1A6","D1003","2026-06-25","Current",false
"SVC-CF9367F892AF","CON-FF801391DA90","D1001","2026-06-25","Current",false
"SVC-F7DF1C9E8979","CON-5A8D886FAF67","D4471","2026-06-25","Current",false
"SVC-ED47ED2563D7","CON-A88C20257EBB","D1003","2026-06-25","Current",false
"SVC-723F1AA2A2F1","CON-85FE8C24AE82","D1003","2026-06-25","Current",false
"SVC-6B8B386EB54A","CON-C49229013212","D1006","2026-06-25","Current",false
"SVC-6C7D41F62692","CON-266410F9F734","D1005","2026-06-25","Current",false
"SVC-90736CD6927E","CON-4E44AE1196EF","D1005","2026-06-25","Current",false
"SVC-E4A7AA129497","CON-3F9EF3A8E340","D1005","2026-06-25","Current",false
"SVC-050211DEF6F0","CON-E4306E0F6A9B","D1009","2026-06-25","Current",false
"SVC-819458B93DDB","CON-8EC35831CBCE","D1007","2026-06-25","Current",false
"SVC-097A55FBCCFC","CON-81DFA1513B4E","D1003","2026-06-25","Current",false
"SVC-A5F0B1804EA9","CON-FCC68D33BD7D","D1002","2026-06-25","Current",false
"SVC-909665A51B25","CON-2359D39CBDB0","D1011","2026-06-25","Current",false
"SVC-9CDCCDDB58CB","CON-D806DB6582CA","D1003","2026-06-25","Current",false
"SVC-F37DD1B3FEEB","CON-47E6441C7167","D1005","2026-06-25","Current",false
"SVC-6C9A7E0F785B","CON-495AF7CB3FAA","D4471","2026-06-25","Current",false
"SVC-33E13B4ED4B2","CON-C0592FCBA578","D1003","2026-06-25","Current",false
"SVC-CBCD808CB3B4","CON-94DD1EF65D49","D1011","2026-06-25","Current",false
"SVC-43F74E2927A2","CON-C3EFF9C8C8CC","D1006","2026-06-25","Current",false
"SVC-1DD4320494AD","CON-62386C5362F7","D1002","2026-06-25","Current",false
"SVC-26F3B64D2D17","CON-3B1A089681D7","D1001","2026-06-25","Current",false
"SVC-583D38042A7D","CON-09406506FD33","D1001","2026-06-25","Current",false
"SVC-13F4FDFB7ACF","CON-1D6312F1E44A","D1002","2026-06-25","Current",false
"SVC-2A9147D30207","CON-D90C436B9417","D1001","2026-06-25","Current",false
"SVC-AB3C10A69596","CON-DA2DF72A44D5","D1001","2026-06-25","Current",false
"SVC-6E2106C991FD","CON-2B6A70077EF6","D1004","2026-06-25","Current",false
"SVC-11B01A5C4E38","CON-6BD5E5D94621","D1004","2026-06-25","Current",false
"SVC-18E1C50D80DB","CON-9F149CA6A214","D4471","2026-06-25","Current",false
"SVC-AE4C52364FEE","CON-DBB5AB031B4A","D1001","2026-06-25","Current",false
"SVC-F9E93D7F1AB8","CON-45E1299675DB","D1001","2026-06-25","Current",false
"SVC-35CBDA96A814","CON-2F6339758B95","D1001","2026-06-25","Current",false
"SVC-EE07B802E0F8","CON-563E64E6D31E","D4471","2026-06-25","Current",false
"SVC-CB0840280599","CON-EAFB2EA61818","D1010","2026-06-25","Current",false
"SVC-4FD3C1F8B99A","CON-438722C50A30","D1008","2026-06-25","Current",false
"SVC-858027239DFB","CON-7157EF45AB1C","D1005","2026-06-25","Current",false
"SVC-697DA8F00DE0","CON-821CAE09AC30","D1004","2026-06-25","Current",false
"SVC-995BA7740B1A","CON-916AF82DEAA3","D1005","2026-06-25","Current",false
"SVC-F96598F70AE2","CON-29CA477ADD43","D4471","2026-06-25","Current",false
"SVC-FBF8F1508F9F","CON-C75D2B1D07CA","D1005","2026-06-25","Current",false
"SVC-313E52E15753","CON-23D58F10ED28","D4471","2026-06-25","Current",false
"SVC-67BD546F462A","CON-CC52EE6A9896","D1004","2026-06-25","Current",false
"SVC-BD75BE7E20A5","CON-5ED92FACB000","D1011","2026-06-25","Current",false
"SVC-DE19BEFF8991","CON-267D7A21A910","D1006","2026-06-25","Current",false
"SVC-79EDB6F1FDD7","CON-B0BC5D14AD2C","D1011","2026-06-25","Current",false
"SVC-B4A03307FD88","CON-10976F5DF149","D1009","2026-06-25","Current",false
"SVC-5115A017160D","CON-B63E11E29939","D1002","2026-06-25","Current",false
"SVC-172BDB3A315B","CON-F832D63776F1","D1004","2026-06-25","Current",false
"SVC-38F8CF401D04","CON-C5D3F457973F","D1002","2026-06-25","Current",false
"SVC-92B763DB91B1","CON-CA1F6F02FC0B","D1001","2026-06-25","Current",false
"SVC-41D483D9D9CB","CON-D381A0E6A4E4","D1001","2026-06-25","Current",false
"SVC-FFD578B5EF76","CON-2FB1E5201A90","D1001","2026-06-25","Current",false
"SVC-F372C3BDD4C9","CON-6044C68DB7CF","D1001","2026-06-25","Current",false
"SVC-222B3185F791","CON-C55AB2499B52","D4471","2026-06-25","Current",false
"SVC-F3FDD9805C86","CON-EC6C0771647F","D4471","2026-06-25","Current",false
"SVC-70E73D0BC304","CON-D35FD932EDEE","D1003","2026-06-25","Current",false
"SVC-22C0933F0F3D","CON-BEE619CA6C5C","D1003","2026-06-25","Current",false
"SVC-B4A6EF53C5F7","CON-1A77189F3B2A","D1003","2026-06-25","Current",false
"SVC-860418A61A3D","CON-D5E3F0EE2478","D1015","2026-06-25","30",true
"SVC-117E6327B26C","CON-CF12D764C894","D1003","2026-06-25","Current",false
"SVC-BFB120FD81F8","CON-D3FC8AA1C26B","D4471","2026-06-25","Current",false
"SVC-25E21F0261C5","CON-CD919A2D7B06","D1001","2026-06-25","Current",false
"SVC-CF33F86B9023","CON-60D2BAE5F1E5","D1004","2026-06-25","Current",false
"SVC-54FA00E44FB8","CON-0026F981ED2E","D1002","2026-06-25","Current",false
"SVC-F8E7AFE5EBCB","CON-77F81294052C","D1007","2026-06-25","Current",false
"SVC-B8F89E2E505D","CON-4817B435F89B","D1004","2026-06-25","Current",false
"SVC-B39D682E9435","CON-A3C2A9E8951F","D4471","2026-06-25","Current",false
"SVC-5AB40F968C70","CON-58A6B382D96F","D1004","2026-06-25","Current",false
"SVC-1253C31610DD","CON-4A0BC59B5609","D1005","2026-06-25","Current",false
"SVC-EC819008EB65","CON-26EF4AAB61B6","D1004","2026-06-25","Current",false
"SVC-C3952A6AC48B","CON-767A6C9D6895","D1002","2026-06-25","Current",false
"SVC-813C6C2AF622","CON-28CAC6AE4A53","D1005","2026-06-25","Current",false
"SVC-C5169A5342F0","CON-D5C725C125E2","D1004","2026-06-25","Current",false
"SVC-F6DB3CB00D2F","CON-89F0C97F381F","D1005","2026-06-25","Current",false
"SVC-AB85CA027152","CON-876371B1C804","D1010","2026-06-25","Current",false
"SVC-67E04D72793F","CON-1B7B321271D6","D1002","2026-06-25","Current",false
"SVC-E0A03C3C34D0","CON-BA61279BD337","D1010","2026-06-25","Current",false
"SVC-9ED3C805ABAD","CON-50DAB1959E09","D1001","2026-06-25","Current",false
"SVC-79BF8304EAFE","CON-682CF0566066","D1001","2026-06-25","Current",false
"SVC-4889A4C060AA","CON-C4A6FC54FA3C","D1002","2026-06-25","Current",false
"SVC-D61BE4327964","CON-A3118AE81304","D4471","2026-06-25","Current",false
"SVC-9D77C9026670","CON-33954E40BF28","D4471","2026-06-25","Current",false
"SVC-0ABD7834678F","CON-F2876E0E7BF0","D4471","2026-06-25","Current",false
"SVC-DFE98C6C48F2","CON-E723747D16B4","D1002","2026-06-25","Current",false
"SVC-A888E40A6381","CON-C92CF1ECEE20","D1002","2026-06-25","Current",false
"SVC-5BC16CDA647B","CON-8B2074553AD6","D1001","2026-06-25","Current",false
"SVC-32548284F7E2","CON-5A94AF5342E1","D1007","2026-06-25","Current",false
"SVC-F15E496186DC","CON-64E1771FF0E5","D1003","2026-06-25","Current",false
"SVC-84BA8CE26956","CON-2104888EB112","D1007","2026-06-25","Current",false
"SVC-08E0362C20C4","CON-080AEBF05FD6","D1003","2026-06-25","Current",false
"SVC-41D95F7CC850","CON-AD6A9E058FC5","D1003","2026-06-25","Current",false
"SVC-3C5CA1F3FA2B","CON-839FC5F12DA0","D1003","2026-06-25","Current",false
"SVC-3109BD83B020","CON-0D487916EAFE","D1003","2026-06-25","Current",false
"SVC-3651CC6FAAB0","CON-9BF40021C850","D1003","2026-06-25","Current",false
"SVC-E5D8F29703A1","CON-6B4F66B113E0","D1005","2026-06-25","Current",false
"SVC-4D32331C0D94","CON-E6FC35A9E6D7","D1005","2026-06-25","Current",false
"SVC-9E174F6F23A8","CON-0E1954FD8B08","D1010","2026-06-25","Current",false
"SVC-F35D1F096E75","CON-93358F53239A","D1002","2026-06-25","Current",false
"SVC-5F5F6BFB579F","CON-6E0D06596FC5","D1002","2026-06-25","Current",false
"SVC-54900275F4F0","CON-89B109319349","D1002","2026-06-25","Current",false
"SVC-4C25A422D554","CON-934EABF270AA","D1011","2026-06-25","Current",false
"SVC-1FFEBCF8C643","CON-28AEE6509963","D1005","2026-06-25","Current",false
"SVC-2E64EAFBA3D4","CON-FC77433F2F4D","D1005","2026-06-25","Current",false
"SVC-8896913D4E28","CON-0AB93539E91F","D1002","2026-06-25","Current",false
"SVC-9542333FD7DA","CON-7D70A24C80FC","D1011","2026-06-25","Current",false
"SVC-8F8CDE9F695A","CON-81FB3FB46492","D4471","2026-06-25","Current",false
"SVC-ED3D8F5A7DE2","CON-17EDBD01356A","D1002","2026-06-25","Current",false
"SVC-B14FD6ECBF43","CON-BDB5EB4ACABD","D4471","2026-06-25","Current",false
"SVC-BDB10814793A","CON-F5E015F6FF52","D1002","2026-06-25","Current",false
"SVC-52340E869193","CON-08981F07F0BF","D1010","2026-06-25","Current",false
"SVC-BD356EB3A6CD","CON-C19D51C1542E","D4471","2026-06-25","Current",false
"SVC-9BC7A76D3F72","CON-58333D977136","D1002","2026-06-25","Current",false
"SVC-8C9EAA59D292","CON-7D4868EB8AAA","D1001","2026-06-25","Current",false
"SVC-C445E3613B8A","CON-00EE605575CD","D1001","2026-06-25","Current",false
"SVC-9D1A3D145FAE","CON-889974C8F63F","D1008","2026-06-25","Current",false
"SVC-976655867D05","CON-8D01D8D48465","D1007","2026-06-25","Current",false
"SVC-D66BB78A9D66","CON-704B2E3A607A","D1005","2026-06-25","Current",false
"SVC-5824E04DF4E3","CON-2BE5C92702F1","D1005","2026-06-25","Current",false
"SVC-BA3DCE97AA08","CON-152E0B5E3905","D1005","2026-06-25","Current",false
"SVC-C06126BAE03B","CON-B86E53AAB01F","D1005","2026-06-25","Current",false
"SVC-115D218B2EFB","CON-F096F6FFB31D","D1005","2026-06-25","Current",false
"SVC-D5EF1564BBD3","CON-AC9739CB2320","D1005","2026-06-25","Current",false
"SVC-53132CF91CE4","CON-01F3CC0D20C0","D1005","2026-06-25","Current",false
"SVC-6A0738243CD7","CON-BCA4BE2C005E","D1006","2026-06-25","Current",false
"SVC-7B045040C0AC","CON-7B14501C5D7D","D1004","2026-06-25","Current",false
"SVC-7A8CF92FADC1","CON-CA4E878623A8","D1012","2026-06-25","Current",false
"SVC-6DAC39FF8D26","CON-8EAEA59F2B3B","D1004","2026-06-25","Current",false
"SVC-3787402C5BD8","CON-9E2AAFB8F10D","D1003","2026-06-25","Current",false
"SVC-078A19A8DFBB","CON-77A4BB7E7E70","D1005","2026-06-25","Current",false
"SVC-0A6DDC5C827A","CON-8D640AF8A625","D1005","2026-06-25","Current",false
"SVC-3159C8E32191","CON-99C3A3E892FB","D1004","2026-06-25","Current",false
"SVC-F84240871B83","CON-2F9005ADCC06","D1012","2026-06-25","Current",false
"SVC-5091D76CAE87","CON-B876008EAB57","D1004","2026-06-25","Current",false
"SVC-36E89F74923D","CON-EB2ABE4AA0C8","D1006","2026-06-25","Current",false
"SVC-AE477F038943","CON-97A631D8AE47","D1009","2026-06-25","Current",false
"SVC-9585D83802E7","CON-CB546E2C91B8","D1008","2026-06-25","Current",false
"SVC-67BE637C0764","CON-BFCA8F62E8DE","D1014","2026-06-25","Current",false
"SVC-AEBE23D84645","CON-B87C36DAA92A","D1004","2026-06-25","30",true
"SVC-9ED1FACDDD5B","CON-6FD358A0F718","D1004","2026-06-25","Current",false
"SVC-55A3F2398C1C","CON-9838BA68C992","D1003","2026-06-25","Current",false
"SVC-4A3BF0A99B1A","CON-381AAF072681","D1003","2026-06-25","Current",false
"SVC-85D6D51C741D","CON-66F719997752","D1009","2026-06-25","Current",false
"SVC-37994C9C1EE8","CON-71D09098B5AF","D1013","2026-06-25","Current",false
"SVC-7040EB218662","CON-368D87D3411F","D1009","2026-06-25","Current",false
"SVC-28D507104A94","CON-8A02D35DD1DC","D1003","2026-06-25","Current",false
"SVC-2BBD0468AEC7","CON-3EA8818881F1","D1012","2026-06-25","Current",false
"SVC-2905D7578373","CON-02BAF3116AA5","D1003","2026-06-25","Current",false
"SVC-B9E3BC102896","CON-0D0A9E1F6E01","D1003","2026-06-25","Current",false
"SVC-4D1EBD7CFDA3","CON-49616D161E17","D1013","2026-06-25","Current",false
"SVC-3388180363AE","CON-70553D4F4B9C","D1001","2026-06-25","Current",false
"SVC-2DC9311C0BF7","CON-C5B04DC863CA","D1001","2026-06-25","Current",false
"SVC-55FABCB5FE6C","CON-C103EB8D4611","D1001","2026-06-25","Current",false
"SVC-407F9CDECD2F","CON-B553AB73CE1A","D1007","2026-06-25","Current",false
"SVC-DF2315DB4A7A","CON-F7381A816403","D1007","2026-06-25","Current",false
"SVC-0147560C9C86","CON-3A5F5171B9CB","D1004","2026-06-25","Current",false
"SVC-2DC7BFBD4CFE","CON-60285F6D4E57","D1004","2026-06-25","Current",false
"SVC-3C82CE1BD098","CON-CA72B565E0EA","D1004","2026-06-25","Current",false
"SVC-180B796236E1","CON-A15680E5DF00","D1004","2026-06-25","Current",false
"SVC-812A182E0038","CON-3EB90E90C556","D1004","2026-06-25","Current",false
"SVC-CBEB90844657","CON-4D95234F80A6","D1004","2026-06-25","Current",false
"SVC-5B4837ADCFAF","CON-C398D5DEFC92","D1004","2026-06-25","Current",false
"SVC-47848031D2F5","CON-362456C52324","D1010","2026-06-25","Current",false
"SVC-16298759E677","CON-A506E13517EC","D1006","2026-06-25","Current",false
"SVC-3650BD8B5B00","CON-122589E6229C","D1006","2026-06-25","Current",false
"SVC-408E201EBDA9","CON-EDC1AC26FDF1","D1008","2026-06-25","Current",false
"SVC-EDEDAA29FEA2","CON-BB65E0F6F8AA","D1008","2026-06-25","Current",false
"SVC-AAE7B84D987D","CON-D455CDB2DF3B","D1006","2026-06-25","Current",false
"SVC-357FCFD7DEAF","CON-EE37E4C7357A","D1014","2026-06-25","Current",false
"SVC-0105C2578248","CON-AF47C5D1878E","D1008","2026-06-25","90+",true
"SVC-0C32AC623091","CON-BB6E75AD7461","D1003","2026-06-25","Current",false
"SVC-FA7C1AFF6433","CON-714CF4A3D74D","D1002","2026-06-25","Current",false
"SVC-2135D290F213","CON-B0EAE925615B","D1009","2026-06-25","Current",false
"SVC-5C2A104F79A8","CON-3E3CE5F210BD","D1005","2026-06-25","Current",false
"SVC-A547EC19DE9A","CON-8D90FE0FDB0F","D1005","2026-06-25","Current",false
"SVC-A98BBC75D08C","CON-6CDFEE8D91FD","D1002","2026-06-25","Current",false
"SVC-06A85CE032C4","CON-A9092E1BA11B","D1002","2026-06-25","Current",false
"SVC-9E02C55A5BC4","CON-2EDC0EA258A1","D4471","2026-06-25","Current",false
"SVC-AEAE3AFB948C","CON-5F84171C9C79","D1001","2026-06-25","Current",false
"SVC-2F70E5C86596","CON-E657822C383F","D1002","2026-06-25","Current",false
"SVC-730D7601CD18","CON-124743C9B58D","D1012","2026-06-25","Current",false
"SVC-CC445D97B703","CON-4C9C0892120D","D1005","2026-06-25","Current",false
"SVC-CCBBE46DBA08","CON-F73B712B1605","D1001","2026-06-25","Current",false
"SVC-C9FCF671C2CC","CON-473597430F10","D1010","2026-06-25","Current",false
"SVC-86892D9170B8","CON-AD480B982F75","D1003","2026-06-25","Current",false
"SVC-1F2B3EE23B34","CON-D2DC32AF70A8","D1003","2026-06-25","Current",false
"SVC-30EE8DBB0BB2","CON-09FB1EFA272D","D1008","2026-06-25","Current",false
"SVC-A29F6A40EBC0","CON-81F9B1EAB40F","D1003","2026-06-25","Current",false
"SVC-5DE69CEB65CE","CON-6B35BA96990A","D1010","2026-06-25","Current",false
"SVC-8B7AC069D06D","CON-3E69AEB2EF0B","D1004","2026-06-25","Current",false
"SVC-93C5A81EFFA2","CON-072E6B9CA378","D1003","2026-06-25","Current",false
"SVC-036056609D79","CON-20C7DAF06B85","D1003","2026-06-25","Current",false
"SVC-1A81A68E5B70","CON-C7C65FC2CC05","D1003","2026-06-25","Current",false
"SVC-1511B85CF21C","CON-D17A1BB4B73E","D4471","2026-06-25","Current",false
"SVC-89CEA6E3E218","CON-398AD72E4E72","D1002","2026-06-25","Current",false
"SVC-0FE08C6E1BBA","CON-945F400A6F83","D1005","2026-06-25","Current",false
"SVC-9823D54CB825","CON-EDBD706BFB6A","D1005","2026-06-25","Current",false
"SVC-610D11B3515D","CON-88042B089259","D1010","2026-06-25","Current",false
"SVC-D62EB3976E77","CON-648348EC2A3D","D1002","2026-06-25","Current",false
"SVC-1CFFE2317F5F","CON-F2CC91383451","D1011","2026-06-25","Current",false
"SVC-35148AD7F0AB","CON-C4AAA44D8B07","D1011","2026-06-25","Current",false
"SVC-5EEC46D03A35","CON-450B1BB78A91","D1011","2026-06-25","Current",false
"SVC-C53EA6EC846A","CON-DD2B9358938D","D1006","2026-06-25","Current",false
"SVC-F980AE033972","CON-4D98F290DE6D","D1012","2026-06-25","Current",false
"SVC-22E8929FBF2A","CON-E7DC21A422F5","D1006","2026-06-25","Current",false
"SVC-08994CD2A734","CON-8C88EE7B530E","D1009","2026-06-25","Current",false
"SVC-D23D6100F895","CON-B6ADDAC0060F","D1002","2026-06-25","Current",false
"SVC-F33A194B4E95","CON-D03AC938E265","D1006","2026-06-25","Current",false
"SVC-27FD8B10A554","CON-420B44A39C9C","D1008","2026-06-25","Current",false
"SVC-BA8B63944CD5","CON-445919F7B9B5","D1004","2026-06-25","Current",false
"SVC-F9C0351B395A","CON-1E598126A993","D1004","2026-06-25","Current",false
"SVC-7E8E466D02C2","CON-4CF15FE06FC4","D1004","2026-06-25","Current",false
"SVC-77B1AFD4E95E","CON-9BA44125DE07","D1008","2026-06-25","Current",false
"SVC-4FDDFA553B8A","CON-BA94CA364B40","D1002","2026-06-25","Current",false
"SVC-5F0188D11DD4","CON-BB06915DB6B7","D1002","2026-06-25","Current",false
"SVC-1927D72F8AE1","CON-22491A1A21C3","D1007","2026-06-25","Current",false
"SVC-0611A0D6F88D","CON-09FD97EA41B6","D1001","2026-06-25","Current",false
"SVC-996FF5E921DF","CON-C92C35E7526D","D1009","2026-06-25","Current",false
"SVC-4B5255E245F4","CON-B504C57E9FFE","D1002","2026-06-25","Current",false
"SVC-74BAC3298ABF","CON-449EF23B8314","D1006","2026-06-25","Current",false
"SVC-BCACAB5B1617","CON-5301F5F7997B","D1006","2026-06-25","Current",false
"SVC-125ED198440A","CON-2F7DE6C963F0","D1006","2026-06-25","Current",false
"SVC-91485F0EFFD2","CON-68D47B4DA067","D1010","2026-06-25","Current",false
"SVC-892FC1990361","CON-B8CAD2ECF55D","D1009","2026-06-25","Current",false
"SVC-1A05782F8EC9","CON-E4A6F60C0DA3","D1001","2026-06-25","30",true
"SVC-FBBB58E4B0EF","CON-A04ACC85DA3E","D1010","2026-06-25","Current",false
"SVC-CA4D1261814D","CON-B3C9E07C55F4","D1001","2026-06-25","Current",false
"SVC-0CAF90578FEC","CON-C52E356CFE0D","D1001","2026-06-25","Current",false
"SVC-03C40F543873","CON-3E8C51C150B6","D1001","2026-06-25","Current",false
"SVC-01E09615E85E","CON-00FC0D132919","D1001","2026-06-25","Current",false
"SVC-17D537AF3EB1","CON-9AA768A8863B","D1002","2026-06-25","Current",false
"SVC-5E77DFDA078E","CON-250A3095947E","D1007","2026-06-25","Current",false
"SVC-A04B7D2F614B","CON-F2B22C73E80A","D1008","2026-06-25","Current",false
"SVC-35B2600DBE26","CON-157CDE6A1DE7","D1008","2026-06-25","Current",false
"SVC-89CB5FC5CFA0","CON-B38D2BBFF653","D1005","2026-06-25","Current",false
"SVC-CCF8F79E30FC","CON-41EED2F53EA2","D1004","2026-06-25","Current",false
"SVC-EDDE0F129086","CON-B24BB661A182","D1011","2026-06-25","Current",false
"SVC-FB89B9A5597C","CON-E5C7C1A9082D","D1015","2026-06-25","Current",false
"SVC-312A4F63B02D","CON-3255C8CA6FA6","D1009","2026-06-25","Current",false
"SVC-CA44C496F0D4","CON-3D4C8932FCCB","D1004","2026-06-25","Current",false
"SVC-0E9BB2267796","CON-F6B15D258BD1","D1003","2026-06-25","Current",false
"SVC-5FB219D408D8","CON-9AAE1649DB34","D1003","2026-06-25","Current",false
"SVC-6D8FB4758612","CON-6D52402C747F","D1009","2026-06-25","Current",false
"SVC-ADFE62AC5FB5","CON-6B568A418806","D1009","2026-06-25","Current",false
"SVC-A9846700AA9A","CON-845A346E49AE","D1013","2026-06-25","Current",false
"SVC-B40E7A6DE309","CON-A5732739B4EA","D1009","2026-06-25","Current",false
"SVC-3814214DC168","CON-992D97FD9F4A","D1003","2026-06-25","Current",false
"SVC-8A278F6C494B","CON-F3CFEACE3180","D1012","2026-06-25","Current",false
"SVC-11818D7E8AAC","CON-70A1BF5092D6","D1003","2026-06-25","Current",false
"SVC-AFC31261DFA0","CON-821147C86287","D1002","2026-06-25","Current",false
"SVC-82D88BF703BA","CON-385CDE70F4C4","D1005","2026-06-25","30",true
"SVC-331CB6B7E6BC","CON-24D333004655","D1005","2026-06-25","Current",false
"SVC-DE7434EACA2F","CON-E4713A050BFA","D1012","2026-06-25","Current",false
"SVC-F1FCFE313043","CON-0A74614447FE","D1005","2026-06-25","Current",false
"SVC-CCFD317DB76A","CON-8DBC8041C44C","D4471","2026-06-25","Current",false
"SVC-06C5FF72F719","CON-EF028F6EE098","D1010","2026-06-25","Current",false
"SVC-B9E988F2D3A4","CON-3266EB4225E1","D1007","2026-06-25","Current",false
"SVC-A5FEC03E0C46","CON-9D14AB823B90","D1004","2026-06-25","Current",false
"SVC-E97F59BD2EAB","CON-4FAF755172B9","D1001","2026-06-25","Current",false
"SVC-14B0676470DB","CON-AA8B2457AFF1","D1007","2026-06-25","Current",false
"SVC-0CCEEFF1E841","CON-98265267629D","D1010","2026-06-25","Current",false
"SVC-39727D389A46","CON-412473E9C7FB","D1004","2026-06-25","Current",false
"SVC-406552D79048","CON-AA1B1550A719","D1004","2026-06-25","Current",false
"SVC-335B930706C7","CON-DAEA36091F74","D1004","2026-06-25","Current",false
"SVC-43B87AC4949B","CON-2B2CB93EBE9B","D1005","2026-06-25","Current",false
"SVC-6A6F597E4B49","CON-B92B963E2314","D1004","2026-06-25","Current",false
"SVC-11D75EF0A561","CON-731FF7682776","D1001","2026-06-25","Current",false
"SVC-A58F7AABBA5F","CON-6D1F07D37C91","D1009","2026-06-25","Current",false
"SVC-1ACF88585C13","CON-7D8BAEAEBB53","D1006","2026-06-25","Current",false
"SVC-AB885461B4F0","CON-7A62DFDC7225","D1014","2026-06-25","30",true
"SVC-246C667F4619","CON-BC66AE01A71A","D1013","2026-06-25","Current",false
"SVC-18917487CAEA","CON-611258024572","D1014","2026-06-25","Current",false
"SVC-13848F92CB9D","CON-D6A224F38229","D1006","2026-06-25","Current",false
"SVC-E06B376F214F","CON-322950564D28","D1004","2026-06-25","Current",false
"SVC-FB1295E94BA0","CON-3F85B9D91E55","D1002","2026-06-25","Current",false
"SVC-34AA9E9D4743","CON-02E6E8327145","D1002","2026-06-25","Current",false
"SVC-5BAC7FB0437E","CON-7D5DB563AC5B","D1002","2026-06-25","Current",false
"SVC-3B1E01CD0DAE","CON-241528C93F05","D1010","2026-06-25","Current",false
"SVC-3A7CAE7B1640","CON-02452AF70F88","D1002","2026-06-25","Current",false
"SVC-1E2AAE75FBC3","CON-23ECE9606939","D1002","2026-06-25","Current",false
"SVC-7637C498C2E3","CON-90A93AAC6339","D1002","2026-06-25","Current",false
"SVC-5D8C034A1B9F","CON-7EA924AAB5CC","D1002","2026-06-25","Current",false
"SVC-DB0C3099576F","CON-B057D8127F25","D1002","2026-06-25","Current",false
"SVC-A11DA2D2AA86","CON-C106ADCFA44F","D1003","2026-06-25","Current",false
"SVC-2C8B55ACF718","CON-7EF6C4CF5893","D1003","2026-06-25","Current",false
"SVC-8AC9E1418B93","CON-EE0E83ED4A02","D1004","2026-06-25","Current",false
"SVC-AE18C59D081D","CON-9B9FD4348000","D4471","2026-06-25","Current",false
"SVC-E47B91A7612E","CON-FCBCD30EE13B","D4471","2026-06-25","Current",false
"SVC-91D2BBA1AC4C","CON-E830E3BC5AFF","D4471","2026-06-25","Current",false
"SVC-A6354D4B4ECD","CON-D9493E46BDBB","D1011","2026-06-25","Current",false
"SVC-39F61F9B103D","CON-4DA538440B1A","D1003","2026-06-25","Current",false
"SVC-B198710BAF47","CON-6839DA9B476C","D1003","2026-06-25","Current",false
"SVC-B9E5A181EDC6","CON-7951513BC57E","D1001","2026-06-25","Current",false
"SVC-08FC585ECBBF","CON-26ED1F3C2363","D1003","2026-06-25","Current",false
"SVC-E3D3AFC5A050","CON-ACB80E70D339","D1003","2026-06-25","Current",false
"SVC-924D8F10BCF9","CON-0C1A6479D5E4","D1003","2026-06-25","Current",false
"SVC-3B8F55D445EC","CON-98C833EE266A","D1007","2026-06-25","Current",false
"SVC-A03CE3AC1D13","CON-C9454B972C1F","D1001","2026-06-25","Current",false
"SVC-8ABE46FBE80B","CON-50334011095F","D1012","2026-06-25","Current",false
"SVC-8EA62D4755C5","CON-995246A0C7D7","D1003","2026-06-25","Current",false
"SVC-CD63163A4CE2","CON-EC6C2A9AD43B","D1009","2026-06-25","Current",false
"SVC-B1CF604F4E5F","CON-D7C4B30C0FD0","D1009","2026-06-25","Current",false
"SVC-84B3F47C273C","CON-D5F1F7569525","D1004","2026-06-25","Current",false
"SVC-23691944942A","CON-69CBEBD80360","D1003","2026-06-25","Current",false
"SVC-857525B87AD2","CON-CA16331A001F","D1008","2026-06-25","Current",false
"SVC-E9D5991010AE","CON-0A71A2FCF7C2","D1007","2026-06-25","60",true
"SVC-D3FDC482A943","CON-9CC537CC0E55","D1004","2026-06-25","Current",false
"SVC-1BB9BD7294CA","CON-BA3414B571FB","D1007","2026-06-25","Current",false
"SVC-66E701826158","CON-EBFF60E5D816","D1004","2026-06-25","Current",false
"SVC-09AA64AFECEA","CON-21593966D15D","D1007","2026-06-25","Current",false
"SVC-D1337273C73D","CON-AED277301981","D1003","2026-06-25","Current",false
"SVC-0786BFB08C5E","CON-BD19AC3B799F","D4471","2026-06-25","Current",false
"SVC-5C7053994E65","CON-127DB62A37CF","D1001","2026-06-25","Current",false
"SVC-1C7EBF8868AF","CON-5CD5DA197441","D1001","2026-06-25","Current",false
"SVC-B23FDF4546FE","CON-9DD722F68BB8","D1011","2026-06-25","Current",false
"SVC-DEAE77DEA2BB","CON-160429D1D06D","D1015","2026-06-25","Current",false
"SVC-CDDF72AB7741","CON-106E76526371","D1001","2026-06-25","Current",false
"SVC-8644559C9C6B","CON-960830DF8ECA","D1015","2026-06-25","Current",false
"SVC-85B3DB35EBCA","CON-D28E69F657BC","D4471","2026-06-25","Current",false
"SVC-7FE86C4E3E06","CON-503120A648E8","D1002","2026-06-25","Current",false
"SVC-ADEA223ECF05","CON-56E318B73DFF","D1002","2026-06-25","Current",false
"SVC-0A916BD337E3","CON-1F78FBD4453D","D1002","2026-06-25","Current",false
"SVC-9658252FB5D7","CON-0004D82848C6","D1005","2026-06-25","Current",false
"SVC-6CA6BC678762","CON-19FA4AF5BC2E","D1002","2026-06-25","Current",false
"SVC-0CCED45769C7","CON-BFB5B2A1F026","D1005","2026-06-25","Current",false
"SVC-12F12D701AC9","CON-578139C69D25","D4471","2026-06-25","Current",false
"SVC-EA7053252100","CON-861522CBEC17","D1005","2026-06-25","Current",false
"SVC-45A94B89D019","CON-EE2CF2783282","D1006","2026-06-25","Current",false
"SVC-9345E9822767","CON-804F1FA2C51E","D1002","2026-06-25","Current",false
"SVC-D066874EAE22","CON-5047DC7A332E","D1005","2026-06-25","Current",false
"SVC-6C36F07082BB","CON-EB22F36AFF89","D1004","2026-06-25","Current",false
"SVC-A05BD691C5E9","CON-A38597666A0D","D1009","2026-06-25","Current",false
"SVC-8FD82228C42F","CON-F53A8F004758","D1009","2026-06-25","Current",false
"SVC-A99CCDB35F56","CON-6CF4FF3D8665","D1003","2026-06-25","Current",false
"SVC-51B46F22E9F9","CON-E00A52E34DC3","D1004","2026-06-25","Current",false
"SVC-C8E21E772A1C","CON-CD0B9F159207","D1011","2026-06-25","Current",false
"SVC-C4F33FDD6297","CON-C717D6565D59","D1005","2026-06-25","Current",false
"SVC-83C4B1B3FC1A","CON-D6671416CAF2","D1004","2026-06-25","Current",false
"SVC-BA8E2F4C8ACB","CON-2C0B6F229D7C","D1006","2026-06-25","Current",false
"SVC-E0A113ACADFC","CON-3F9A58C0BF63","D1005","2026-06-25","Current",false
"SVC-BE31F2ED6CE5","CON-ED85580FA809","D1004","2026-06-25","Current",false
"SVC-877D7E2D6706","CON-9D4B16877CDA","D1001","2026-06-25","Current",false
"SVC-46B2B979BB33","CON-788F18526965","D1004","2026-06-25","Current",false
"SVC-65CDFB705AF7","CON-0B9FD7F1CEC6","D1004","2026-06-25","Current",false
"SVC-C54ADAEA8806","CON-B60C17C66419","D4471","2026-06-25","Current",false
"SVC-865967C82B49","CON-1303D289809E","D4471","2026-06-25","Current",false
"SVC-BC25DEB9D1D3","CON-726E4FC714ED","D1001","2026-06-25","Current",false
"SVC-99128D3EB4E1","CON-ED5B88652D2E","D1006","2026-06-25","Current",false
"SVC-8A5A2A79C247","CON-686C64158BC6","D1005","2026-06-25","Current",false
"SVC-4E1AA4B9E65E","CON-2F7F420A36D9","D1005","2026-06-25","Current",false
"SVC-A990FA0BE64C","CON-B631D53086B3","D1001","2026-06-25","Current",false
"SVC-76D20C51EE9B","CON-AB9CF2047A3C","D1012","2026-06-25","Current",false
"SVC-2AF3A3B1CCEF","CON-EA5AE4F74E71","D1005","2026-06-25","Current",false
"SVC-807838886A95","CON-4ADC6F772191","D1014","2026-06-25","Current",false
"SVC-B23562410D65","CON-F3490AD7CDFC","D1008","2026-06-25","Current",false
"SVC-E45ACFD81307","CON-69C29A35CC0E","D1002","2026-06-25","Current",false
"SVC-71B3EFD1CE9F","CON-4CFD7509F0D6","D1005","2026-06-25","Current",false
"SVC-01D1696F9E15","CON-9623D3661D6C","D1010","2026-06-25","60",true
"SVC-E1FA2F878AE9","CON-DCBDBE403A7E","D1012","2026-06-25","Current",false
"SVC-45650D3D73E1","CON-0D08D4CFA3F1","D1002","2026-06-25","Current",false
"SVC-C5A87A663A05","CON-1DE72FC71020","D1009","2026-06-25","Current",false
"SVC-22E811258E12","CON-B691B9D5785D","D1005","2026-06-25","Current",false
"SVC-3782175733EC","CON-00C0C79BC1EC","D1002","2026-06-25","30",true
"SVC-3B9B6DF81D84","CON-DA538E485CF6","D4471","2026-06-25","Current",false
"SVC-4F2088BA3D61","CON-F0D011C634CA","D1011","2026-06-25","Current",false
"SVC-D48D1F79985F","CON-A5B42598A53F","D1009","2026-06-25","Current",false
"SVC-A85437203F98","CON-F50347879373","D1003","2026-06-25","Current",false
"SVC-60E03E146CD2","CON-873EBED0B321","D1002","2026-06-25","Current",false
"SVC-5F346CAF30D7","CON-D302C4132241","D1003","2026-06-25","Current",false
"SVC-C295ECB97F9A","CON-8D36C6D614D2","D1007","2026-06-25","Current",false
"SVC-685D5115D79A","CON-99FEFD3B639A","D1002","2026-06-25","Current",false
"SVC-4F8486E4E278","CON-E2097C410629","D1004","2026-06-25","Current",false
"SVC-17985501A4A5","CON-5439DFF9AE43","D1006","2026-06-25","Current",false
"SVC-927FCFE789DE","CON-250883DC0EED","D1008","2026-06-25","Current",false
"SVC-5E7130698E75","CON-4000559A93A8","D1006","2026-06-25","Current",false
"SVC-2C077CEE014E","CON-ADA8C705B8D2","D1003","2026-06-25","Current",false
"SVC-559F37ECCD76","CON-3E3CF22F549A","D1012","2026-06-25","Current",false
"SVC-7AEFCD67CEC1","CON-2D4A9E8BCDA0","D1012","2026-06-25","Current",false
"SVC-2F738AF303C9","CON-D4CA150CB75A","D1005","2026-06-25","Current",false
"SVC-6D64031ECD6E","CON-64EA81AAEDE8","D1013","2026-06-25","Current",false
"SVC-8B81C0F574BF","CON-1AA45A218A5C","D1003","2026-06-25","30",true
"SVC-B3F3E5EB1130","CON-76CBDF6D5C0E","D1003","2026-06-25","Current",false
"SVC-EE82564ECD74","CON-8A7A6AE4E6F0","D1015","2026-06-25","Current",false
"SVC-28BA51B77D33","CON-AAF2B958084C","D1001","2026-06-25","Current",false
"SVC-BE35D624ED28","CON-A2D29FF4AB8C","D1001","2026-06-25","Current",false
"SVC-88EF3DD83FCB","CON-A6F2B7B3BB93","D1001","2026-06-25","Current",false
"SVC-17A78A641821","CON-309E40311282","D1004","2026-06-25","Current",false
"SVC-90DB7BCF63C9","CON-58150052A902","D1004","2026-06-25","Current",false
"SVC-DC554AC9C840","CON-D83D9834F0EE","D1003","2026-06-25","Current",false
"SVC-25BD3F339E4A","CON-1EF74CB6EAFC","D1004","2026-06-25","Current",false
"SVC-4DCAEB109685","CON-3CD9518488E6","D1005","2026-06-25","Current",false
"SVC-C78DE0D7BC70","CON-1935D055B77A","D1001","2026-06-25","Current",false
"SVC-576AE74BD609","CON-82AC011A28F7","D1001","2026-06-25","Current",false
"SVC-F90775413B51","CON-3BEAEA1A9AF6","D1001","2026-06-25","Current",false
"SVC-9C322AAA32BE","CON-A2ECE3CE165E","D1001","2026-06-25","Current",false
"SVC-B8080C6B08E6","CON-783FD485BE44","D1001","2026-06-25","Current",false
"SVC-B0D5E27B6213","CON-89B82CD5CCC3","D1003","2026-06-25","Current",false
"SVC-AA2ECEAB8A19","CON-E4B6AA7F283E","D1014","2026-06-25","Current",false
"SVC-D20BC3058983","CON-4D785540E210","D1001","2026-06-25","Current",false
"SVC-707434300ECD","CON-87EFA7218DA7","D1010","2026-06-25","Current",false
"SVC-A3C6036823E7","CON-65167A03D0BF","D1001","2026-06-25","Current",false
"SVC-E5E2C1CCD829","CON-9BBA4B1B4A9C","D1006","2026-06-25","Current",false
"SVC-A68EB6F377F4","CON-A9B8F2C42311","D4471","2026-06-25","Current",false
"SVC-66430D937475","CON-26D3883364F3","D4471","2026-06-25","Current",false
"SVC-60A3CA2F5921","CON-FA89464824EB","D1002","2026-06-25","Current",false
"SVC-41D0BE640902","CON-B5AEBB652E61","D1002","2026-06-25","Current",false
"SVC-71E734253D48","CON-30A52140E874","D1001","2026-06-25","Current",false
"SVC-377823C05020","CON-BDB2E63865AE","D1005","2026-06-25","Current",false
"SVC-4FDEE5102C3E","CON-F4474E716381","D1005","2026-06-25","Current",false
"SVC-395768CDD551","CON-4E591506E4F2","D1005","2026-06-25","Current",false
"SVC-6B0603885AE7","CON-3582161B88FC","D1005","2026-06-25","Current",false
"SVC-D5EF7FA33BFA","CON-0E489ED05A5D","D1005","2026-06-25","Current",false
"SVC-8161F8CFF7F8","CON-B77736661477","D1005","2026-06-25","Current",false
"SVC-A002C528D1B9","CON-C49C50501FB0","D1006","2026-06-25","Current",false
"SVC-B4834A66550A","CON-35E7FB9EEE24","D1010","2026-06-25","Current",false
"SVC-0C4A328CFB9B","CON-D4B4EBA97EB8","D1006","2026-06-25","Current",false
"SVC-CE3050098CFB","CON-7E849959F5C0","D1012","2026-06-25","Current",false
"SVC-3AF9BB1A23E7","CON-32ED660809BA","D1013","2026-06-25","Current",false
"SVC-4B92AEC93E99","CON-CDA29EB7D631","D1009","2026-06-25","Current",false
"SVC-8AE38C2130C8","CON-D864DDE55718","D1004","2026-06-25","Current",false
"SVC-FA560944C0E7","CON-3B2BF8707C35","D1004","2026-06-25","Current",false
"SVC-75F2A8948610","CON-6FC8EA469F09","D1007","2026-06-25","Current",false
"SVC-59688BDFE23B","CON-FE9E71FAB5C8","D1007","2026-06-25","Current",false
"SVC-1260EB6FB6DF","CON-6BBB634C573B","D1010","2026-06-25","Current",false
"SVC-63A9DA54F200","CON-77B9909DFBC1","D1008","2026-06-25","Current",false
"SVC-0C800FF5FD35","CON-F290DE71360B","D1001","2026-06-25","Current",false
"SVC-190EC98CE2F6","CON-249FB2E20E22","D1001","2026-06-25","Current",false
"SVC-F860ED36A256","CON-E5FA0ACBF646","D1001","2026-06-25","Current",false
"SVC-B53981489E27","CON-E15E6FEEBFEC","D1001","2026-06-25","Current",false
"SVC-C8AAA741510F","CON-44BC7C7B6083","D1009","2026-06-25","Current",false
"SVC-C87D7BA1E1A4","CON-FDE3637A6B2E","D1005","2026-06-25","Current",false
"SVC-6ACD3667C3DE","CON-64014903D05B","D1002","2026-06-25","Current",false
"SVC-9A3A8E5EA659","CON-B83A59301F5D","D1002","2026-06-25","Current",false
"SVC-D46752B22E85","CON-DA0DC0B4A1CA","D1002","2026-06-25","Current",false
"SVC-A10E294DF0C9","CON-B7F2229FE164","D4471","2026-06-25","Current",false
"SVC-36BBFE40C299","CON-598E64161573","D1003","2026-06-25","Current",false
"SVC-B724F8903FF2","CON-694F247AE84B","D1004","2026-06-25","Current",false
"SVC-50B7477551C6","CON-E6B047BE777D","D4471","2026-06-25","Current",false
"SVC-3E63477CB8CF","CON-1A0CCE46B901","D1010","2026-06-25","Current",false
"SVC-166F38C5F20E","CON-9168AA7D9421","D1003","2026-06-25","Current",false
"SVC-3B60DFECA46E","CON-BDC374AE405E","D1011","2026-06-25","60",true
"SVC-339E401316C0","CON-8DBA50148E31","D1004","2026-06-25","Current",false
"SVC-A818B0ECBC50","CON-D3C9EC95AC92","D1003","2026-06-25","Current",false
"SVC-8751DF96E3CC","CON-C6410477E7ED","D1006","2026-06-25","Current",false
"SVC-F7E5B9D2F71F","CON-E9C8C0F803F2","D1004","2026-06-25","Current",false
"SVC-1EB1237C3EEA","CON-5D156DE0F646","D1011","2026-06-25","Current",false
"SVC-30F8970FDFF7","CON-6773804EC1F6","D1015","2026-06-25","Current",false
"SVC-FD36AD404920","CON-1BEB5B94FD24","D1006","2026-06-25","Current",false
"SVC-C4C226939B7E","CON-7BE07E876145","D1005","2026-06-25","Current",false
"SVC-AE219307958B","CON-28DB8401F315","D1005","2026-06-25","Current",false
"SVC-F317E7180138","CON-27CA1ECCC23A","D1005","2026-06-25","Current",false
"SVC-1C837CA7DA38","CON-915DE038B8B4","D1011","2026-06-25","Current",false
"SVC-008A44487BEA","CON-8B907A7C0FA9","D1005","2026-06-25","Current",false
"SVC-2487C292C068","CON-801DAE7CF7D8","D1001","2026-06-25","Current",false
"SVC-048EFAAA8B4D","CON-2A168D5CE833","D1012","2026-06-25","Current",false
"SVC-90ECE5EA87DE","CON-44A707733040","D1007","2026-06-25","Current",false
"SVC-8F96C5AA5A83","CON-2B2EA28C6BF2","D1004","2026-06-25","Current",false
"SVC-B79F895AB9DE","CON-1E8BF0E28368","D1010","2026-06-25","Current",false
"SVC-3AA9950F59F8","CON-61B07976A1E6","D1004","2026-06-25","30",true
"SVC-78B73A64F3BD","CON-E7B1B302603B","D1011","2026-06-25","Current",false
"SVC-93EBAB2A5237","CON-2A0579C6AE93","D1011","2026-06-25","Current",false
"SVC-F67366D8BF84","CON-15689BB152F9","D1004","2026-06-25","Current",false
"SVC-E3EB71E7D280","CON-6DE1732FC757","D1011","2026-06-25","Current",false
"SVC-9B1088CE9F3B","CON-71A54288DCD2","D1004","2026-06-25","Current",false
"SVC-8C7C8C2B9B6F","CON-D19BD0C82B7D","D1005","2026-06-25","Current",false
"SVC-F7E008EB4212","CON-F2D4CB261FB6","D1010","2026-06-25","Current",false
"SVC-A84BC2DED7A7","CON-9671DFFC3FA5","D1004","2026-06-25","Current",false
"SVC-CC5A40DECAE2","CON-1DF56C5BFA40","D1004","2026-06-25","Current",false
"SVC-2ABAEC42473F","CON-7EBF622BBFEC","D1004","2026-06-25","Current",false
"SVC-AAAC44C48BBD","CON-4AC60ED301D8","D4471","2026-06-25","Current",false
"SVC-45E1B3FC99AF","CON-2ED71193E14D","D1001","2026-06-25","Current",false
"SVC-DE37C87DCC9F","CON-FF74F260F370","D1001","2026-06-25","Current",false
"SVC-07D37CCC9DFE","CON-580E32DFAF2C","D1015","2026-06-25","Current",false
"SVC-AD8D27C89FA3","CON-06C52076AABC","D1008","2026-06-25","Current",false
"SVC-71D0FB98F154","CON-1C6583792EBE","D1010","2026-06-25","Current",false
"SVC-D7B12C7F3603","CON-0BCAA029214E","D4471","2026-06-25","Current",false
"SVC-4D460E38C7F5","CON-1A05723F9368","D1003","2026-06-25","Current",false
"SVC-2552F2DDD659","CON-2521B5F198CA","D4471","2026-06-25","Current",false
"SVC-CF6F1F3DF39A","CON-DD1A8EE93B9C","D1007","2026-06-25","Current",false
"SVC-7FCADFD4CE65","CON-FB6D0AF86FC7","D1010","2026-06-25","Current",false
"SVC-76C91757D3A3","CON-685FED3C2E60","D4471","2026-06-25","Current",false
"SVC-201591FF3160","CON-FD72A43D398C","D1002","2026-06-25","Current",false
"SVC-46190B579BDA","CON-70D9A3C7FFEC","D1002","2026-06-25","Current",false
"SVC-FFC2809470B9","CON-6549EA200CC5","D1003","2026-06-25","Current",false
"SVC-872E3539710A","CON-C1AA3E81C46A","D1011","2026-06-25","Current",false
"SVC-3EA2964A1BC2","CON-9D7903B99D00","D1002","2026-06-25","Current",false
"SVC-3CEF3BB2C843","CON-11E4EE66348C","D1013","2026-06-25","Current",false
"SVC-01DA5670E4FA","CON-9791AECCDC6F","D1001","2026-06-25","Current",false
"SVC-92D5E15D1A7A","CON-1D7A611F32A4","D1003","2026-06-25","Current",false
"SVC-CD74CFABFB62","CON-B4DDBD0607E7","D1001","2026-06-25","Current",false
"SVC-D2F8399D434A","CON-8D0D52E04739","D1001","2026-06-25","Current",false
"SVC-B843195A8024","CON-49AF2884B7B4","D1001","2026-06-25","Current",false
"SVC-E527C7566FDE","CON-EB52055D3214","D1003","2026-06-25","Current",false
"SVC-55567516FDFD","CON-997700698AD9","D1003","2026-06-25","Current",false
"SVC-FCD4C5F62B6D","CON-E9E0124086EA","D1009","2026-06-25","Current",false
"SVC-4AC24895B127","CON-75CE2B5542A9","D1009","2026-06-25","Current",false
"SVC-44E9DF5AE9E7","CON-D75C9A09A4EA","D1009","2026-06-25","Current",false
"SVC-F0FA65BAACB3","CON-53D3A33E6800","D1009","2026-06-25","Current",false
"SVC-5A546B204741","CON-BA5D7F163677","D1012","2026-06-25","Current",false
"SVC-96FFF30F1667","CON-B249273050A6","D1007","2026-06-25","Current",false
"SVC-AF6DDE9758C2","CON-F12642654A06","D1006","2026-06-25","Current",false
"SVC-632ABE440869","CON-8781AE14C617","D1006","2026-06-25","Current",false
"SVC-4B0509101E3A","CON-D8C262A7A0D2","D1008","2026-06-25","Current",false
"SVC-20196484A7A4","CON-A6192AA2215D","D1008","2026-06-25","Current",false
"SVC-73E85834B697","CON-C3FD1410DE90","D1008","2026-06-25","Current",false
"SVC-E85BC268C9F3","CON-D5B596E9238B","D1008","2026-06-25","Current",false
"SVC-2039E734CFF9","CON-2B276396061A","D1006","2026-06-25","Current",false
"SVC-D799654F91A3","CON-7AD10925312C","D4471","2026-06-25","Current",false
"SVC-30211A9C3302","CON-8CFB05FAC61E","D4471","2026-06-25","Current",false
"SVC-3098F7D88CB3","CON-429DD7A8E6B7","D4471","2026-06-25","Current",false
"SVC-9F9E5343E438","CON-4979467F87F3","D4471","2026-06-25","Current",false
"SVC-5B857D6E634C","CON-2C2830AD3F02","D1002","2026-06-25","Current",false
"SVC-90026B3F2CA9","CON-4DCD20A23195","D1002","2026-06-25","Current",false
"SVC-05353A95222F","CON-258CA944C861","D1011","2026-06-25","Current",false
"SVC-84E97A0F1C36","CON-82DA4625ECD9","D1013","2026-06-25","Current",false
"SVC-924962C0ECF5","CON-B3845F6135A3","D1005","2026-06-25","Current",false
"SVC-0520C2E475C8","CON-2D40F70E4D5E","D1001","2026-06-25","Current",false
"SVC-9085422755F5","CON-E2E452872364","D1012","2026-06-25","Current",false
"SVC-6A5BE0F6E76B","CON-884E6E0B007A","D1005","2026-06-25","Current",false
"SVC-C862330AE836","CON-0D3284CA8644","D1005","2026-06-25","Current",false
"SVC-70A7E2A3A601","CON-7C9A5F511C54","D1005","2026-06-25","Current",false
"SVC-97A7BE307D49","CON-68B133DDA251","D1005","2026-06-25","Current",false
"SVC-C4F42532AC8C","CON-EDA26CB7CE7D","D1005","2026-06-25","Current",false
"SVC-611F0DF6FFC9","CON-F82783B48276","D1005","2026-06-25","Current",false
"SVC-361687C51366","CON-C507717A4C83","D1012","2026-06-25","Current",false
"SVC-BB7D6556EB6C","CON-210E5DC0D4E2","D1012","2026-06-25","Current",false
"SVC-05E768DDB389","CON-E84FCC054B6D","D1003","2026-06-25","Current",false
"SVC-6469DE77CD2A","CON-C1D3340BB374","D1014","2026-06-25","Current",false
"SVC-272960B47FA3","CON-319281E5266F","D1011","2026-06-25","Current",false
"SVC-2DD822CD1BEB","CON-E98138ACA775","D1011","2026-06-25","Current",false
"SVC-E8C33F60A48C","CON-906946F3B360","D4471","2026-06-25","Current",false
"SVC-A49CAEED0C1A","CON-C18B02C70868","D1003","2026-06-25","Current",false
"SVC-65B1ECED8ED7","CON-97B7A48A8B44","D1002","2026-06-25","Current",false
"SVC-5FDBDD015727","CON-CCFF681EE798","D1003","2026-06-25","Current",false
"SVC-94E0006FA5F2","CON-ED4F0E72BBF6","D1002","2026-06-25","Current",false
"SVC-7D2B95F13246","CON-89838C1989A6","D1002","2026-06-25","Current",false
"SVC-51032A5CE59A","CON-6E6ED7063E43","D1002","2026-06-25","90+",true
"SVC-5CC0F152F92A","CON-E696DD7D56E7","D1002","2026-06-25","Current",false
"SVC-0E43C641168A","CON-BCA5E2EA0648","D1002","2026-06-25","Current",false
"SVC-2CB2E2B7B710","CON-948044CAC29A","D1002","2026-06-25","Current",false
"SVC-DC6161D76AC3","CON-0A0E1F082726","D1005","2026-06-25","Current",false
"SVC-03EB60C1EA84","CON-75B8F8A93133","D4471","2026-06-25","Current",false
"SVC-1395FAA2733F","CON-9958EAEBF21D","D4471","2026-06-25","Current",false
"SVC-12FBB40E7CDA","CON-D5F4D1B87C45","D4471","2026-06-25","Current",false
"SVC-871ACBB899FD","CON-5A7C699EB5FF","D1004","2026-06-25","Current",false
"SVC-136CE95BFE28","CON-BC116C6EA14D","D1003","2026-06-25","Current",false
"SVC-D2B31D269628","CON-A8BF13313856","D1003","2026-06-25","Current",false
"SVC-BBE0590B97EA","CON-EB3313B462C1","D1004","2026-06-25","Current",false
"SVC-85E5807E8EDF","CON-21C19EE01649","D1007","2026-06-25","Current",false
"SVC-B2FFC924E22B","CON-C55D67A5C051","D1005","2026-06-25","Current",false
"SVC-A9CC315073BE","CON-C18AF1ED5726","D1005","2026-06-25","Current",false
"SVC-AA46122DB535","CON-ED15033422EA","D1009","2026-06-25","Current",false
"SVC-6F9DA9EB9AFF","CON-CE04C9217C08","D1005","2026-06-25","Current",false
"SVC-25A754B3F33E","CON-64718F1A445F","D1001","2026-06-25","30",true
"SVC-77EBFF1442CA","CON-B8A540BF5098","D1003","2026-06-25","Current",false
"SVC-CFCB3F4C06E5","CON-1640DFD018C6","D1005","2026-06-25","Current",false
"SVC-CD2FCE45DBB5","CON-647007579F45","D1005","2026-06-25","Current",false
"SVC-121755522B9A","CON-D0843F999DC8","D1003","2026-06-25","Current",false
"SVC-D0115C68AB07","CON-93ADF792B753","D1005","2026-06-25","Current",false
"SVC-71C00A502AD0","CON-75FC0A5ADED5","D1005","2026-06-25","Current",false
"SVC-00093540F0B7","CON-CD971A1D0924","D1003","2026-06-25","Current",false
"SVC-3F3E4D9C5544","CON-63FF187DC437","D1003","2026-06-25","Current",false
"SVC-11452E3E043E","CON-D803C1DC2722","D1003","2026-06-25","Current",false
"SVC-38819137689F","CON-4648CE306766","D1004","2026-06-25","Current",false
"SVC-4D9D5F4EEFEE","CON-156B96C19A62","D1010","2026-06-25","Current",false
"SVC-53346D61A3C5","CON-C78A861472BD","D1007","2026-06-25","Current",false
"SVC-8D5203C08FB8","CON-DE91AD013672","D1010","2026-06-25","Current",false
"SVC-B92CA98034DC","CON-02647BC007E0","D1004","2026-06-25","Current",false
"SVC-9B5336A0A4CA","CON-BA6A45179A2A","D1010","2026-06-25","Current",false
"SVC-556FADC20F1B","CON-50A773706E38","D1004","2026-06-25","Current",false
"SVC-F7BE08460290","CON-54BD021E17AF","D1006","2026-06-25","Current",false
"SVC-69C648B65D07","CON-35B87673DFE0","D1005","2026-06-25","Current",false
"SVC-51FD8EC900A5","CON-092C93BA083A","D1005","2026-06-25","Current",false
"SVC-D3698B1B7C60","CON-424B01F4A25E","D1005","2026-06-25","Current",false
"SVC-5FBA482BE78F","CON-847D567AAEA5","D1005","2026-06-25","Current",false
"SVC-E4D43978D527","CON-E1F287067588","D1002","2026-06-25","Current",false
"SVC-546C9902AFEF","CON-8A47F7DADA0D","D1002","2026-06-25","Current",false
"SVC-FB615AB0DCC6","CON-554BBB766FB8","D1002","2026-06-25","Current",false
"SVC-2DA72BC04E58","CON-5AD8941E8BDD","D1004","2026-06-25","Current",false
"SVC-C4D40F575CBE","CON-E61CEEA74BF6","D1001","2026-06-25","Current",false
"SVC-AA543E27627B","CON-177B2E46525C","D1003","2026-06-25","Current",false
"SVC-804A9E72556A","CON-DCA44792224A","D1003","2026-06-25","Current",false
"SVC-6A7FCA668696","CON-8091664D11B8","D1003","2026-06-25","Current",false
"SVC-5AA2DB2E6BCD","CON-338924942695","D1003","2026-06-25","Current",false
"SVC-852910E3FBF9","CON-A779ADA5E1FC","D1003","2026-06-25","Current",false
"SVC-744DFC8BB33B","CON-D727A25FFE04","D1008","2026-06-25","Current",false
"SVC-D1E9C1A26D65","CON-D8FF268CB3F3","D1008","2026-06-25","Current",false
"SVC-B3CAE1B507C5","CON-EEA4AC3D260B","D1008","2026-06-25","Current",false
"SVC-D70CF23021A2","CON-DB4AEB2C2DC3","D1007","2026-06-25","Current",false
"SVC-E25365A36E6A","CON-437CF3ADDF4D","D1004","2026-06-25","Current",false
"SVC-F46C2D113902","CON-D7A9839F36FA","D1008","2026-06-25","Current",false
"SVC-361E70F15F2E","CON-56B03FEA5796","D1004","2026-06-25","Current",false
"SVC-B8BD7E061066","CON-7799808ED6ED","D1008","2026-06-25","Current",false
"SVC-06E33A744078","CON-183D18BFED5B","D1005","2026-06-25","Current",false
"SVC-3F7954F3144F","CON-76A6C7894ADF","D1002","2026-06-25","Current",false
"SVC-888DBF6DA329","CON-9802813C943C","D1005","2026-06-25","Current",false
"SVC-2A8D1664A15D","CON-BA61C1A1124C","D1003","2026-06-25","Current",false
"SVC-2F056F3598DF","CON-337173B547A7","D1002","2026-06-25","Current",false
"SVC-3D9BD8CBE985","CON-AC3635B2195F","D1002","2026-06-25","Current",false
"SVC-2A207C1638EF","CON-6ECB5E28D17D","D1002","2026-06-25","Current",false
"SVC-64094577CC05","CON-D9158618171A","D1002","2026-06-25","Current",false
"SVC-04684D53FE62","CON-81166EC4C662","D1002","2026-06-25","Current",false
"SVC-5D7FE04652A6","CON-72F3FFE4F79A","D1002","2026-06-25","Current",false
"SVC-C01318C769FF","CON-1935094E485A","D1008","2026-06-25","Current",false
"SVC-F3E13FE3E551","CON-4DE9BBC1B757","D1003","2026-06-25","Current",false
"SVC-95B409E5AF38","CON-BBB298BDA22B","D1013","2026-06-25","Current",false
"SVC-B3582E3F9BD7","CON-67E7794528AD","D1005","2026-06-25","Current",false
"SVC-04C771C6DF2A","CON-327AF2CA15A2","D1005","2026-06-25","Current",false
"SVC-AF434E3E1A5E","CON-D919EA6209D7","D1005","2026-06-25","Current",false
"SVC-6D10E3BE8964","CON-C2D797A0EFF0","D1001","2026-06-25","Current",false
"SVC-D1E9AB23250C","CON-A4EB96CE8403","D1001","2026-06-25","Current",false
"SVC-D9C3B49858F5","CON-063DC611281C","D1001","2026-06-25","Current",false
"SVC-FDA6BCD2F2B9","CON-03C91A0A8B6E","D1011","2026-06-25","Current",false
"SVC-F4B75F06F728","CON-FC213C99C20E","D1011","2026-06-25","Current",false
"SVC-5CC571D48041","CON-9E03D9B79A4C","D1001","2026-06-25","Current",false
"SVC-5A6DB3362B47","CON-B0440569F9EB","D1001","2026-06-25","Current",false
"SVC-713009313E59","CON-670F1CDC3101","D1005","2026-06-25","Current",false
"SVC-DCA82D7AFA19","CON-BB306AE94CA8","D1009","2026-06-25","Current",false
"SVC-D968BF67A2E6","CON-D8FC83B9CC5C","D1009","2026-06-25","Current",false
"SVC-D96454ABBD5C","CON-D5813AD20F8A","D1009","2026-06-25","Current",false
"SVC-CC901D6D48D7","CON-7C6950CD617B","D1005","2026-06-25","Current",false
"SVC-6C70B6261CDF","CON-004CDCA9618C","D1007","2026-06-25","Current",false
"SVC-30C60B8CD173","CON-E7F6C5DF63F1","D1004","2026-06-25","Current",false
"SVC-66B18F02804E","CON-6C3AEF0DD0E7","D1004","2026-06-25","Current",false
"SVC-7A00EAD7ECEF","CON-0B244C99FF71","D4471","2026-06-25","Current",false
"SVC-0BB143DF6EE2","CON-86259AB2EDB1","D1014","2026-06-25","Current",false
"SVC-A8483109B09A","CON-C665F5AE7D1F","D1003","2026-06-25","Current",false
"SVC-DF1962427B41","CON-CFA8AD07DFB7","D1006","2026-06-25","Current",false
"SVC-AAC8B40A3CAA","CON-9D11E9A875FD","D4471","2026-06-25","Current",false
"SVC-95B8380000E2","CON-1637203943E4","D1004","2026-06-25","Current",false
"SVC-86E2FAAE6F6E","CON-ABA9070F3ECA","D1010","2026-06-25","Current",false
"SVC-747D42FD346F","CON-ABF1B1F4A799","D1004","2026-06-25","Current",false
"SVC-6738DA2BB772","CON-CA48556BF47E","D1006","2026-06-25","Current",false
"SVC-9C7887D79AF1","CON-D56A37C9A485","D1004","2026-06-25","Current",false
"SVC-77763803E123","CON-FB881F5B3A1C","D1006","2026-06-25","Current",false
"SVC-B19FDBAB88F4","CON-0174351E8A2F","D1004","2026-06-25","Current",false
"SVC-95173D685C92","CON-3D399D412669","D1004","2026-06-25","Current",false
"SVC-827819C7E6F4","CON-8E01510D4FFC","D4471","2026-06-25","Current",false
"SVC-9A32A9308F31","CON-DF84A0ED2A58","D1008","2026-06-25","Current",false
"SVC-F4515EF95F2D","CON-B332A34B3514","D4471","2026-06-25","Current",false
"SVC-7B97E1EE04D5","CON-2390B9B3020C","D1010","2026-06-25","Current",false
"SVC-15B445CCABE2","CON-F4171A7E04C8","D1008","2026-06-25","Current",false
"SVC-B4FBFFA59D1B","CON-AF8F33DEE7F5","D1003","2026-06-25","Current",false
"SVC-5C8453EF6C92","CON-FB6A0AAD2F55","D1002","2026-06-25","Current",false
"SVC-CB8BC2FD9545","CON-A7F72BE28380","D1013","2026-06-25","Current",false
"SVC-CEFE76369107","CON-26C2E37EA478","D1015","2026-06-25","Current",false
"SVC-D9E086DB8809","CON-0D728DF794C4","D1005","2026-06-25","Current",false
"SVC-3A0CDC3ED24D","CON-D0BC8980BFC0","D1013","2026-06-25","Current",false
"SVC-C7DAC943433A","CON-124C0686A2EF","D1004","2026-06-25","Current",false
"SVC-1824B43F5AB4","CON-F13E154F4B79","D1002","2026-06-25","Current",false
"SVC-7E01CEEDA130","CON-C822284C1C37","D1003","2026-06-25","Current",false
"SVC-AEFCC02AA502","CON-8C2062F68D38","D1003","2026-06-25","Current",false
"SVC-CF1F188417F9","CON-BA59C628C10B","D1003","2026-06-25","Current",false
"SVC-B0C41F977C93","CON-FCF8D01DB0D2","D1003","2026-06-25","Current",false
"SVC-1E9E5DCEBD66","CON-47CAFD018D00","D1012","2026-06-25","Current",false
"SVC-81B9876015F7","CON-5F867CDB0487","D1004","2026-06-25","Current",false
"SVC-8E4B6AE92816","CON-631F9C64144A","D1002","2026-06-25","Current",false
"SVC-4CC8288721CA","CON-829B68497820","D1002","2026-06-25","Current",false
"SVC-89B17AC6E34E","CON-19A4FB33D4DE","D1004","2026-06-25","Current",false
"SVC-EBEBB199EE5F","CON-D2D84A708462","D1002","2026-06-25","Current",false
"SVC-24DF188FFACB","CON-CA1716AEC9D1","D1002","2026-06-25","Current",false
"SVC-3DBAB475A0B5","CON-D77A146776CB","D1004","2026-06-25","Current",false
"SVC-7D6168615D4B","CON-C9A3E06969AF","D1003","2026-06-25","Current",false
"SVC-397408AB7AB3","CON-8E259C5FA3DE","D1004","2026-06-25","Current",false
"SVC-609D18F99845","CON-A523F69BA63D","D1004","2026-06-25","Current",false
"SVC-D3ADDF721D60","CON-5112D74BC3B9","D1004","2026-06-25","Current",false
"SVC-A20ADA865F6B","CON-26ECBD761A9F","D1006","2026-06-25","Current",false
"SVC-1C54BE1A95EB","CON-2A451136182B","D1009","2026-06-25","Current",false
"SVC-9D88D0FFA394","CON-EFA2DCF90C05","D1009","2026-06-25","Current",false
"SVC-DB523C996BE8","CON-AAC63AB37394","D1009","2026-06-25","Current",false
"SVC-96DB1D7DA122","CON-940A81011CF7","D1001","2026-06-25","Current",false
"SVC-D3F5A2EAD9E6","CON-77E91CFE6E40","D1008","2026-06-25","Current",false
"SVC-339B25A656D7","CON-1C5B33AA3025","D1008","2026-06-25","Current",false
"SVC-7EAD7FF10E2C","CON-40320820AAA3","D1008","2026-06-25","Current",false
"SVC-BC7837FBB389","CON-A5EFB6D757B2","D1007","2026-06-25","Current",false
"SVC-D201703CC988","CON-94E78CAB33D4","D1010","2026-06-25","Current",false
"SVC-A12937C1CB2C","CON-D73B3991D4D7","D1006","2026-06-25","Current",false
"SVC-2F7BC9B31BDC","CON-E11461527349","D4471","2026-06-25","Current",false
"SVC-5FFB9BAA9D90","CON-F0986EF7D191","D4471","2026-06-25","Current",false
"SVC-96FDA093BC7F","CON-D50F49EC203E","D1005","2026-06-25","Current",false
"SVC-0FE476E50F02","CON-918E36AB8A73","D1005","2026-06-25","Current",false
"SVC-A297D920F317","CON-31F4157AADD0","D1008","2026-06-25","Current",false
"SVC-FA5847C8E663","CON-5C3AC2140DD4","D1005","2026-06-25","Current",false
"SVC-5A8307E4A405","CON-4E3E2551BD5A","D1014","2026-06-25","Current",false
"SVC-37C9CF5C2737","CON-2BD17DBAF680","D1005","2026-06-25","Current",false
"SVC-84A9F3369E11","CON-192B5EA9FEC1","D1005","2026-06-25","30",true
"SVC-EDECF5498759","CON-F109E4F199C3","D4471","2026-06-25","Current",false
"SVC-FE02C719A040","CON-112A4B15E4FE","D1003","2026-06-25","Current",false
"SVC-FF94E1E864F3","CON-5246668E6BD9","D1007","2026-06-25","Current",false
"SVC-E253BBA72F48","CON-F0E9D38AFD20","D1005","2026-06-25","Current",false
"SVC-E1A7393217E7","CON-72C832E84C20","D1004","2026-06-25","Current",false
"SVC-97F060B390CB","CON-CEECB6DBDFA5","D1004","2026-06-25","Current",false
"SVC-AF6F079DEFBA","CON-2EF404A0EF8D","D1008","2026-06-25","Current",false
"SVC-D95B23114316","CON-0F0F96C51AAB","D1002","2026-06-25","Current",false
"SVC-FA61A40688A1","CON-34B78E7A6978","D1014","2026-06-25","Current",false
"SVC-07A167F85669","CON-33E24744CC7F","D4471","2026-06-25","Current",false
"SVC-05EB06CC5C00","CON-1794476EED97","D4471","2026-06-25","Current",false
"SVC-67F89D164AC2","CON-4946B334D7E9","D1005","2026-06-25","Current",false
"SVC-424C64DE460F","CON-49680F9A73E1","D1006","2026-06-25","Current",false
"SVC-85D32F49E01D","CON-1030CCF31AB5","D1003","2026-06-25","Current",false
"SVC-0063D47DFC92","CON-C019F5C52D8C","D1001","2026-06-25","Current",false
"SVC-159404D5E619","CON-AAEE490F4D39","D1005","2026-06-25","Current",false
"SVC-01B8395AE7DB","CON-5CC268E48896","D1005","2026-06-25","Current",false
"SVC-73013161436D","CON-6BE938346C9C","D1008","2026-06-25","Current",false
"SVC-BC29DDB7E3B4","CON-44D66B5DFE2B","D1010","2026-06-25","Current",false
"SVC-DA602CFEB70A","CON-8570554D728A","D4471","2026-06-25","Current",false
"SVC-E155143B4205","CON-21DD32F317DA","D1003","2026-06-25","Current",false
"SVC-FFD7943D0793","CON-FA2C6FFE30D1","D1002","2026-06-25","Current",false
"SVC-AF00476477E8","CON-9BD861A8F0AB","D1003","2026-06-25","Current",false
"SVC-2018D326AE64","CON-8B548EEB8BA1","D1006","2026-06-25","Current",false
"SVC-13C888DAA344","CON-4DE4856EACA8","D1010","2026-06-25","Current",false
"SVC-FC2093F7F1F5","CON-68A8BA09A6E2","D1014","2026-06-25","Current",false
"SVC-C09177702001","CON-24DAD343C23E","D1006","2026-06-25","Current",false
"SVC-FFBF6FB83D45","CON-1D79B2A14AF6","D1008","2026-06-25","Current",false
"SVC-4B727CBC24AC","CON-5FCA7AB20EB6","D4471","2026-06-25","Current",false
"SVC-7243B5164906","CON-DBF30CDCEDDB","D1005","2026-06-25","Current",false
"SVC-194F1C9C60ED","CON-0A0C90ECADF9","D1002","2026-06-25","Current",false
"SVC-535357CDF881","CON-F5DA7888D5C2","D1005","2026-06-25","Current",false
"SVC-7B239E6F4005","CON-5229583E511C","D1009","2026-06-25","Current",false
"SVC-AE58D5609CF8","CON-B0BE4C6F9C83","D1002","2026-06-25","Current",false
"SVC-D9CC463E74BE","CON-DA8490F67A36","D1002","2026-06-25","Current",false
"SVC-8201F6813DE3","CON-EC38C16E9BE5","D1001","2026-06-25","Current",false
"SVC-D2D24F57CBF5","CON-776FCE409343","D1001","2026-06-25","Current",false
"SVC-AF2601233432","CON-4EFD538AFDEB","D1001","2026-06-25","Current",false
"SVC-1D82C55D093D","CON-B4B6CCDAE211","D1003","2026-06-25","Current",false
"SVC-CA2DD27A898B","CON-A517EA3A048A","D1007","2026-06-25","Current",false
"SVC-AC317210E763","CON-0F01EA476170","D1004","2026-06-25","Current",false
"SVC-2ED542DBEFDA","CON-F78639F63F25","D1008","2026-06-25","Current",false
"SVC-3471405B6419","CON-ED922BB78711","D1005","2026-06-25","Current",false
"SVC-374F66DA4E9B","CON-AA9A2D1902FA","D1003","2026-06-25","Current",false
"SVC-E3D732F2AF9E","CON-BEA5B96C90E1","D1010","2026-06-25","Current",false
"SVC-989FF6493334","CON-83A9C36A8826","D1008","2026-06-25","Current",false
"SVC-ACAFAE1CCB8F","CON-8903EE32D7AA","D1008","2026-06-25","Current",false
"SVC-CD7782FD9B4E","CON-B107C6801FBB","D1001","2026-06-25","Current",false
"SVC-0E4652870111","CON-783804E4E668","D1001","2026-06-25","30",true
"SVC-DA102FE80C6A","CON-063FC9A82B36","D1011","2026-06-25","Current",false
"SVC-E20FF6B98F90","CON-88B2A5005DD9","D1003","2026-06-25","Current",false
"SVC-310B1897ABE4","CON-75A0E70BFAB3","D1002","2026-06-25","Current",false
"SVC-FE66B9BAD081","CON-8BB19C998B8B","D1004","2026-06-25","Current",false
"SVC-754C36BEA144","CON-8F99146670CE","D1002","2026-06-25","Current",false
"SVC-6D6284110ECB","CON-1F24551F2E71","D1002","2026-06-25","Current",false
"SVC-246B6D7A9FEF","CON-7C50B3AFD2ED","D1004","2026-06-25","Current",false
"SVC-0CDC2D764265","CON-51C4499D0AE7","D4471","2026-06-25","Current",false
"SVC-4028B0C20D2B","CON-F0033F6DF69D","D4471","2026-06-25","Current",false
"SVC-782C9533D087","CON-D540CA575C12","D1002","2026-06-25","Current",false
"SVC-03B5097EC143","CON-DBFBA8EC924A","D1006","2026-06-25","Current",false
"SVC-FA675804FE9A","CON-FAADFD33FB77","D1006","2026-06-25","Current",false
"SVC-6C885475C417","CON-6BE56D4BD81C","D1006","2026-06-25","Current",false
"SVC-7CC2DC98E1EE","CON-19D15072583D","D1002","2026-06-25","Current",false
"SVC-89A7D85862CD","CON-9F8EF8C598C0","D1010","2026-06-25","Current",false
"SVC-D36EC6D927D4","CON-1D244DB34569","D1005","2026-06-25","Current",false
"SVC-7B65800C9966","CON-017D250F36D7","D1007","2026-06-25","Current",false
"SVC-AB76F9C94012","CON-C243A2C8C38A","D1001","2026-06-25","Current",false
"SVC-9C33F9DD5003","CON-2ADD58C9463D","D1002","2026-06-25","Current",false
"SVC-7D864566E507","CON-DAB1AB6573CE","D1005","2026-06-25","Current",false
"SVC-BED4FBE493C0","CON-60A3CA6D1FA5","D1003","2026-06-25","Current",false
"SVC-AABAD39E423D","CON-134EB12743A0","D1005","2026-06-25","Current",false
"SVC-2A83D7B50B7A","CON-AEFA4F8D04FD","D1002","2026-06-25","Current",false
"SVC-645584B37BE1","CON-97E36BD1BFB5","D1002","2026-06-25","Current",false
"SVC-A415B49D0EF3","CON-630D5EC0AC4D","D1004","2026-06-25","Current",false
"SVC-3361FC629A27","CON-2EA8AE6C45EB","D1001","2026-06-25","Current",false
"SVC-09A6700FC346","CON-7B6B4AE50B66","D1004","2026-06-25","Current",false
"SVC-39F742DD7213","CON-9F58B1359804","D1008","2026-06-25","Current",false
"SVC-C09DDEDDCD0C","CON-44B05F828ADD","D1004","2026-06-25","Current",false
"SVC-9E91F202382B","CON-DC8B6DE8E379","D1004","2026-06-25","Current",false
"SVC-A1DAA491A86D","CON-2D59BCDBAC29","D1012","2026-06-25","Current",false
"SVC-7A7A1D097335","CON-37CAD308265D","D1004","2026-06-25","Current",false
"SVC-7FC79B326C8C","CON-B688E1300B4D","D4471","2026-06-25","Current",false
"SVC-CD058BA1ABCB","CON-1FF6BDAC43AE","D1010","2026-06-25","Current",false
"SVC-E7C933BCEC5C","CON-A41C426CA873","D1003","2026-06-25","Current",false
"SVC-D58D608AF20A","CON-C86FA93E9F62","D1003","2026-06-25","Current",false
"SVC-6A93105928B4","CON-E35FD7FA38DA","D1003","2026-06-25","Current",false
